# Blender v2.83.3 OBJ File: 'OpenGLRenderer.blend'
# www.blender.org
mtllib Cat.mtl
o Cat_husa
v 1.086492 1.547599 -2.156170
v 1.085907 1.546064 -2.160830
v 1.081988 1.551333 -2.156946
v 1.081600 1.553977 -2.152516
v 1.080483 1.556842 -2.148463
v 1.086581 1.548737 -2.152613
v 1.091973 1.539956 -2.157298
v 1.091380 1.539534 -2.161342
v 1.090085 1.539092 -2.166382
v 0.978757 1.547599 -2.252155
v 0.975213 1.548737 -2.251835
v 0.971792 1.556842 -2.245300
v 0.975689 1.553977 -2.246876
v 0.980045 1.551333 -2.247771
v 0.983453 1.546064 -2.252110
v 0.988488 1.539092 -2.256899
v 0.983332 1.539534 -2.257607
v 0.979247 1.539956 -2.257730
v 1.056214 1.456544 -2.150343
v 1.049306 1.462605 -2.151781
v 1.047640 1.458253 -2.152030
v 1.052525 1.453501 -2.150343
v 1.053969 1.446777 -2.148584
v 1.058612 1.448113 -2.148516
v 1.065216 1.449752 -2.148602
v 1.061648 1.460072 -2.150727
v 1.052108 1.470079 -2.153382
v 0.976449 1.456544 -2.221409
v 0.974358 1.448113 -2.223581
v 0.974960 1.446777 -2.218977
v 0.976874 1.453501 -2.217744
v 0.979111 1.458253 -2.213086
v 0.978672 1.462605 -2.214712
v 0.979940 1.470079 -2.217679
v 0.976205 1.460072 -2.226851
v 0.973684 1.449752 -2.230151
v 1.038489 1.464064 -2.152669
v 1.037860 1.469963 -2.153919
v 1.024181 1.467942 -2.155279
v 1.027859 1.461310 -2.154006
v 1.030411 1.457111 -2.154196
v 1.039237 1.459335 -2.152979
v 0.980797 1.464064 -2.204069
v 0.983347 1.461310 -2.193663
v 0.985035 1.467942 -2.190156
v 0.982111 1.469963 -2.203588
v 0.981020 1.459335 -2.204847
v 0.983243 1.457111 -2.196220
v 1.037849 1.476613 -2.158278
v 1.046032 1.480525 -2.161044
v 1.039935 1.489187 -2.169915
v 1.030277 1.478850 -2.161382
v 0.986443 1.476613 -2.204078
v 0.990397 1.478850 -2.196912
v 0.997763 1.489187 -2.207488
v 0.988250 1.480525 -2.212524
v 1.022972 1.479435 -2.163975
v 1.031778 1.489787 -2.172807
v 1.025600 1.489612 -2.175586
v 1.016417 1.479255 -2.166776
v 1.009820 1.468832 -2.160912
v 1.016117 1.468807 -2.158386
v 0.993812 1.479435 -2.189955
v 0.997349 1.479255 -2.183765
v 1.005045 1.489612 -2.193900
v 1.001573 1.489787 -2.199717
v 0.989049 1.468807 -2.182502
v 0.992282 1.468832 -2.176537
v 1.030278 1.499698 -2.189481
v 1.035995 1.499620 -2.185055
v 1.045665 1.507356 -2.194695
v 1.039986 1.507525 -2.199363
v 1.033498 1.507525 -2.205143
v 1.024294 1.499698 -2.194813
v 1.014872 1.489554 -2.184237
v 1.020073 1.489554 -2.179603
v 1.011091 1.479195 -2.170509
v 1.006380 1.479195 -2.174706
v 1.000540 1.468841 -2.168151
v 1.004848 1.468841 -2.164313
v 1.012569 1.458376 -2.158483
v 1.017765 1.457297 -2.157424
v 1.007182 1.458628 -2.160281
v 1.006194 1.449143 -2.161545
v 1.010567 1.448694 -2.160521
v 1.014807 1.447900 -2.160084
v 0.989553 1.458376 -2.178988
v 0.991958 1.458628 -2.173844
v 0.987904 1.457297 -2.184028
v 0.990886 1.447900 -2.181396
v 0.991807 1.448694 -2.177234
v 0.993328 1.449143 -2.173008
v 1.021512 1.454733 -2.156790
v 1.018047 1.446712 -2.159564
v 1.020624 1.445525 -2.159378
v 1.024259 1.451949 -2.156686
v 0.986843 1.454733 -2.187678
v 0.989997 1.446712 -2.184555
v 0.986424 1.451949 -2.190395
v 0.989516 1.445525 -2.187093
v 1.026454 1.450210 -2.157214
v 1.022876 1.444730 -2.159942
v 1.024812 1.445564 -2.161176
v 1.028416 1.449922 -2.158000
v 1.034497 1.453643 -2.155496
v 1.032208 1.454399 -2.154713
v 0.986696 1.450210 -2.192636
v 0.987251 1.449922 -2.194675
v 0.990821 1.445564 -2.191461
v 0.989817 1.444730 -2.189395
v 0.983550 1.454399 -2.198064
v 0.984065 1.453643 -2.200428
v 1.022005 1.439064 -2.162032
v 1.023212 1.440980 -2.162510
v 1.019347 1.439520 -2.161201
v 1.019456 1.435046 -2.162308
v 1.022126 1.435032 -2.163213
v 1.023930 1.434277 -2.164842
v 1.023348 1.436659 -2.163640
v 1.023706 1.438783 -2.163948
v 0.991994 1.439064 -2.188770
v 0.993152 1.435032 -2.189026
v 0.992561 1.435046 -2.186270
v 0.991474 1.439520 -2.186035
v 0.992330 1.440980 -2.190024
v 0.993701 1.438783 -2.190681
v 0.993437 1.436659 -2.190289
v 0.994563 1.434277 -2.191005
v 1.024060 1.442669 -2.164346
v 1.024354 1.441585 -2.165812
v 1.026582 1.446074 -2.168173
v 1.025224 1.445498 -2.164593
v 0.994055 1.442669 -2.191077
v 0.994167 1.445498 -2.192262
v 0.997567 1.446074 -2.194023
v 0.995478 1.441585 -2.191539
v 1.008350 1.440314 -2.160752
v 1.012336 1.439766 -2.160798
v 1.004545 1.440879 -2.161367
v 1.002251 1.433923 -2.160066
v 1.005745 1.433320 -2.159461
v 1.010429 1.431849 -2.160038
v 0.992292 1.440314 -2.175059
v 0.993340 1.440879 -2.171350
v 0.991879 1.439766 -2.179024
v 0.991344 1.431849 -2.177042
v 0.991309 1.433320 -2.172322
v 0.992311 1.433923 -2.168921
v 1.016063 1.439628 -2.160869
v 1.015582 1.434447 -2.161435
v 0.991521 1.439628 -2.182734
v 0.992139 1.434447 -2.182321
v 1.022735 1.433029 -2.163665
v 1.020279 1.432857 -2.162962
v 1.021300 1.431901 -2.163198
v 1.023342 1.432174 -2.163662
v 1.025167 1.432176 -2.164121
v 1.024258 1.432992 -2.164508
v 0.993532 1.433029 -2.189683
v 0.993459 1.432174 -2.190286
v 0.993233 1.431901 -2.188205
v 0.993116 1.432857 -2.187163
v 0.994194 1.432992 -2.191293
v 0.993705 1.432176 -2.192152
v 1.023460 1.431588 -2.163476
v 1.022005 1.431125 -2.163048
v 1.022776 1.430480 -2.162488
v 1.024287 1.431392 -2.163028
v 0.993260 1.431588 -2.190382
v 0.993003 1.431125 -2.188887
v 0.992720 1.431392 -2.191152
v 0.992358 1.430480 -2.189588
v 1.025220 1.431183 -2.161839
v 1.026152 1.432047 -2.162605
v 1.023546 1.429783 -2.161393
v 1.025165 1.428953 -2.159084
v 1.026996 1.430762 -2.159623
v 1.027867 1.432114 -2.161045
v 0.991432 1.431183 -2.191942
v 0.991181 1.429783 -2.190228
v 0.992086 1.432047 -2.192955
v 0.990339 1.432114 -2.194480
v 0.989027 1.430762 -2.193451
v 0.988702 1.428953 -2.191571
v 1.016624 1.432139 -2.161992
v 1.014060 1.430772 -2.161052
v 1.016133 1.430475 -2.161508
v 1.018231 1.431234 -2.162312
v 0.992573 1.432139 -2.183420
v 0.992706 1.431234 -2.185053
v 0.992148 1.430475 -2.182877
v 0.991934 1.430772 -2.180766
v 1.014879 1.428651 -2.160438
v 1.017602 1.427252 -2.160289
v 1.018158 1.428463 -2.160998
v 1.016745 1.429325 -2.161176
v 1.012954 1.427210 -2.159078
v 1.017582 1.424793 -2.158142
v 0.991230 1.428651 -2.181509
v 0.991748 1.429325 -2.183446
v 0.991409 1.428463 -2.184830
v 0.990768 1.427252 -2.184196
v 0.988638 1.424793 -2.183930
v 0.990100 1.427210 -2.179439
v 1.019443 1.430260 -2.162164
v 1.020277 1.429204 -2.161617
v 0.992419 1.430260 -2.186240
v 0.991780 1.429204 -2.187006
v 1.020749 1.428051 -2.160741
v 1.022171 1.426795 -2.158507
v 0.990856 1.428051 -2.187374
v 0.988472 1.426795 -2.188530
v 1.025858 1.425429 -2.153883
v 1.028479 1.427909 -2.154882
v 1.022884 1.422568 -2.152829
v 1.029958 1.422206 -2.147907
v 1.031965 1.425227 -2.149047
v 1.033578 1.427781 -2.150623
v 0.983455 1.425429 -2.191661
v 0.982751 1.422568 -2.188586
v 0.984147 1.427909 -2.194380
v 0.979330 1.427781 -2.198955
v 0.977950 1.425227 -2.197172
v 0.977047 1.422206 -2.195046
v 1.040652 1.427459 -2.146176
v 1.039979 1.424346 -2.144784
v 1.053527 1.429126 -2.143462
v 1.049452 1.432205 -2.145303
v 1.047380 1.433691 -2.147168
v 1.040550 1.429700 -2.148144
v 0.974099 1.427459 -2.205471
v 0.972220 1.432205 -2.214112
v 0.969923 1.429126 -2.217948
v 0.972794 1.424346 -2.204642
v 0.976065 1.429700 -2.205596
v 0.974311 1.433691 -2.212269
v 1.037377 1.419947 -2.144317
v 1.027303 1.418791 -2.147277
v 1.023970 1.415047 -2.147040
v 1.033581 1.415040 -2.144577
v 1.044837 1.414757 -2.143220
v 1.049334 1.421034 -2.142910
v 0.972628 1.419947 -2.202003
v 0.973323 1.415040 -2.198262
v 0.976875 1.415047 -2.188999
v 0.976727 1.418791 -2.192336
v 0.969857 1.421034 -2.213720
v 0.970681 1.414757 -2.209288
v 1.019953 1.419401 -2.151456
v 1.014489 1.421290 -2.155042
v 1.011432 1.417624 -2.152544
v 1.016848 1.415958 -2.150118
v 0.981723 1.419401 -2.185516
v 0.980751 1.415958 -2.182278
v 0.983784 1.417624 -2.177177
v 0.985914 1.421290 -2.180501
v 1.013356 1.412266 -2.149172
v 1.008498 1.413948 -2.150705
v 1.005720 1.410220 -2.149479
v 1.009875 1.408575 -2.148552
v 1.014602 1.406222 -2.146941
v 1.019931 1.411040 -2.147076
v 0.980213 1.412266 -2.178700
v 0.979997 1.408575 -2.175171
v 0.981396 1.410220 -2.171150
v 0.982295 1.413948 -2.174050
v 0.977375 1.411040 -2.184991
v 0.977854 1.406222 -2.179682
v 1.006804 1.405133 -2.148192
v 1.009403 1.403611 -2.147119
v 1.003135 1.406396 -2.148816
v 1.000848 1.402743 -2.148708
v 1.004509 1.402109 -2.147927
v 1.007084 1.401598 -2.147020
v 0.979993 1.405133 -2.172079
v 0.981035 1.406396 -2.168506
v 0.978628 1.403611 -2.174538
v 0.978796 1.401598 -2.172222
v 0.979993 1.402109 -2.169769
v 0.981190 1.402743 -2.166222
v 0.991498 1.403639 -2.149439
v 0.992072 1.406651 -2.148832
v 0.989415 1.406601 -2.149889
v 0.989132 1.403357 -2.150408
v 0.989332 1.400691 -2.151334
v 0.991358 1.401680 -2.150261
v 0.993757 1.401862 -2.149641
v 0.994192 1.403544 -2.148859
v 0.995399 1.405978 -2.148067
v 0.982992 1.403639 -2.157018
v 0.983824 1.401680 -2.156974
v 0.985123 1.400691 -2.155084
v 0.984226 1.403357 -2.154779
v 0.983677 1.406601 -2.155001
v 0.982323 1.406651 -2.157518
v 0.981180 1.405978 -2.160735
v 0.982105 1.403543 -2.159627
v 0.982932 1.401862 -2.159286
v 0.999752 1.408140 -2.148502
v 0.996517 1.409720 -2.148243
v 0.998429 1.405004 -2.148307
v 1.001900 1.412062 -2.149224
v 0.998343 1.413695 -2.148998
v 0.981111 1.408140 -2.165109
v 0.981070 1.405004 -2.163773
v 0.981226 1.409720 -2.161866
v 0.981767 1.413695 -2.163767
v 0.981582 1.412062 -2.167326
v 1.004256 1.415955 -2.150729
v 1.000469 1.417769 -2.150610
v 1.006941 1.419898 -2.153050
v 1.003053 1.422005 -2.153075
v 0.982806 1.415955 -2.169840
v 0.983123 1.417769 -2.166064
v 0.985275 1.422005 -2.168914
v 0.984803 1.419898 -2.172774
v 1.010074 1.423970 -2.156225
v 1.006253 1.426465 -2.156392
v 0.987596 1.423970 -2.176251
v 0.988202 1.426465 -2.172474
v 0.993290 1.410488 -2.149036
v 0.994982 1.414710 -2.150011
v 0.992123 1.415240 -2.151600
v 0.990498 1.410761 -2.150359
v 0.982385 1.410488 -2.158752
v 0.984020 1.410761 -2.156131
v 0.985066 1.415240 -2.157887
v 0.983159 1.414710 -2.160544
v 0.988567 1.410852 -2.151692
v 0.990077 1.415417 -2.153104
v 0.988436 1.415417 -2.154566
v 0.987067 1.410852 -2.153029
v 0.986329 1.406584 -2.152201
v 0.987650 1.406584 -2.151025
v 1.002573 1.427798 -2.156934
v 0.999326 1.428362 -2.157962
v 0.996382 1.423700 -2.155567
v 0.999447 1.423174 -2.154057
v 0.989163 1.427798 -2.168882
v 0.990558 1.428362 -2.165773
v 0.986665 1.423174 -2.165445
v 0.988518 1.423700 -2.162574
v 0.996975 1.418875 -2.151717
v 0.994033 1.419439 -2.153391
v 0.984624 1.418875 -2.162721
v 0.986626 1.419439 -2.159990
v 0.991900 1.419627 -2.154975
v 0.994115 1.423875 -2.157180
v 0.992248 1.423875 -2.158844
v 0.990173 1.419627 -2.156515
v 0.996799 1.428550 -2.159592
v 0.999398 1.434124 -2.161771
v 0.996866 1.434124 -2.164028
v 0.994633 1.428550 -2.161521
v 1.001359 1.441067 -2.163280
v 1.002555 1.449293 -2.163829
v 0.999285 1.449293 -2.166743
v 0.998483 1.441067 -2.165843
v 1.002861 1.458712 -2.163130
v 0.999073 1.458712 -2.166504
v 0.992710 1.395279 -2.153703
v 0.993607 1.394117 -2.154823
v 0.993562 1.395672 -2.155142
v 0.992774 1.396562 -2.153986
v 0.992009 1.398584 -2.152611
v 0.991888 1.397493 -2.152282
v 0.991363 1.397095 -2.152140
v 0.992259 1.394734 -2.153932
v 0.993743 1.392455 -2.154987
v 0.987088 1.395279 -2.158713
v 0.985770 1.397493 -2.157732
v 0.986084 1.398584 -2.157890
v 0.987361 1.396562 -2.158808
v 0.988419 1.395672 -2.159724
v 0.988097 1.394117 -2.159732
v 0.988244 1.392455 -2.159886
v 0.987367 1.394734 -2.158290
v 0.985690 1.397095 -2.157195
v 0.994920 1.394793 -2.154148
v 0.996003 1.393008 -2.153281
v 0.997607 1.394665 -2.151573
v 0.996215 1.396483 -2.152774
v 0.995679 1.398224 -2.153568
v 0.994610 1.396552 -2.154707
v 0.987276 1.394793 -2.160958
v 0.985762 1.396483 -2.162087
v 0.984409 1.394665 -2.163332
v 0.986290 1.393008 -2.161935
v 0.987866 1.396552 -2.160715
v 0.986612 1.398224 -2.161645
v 0.990797 1.399971 -2.152051
v 0.991031 1.401098 -2.152394
v 0.990510 1.404689 -2.152714
v 0.990374 1.402101 -2.152064
v 0.990185 1.400621 -2.151704
v 0.990508 1.399081 -2.151800
v 0.985667 1.399971 -2.156622
v 0.985728 1.402101 -2.156203
v 0.986358 1.404689 -2.156413
v 0.985981 1.401098 -2.156894
v 0.985451 1.399081 -2.156306
v 0.985392 1.400621 -2.155974
v 0.991179 1.394553 -2.154836
v 0.990149 1.396689 -2.153408
v 0.988619 1.396689 -2.154771
v 0.989784 1.394553 -2.156079
v 0.990939 1.391986 -2.157375
v 0.992398 1.391986 -2.156075
v 0.989079 1.398607 -2.152668
v 0.989967 1.398753 -2.151836
v 0.988165 1.400675 -2.152151
v 0.987117 1.400675 -2.153085
v 0.987778 1.398607 -2.153827
v 0.987602 1.403263 -2.151391
v 0.986490 1.403263 -2.152381
v 0.999705 1.377656 -2.164673
v 1.001284 1.377495 -2.163342
v 0.999914 1.378991 -2.161849
v 0.998374 1.379117 -2.163283
v 0.997164 1.379117 -2.164361
v 0.998443 1.377656 -2.165797
v 0.999307 1.377571 -2.166767
v 1.000464 1.377571 -2.165737
v 1.002334 1.377411 -2.164459
v 1.001841 1.382308 -2.167443
v 1.003141 1.382263 -2.166260
v 1.002703 1.381804 -2.165601
v 1.001233 1.381828 -2.166817
v 1.000184 1.381828 -2.167752
v 1.000764 1.382308 -2.168403
v 1.001521 1.382058 -2.169252
v 1.002681 1.382058 -2.168219
v 1.004358 1.382094 -2.166547
v 1.006670 1.382552 -2.165853
v 1.008154 1.383000 -2.165139
v 1.010248 1.383586 -2.162246
v 1.006957 1.382583 -2.164450
v 1.005115 1.382205 -2.167739
v 1.006568 1.383244 -2.167987
v 0.997552 1.382552 -2.173976
v 0.996126 1.382583 -2.174100
v 0.993558 1.383586 -2.177116
v 0.996673 1.383000 -2.175368
v 0.999683 1.383244 -2.174120
v 0.999604 1.382205 -2.172649
v 0.998507 1.382094 -2.171759
v 1.007492 1.382388 -2.163219
v 1.006224 1.382051 -2.163979
v 1.009547 1.382827 -2.161727
v 1.008286 1.381544 -2.161720
v 0.994841 1.382388 -2.174490
v 0.995741 1.382051 -2.173318
v 0.993261 1.381544 -2.175107
v 0.993123 1.382827 -2.176360
v 1.004883 1.382129 -2.164631
v 1.005016 1.381731 -2.163822
v 0.996544 1.382129 -2.172061
v 0.995725 1.381731 -2.172100
v 0.998362 1.382263 -2.170517
v 0.997758 1.381804 -2.170007
v 1.004240 1.380327 -2.163901
v 1.005167 1.379121 -2.163115
v 1.002255 1.379785 -2.165256
v 0.995892 1.380327 -2.171338
v 0.997467 1.379785 -2.169522
v 0.996665 1.377411 -2.169509
v 0.995005 1.379121 -2.172169
v 1.000873 1.379605 -2.166350
v 0.999793 1.379605 -2.167313
v 1.003735 1.382090 -2.169135
v 1.002443 1.382090 -2.170287
v 1.003172 1.383442 -2.171106
v 1.004578 1.383442 -2.169853
v 1.004782 1.387152 -2.170035
v 1.006389 1.387005 -2.168552
v 1.003353 1.387152 -2.171309
v 1.003639 1.392384 -2.171629
v 1.005415 1.392384 -2.170047
v 1.007293 1.391814 -2.168285
v 1.005836 1.377877 -2.162688
v 1.008120 1.378991 -2.161794
v 1.008059 1.376640 -2.161898
v 1.004507 1.376688 -2.162856
v 0.994504 1.377877 -2.172784
v 0.993353 1.378991 -2.174950
v 0.994824 1.376688 -2.171483
v 0.993464 1.376640 -2.174901
v 1.010916 1.380966 -2.161369
v 1.012226 1.380116 -2.161711
v 1.012169 1.383047 -2.161113
v 1.017054 1.384931 -2.161416
v 0.992610 1.380966 -2.177678
v 0.992798 1.380116 -2.179020
v 0.991951 1.384931 -2.183781
v 0.992212 1.383047 -2.178894
v 1.011929 1.383674 -2.161169
v 1.013436 1.384511 -2.161433
v 0.992294 1.383674 -2.178662
v 0.992383 1.384511 -2.180189
v 1.014840 1.385116 -2.161983
v 1.013930 1.384919 -2.162351
v 1.017868 1.386014 -2.163727
v 1.017658 1.385861 -2.162372
v 0.992768 1.385116 -2.181648
v 0.993239 1.384919 -2.180786
v 0.992831 1.385861 -2.184491
v 0.994153 1.386014 -2.184855
v 1.013378 1.384989 -2.162462
v 1.014849 1.385562 -2.163212
v 1.011402 1.384392 -2.162691
v 1.012341 1.385839 -2.163489
v 0.993413 1.384989 -2.180250
v 0.993988 1.385562 -2.181798
v 0.994552 1.385839 -2.179338
v 0.993867 1.384392 -2.178314
v 1.015839 1.385771 -2.164588
v 1.014969 1.386204 -2.165200
v 1.017340 1.386763 -2.167315
v 1.017768 1.385986 -2.165750
v 0.995242 1.385771 -2.182939
v 0.995950 1.386204 -2.182145
v 0.996174 1.385986 -2.184989
v 0.997778 1.386763 -2.184744
v 1.020348 1.386253 -2.167071
v 1.022082 1.386500 -2.166607
v 1.021100 1.386836 -2.168325
v 1.025280 1.387366 -2.169163
v 0.997190 1.386253 -2.187704
v 0.996529 1.386500 -2.189373
v 0.998701 1.387366 -2.192843
v 0.998349 1.386836 -2.188595
v 1.024270 1.386811 -2.166114
v 1.027130 1.387106 -2.167431
v 1.028239 1.387322 -2.165256
v 1.023035 1.386715 -2.164433
v 0.995788 1.386811 -2.191489
v 0.996767 1.387106 -2.194482
v 0.994260 1.386715 -2.190070
v 0.994480 1.387322 -2.195333
v 1.028986 1.387275 -2.168636
v 1.030342 1.387445 -2.168019
v 1.028538 1.387668 -2.169861
v 1.031287 1.388067 -2.170409
v 0.997751 1.387275 -2.196464
v 0.996982 1.387445 -2.197741
v 0.999248 1.388067 -2.198954
v 0.999020 1.387668 -2.196161
v 1.031588 1.387520 -2.167407
v 1.032804 1.387603 -2.168615
v 1.033751 1.387608 -2.166389
v 1.031386 1.387524 -2.165835
v 0.996231 1.387520 -2.198908
v 0.997292 1.387603 -2.200255
v 0.994693 1.387524 -2.198526
v 0.994971 1.387608 -2.200939
v 1.021223 1.386456 -2.163151
v 1.023144 1.386658 -2.163037
v 0.993195 1.386456 -2.188122
v 0.992861 1.386658 -2.190018
v 1.033253 1.390052 -2.171614
v 1.034184 1.391211 -2.172042
v 1.036387 1.388480 -2.172241
v 1.033786 1.388447 -2.171288
v 1.031496 1.390831 -2.171059
v 1.031581 1.394528 -2.170846
v 1.000219 1.390052 -2.201045
v 0.999834 1.388447 -2.201537
v 1.000481 1.388480 -2.204231
v 1.000537 1.391211 -2.202019
v 0.999649 1.394528 -2.199296
v 0.999870 1.390831 -2.199236
v 1.029203 1.391538 -2.170455
v 1.028073 1.390243 -2.170146
v 1.024768 1.392783 -2.169051
v 1.027842 1.393741 -2.169795
v 0.999533 1.391538 -2.196889
v 0.999034 1.393741 -2.195461
v 0.998648 1.392783 -2.192322
v 0.999356 1.390243 -2.195731
v 1.027313 1.389069 -2.170001
v 1.025090 1.389891 -2.169466
v 0.999300 1.389069 -2.194959
v 0.999024 1.389891 -2.192689
v 1.022802 1.390777 -2.168794
v 1.021920 1.389663 -2.168591
v 1.018952 1.392379 -2.167445
v 1.021685 1.393005 -2.168073
v 0.998619 1.390777 -2.190340
v 0.998031 1.393005 -2.189147
v 0.997722 1.392379 -2.186359
v 0.998519 1.389663 -2.189440
v 1.020553 1.388425 -2.168386
v 1.017991 1.389273 -2.167778
v 0.998472 1.388425 -2.188059
v 0.998163 1.389273 -2.185443
v 1.015910 1.390234 -2.167444
v 1.014886 1.389038 -2.167070
v 1.013082 1.392665 -2.166833
v 1.016012 1.392665 -2.167021
v 0.998071 1.390234 -2.183338
v 0.997638 1.392665 -2.183390
v 0.997789 1.392665 -2.180458
v 0.997817 1.389038 -2.182278
v 1.014067 1.387828 -2.165816
v 1.012311 1.388847 -2.165338
v 0.996665 1.387828 -2.181320
v 0.996392 1.388847 -2.179521
v 1.010313 1.389901 -2.166057
v 1.009344 1.388475 -2.165957
v 1.009907 1.392625 -2.167323
v 0.997336 1.389901 -2.177619
v 0.998641 1.392625 -2.177361
v 0.999897 1.391814 -2.174875
v 0.997348 1.388475 -2.176644
v 1.008352 1.386566 -2.166650
v 1.009244 1.384483 -2.165547
v 0.998151 1.386566 -2.175739
v 0.996953 1.384483 -2.176498
v 1.000266 1.387005 -2.174008
v 1.009644 1.383711 -2.164283
v 0.995651 1.383711 -2.176750
v 1.033965 1.387828 -2.169932
v 1.035081 1.387917 -2.169300
v 0.998466 1.387828 -2.201560
v 0.997710 1.387917 -2.202596
v 1.036159 1.387842 -2.168407
v 1.037166 1.387793 -2.169511
v 1.037992 1.387316 -2.166556
v 1.035972 1.387643 -2.166598
v 0.996699 1.387842 -2.203563
v 0.997679 1.387793 -2.204691
v 0.994923 1.387644 -2.203170
v 0.994650 1.387316 -2.205172
v 1.037999 1.387378 -2.170600
v 1.038647 1.386811 -2.169592
v 1.038469 1.387045 -2.172338
v 1.038902 1.385702 -2.172262
v 0.998667 1.387378 -2.205643
v 0.997591 1.386811 -2.206171
v 1.000213 1.385702 -2.206731
v 1.000338 1.387045 -2.206310
v 1.038825 1.386151 -2.168640
v 1.038561 1.385435 -2.169640
v 1.037948 1.384760 -2.167256
v 1.038571 1.385977 -2.166926
v 0.996624 1.386151 -2.206239
v 0.997648 1.385435 -2.206092
v 0.994951 1.385977 -2.205789
v 0.995350 1.384760 -2.205208
v 1.037220 1.384665 -2.170362
v 1.036067 1.384022 -2.169170
v 1.036357 1.384163 -2.171843
v 1.032742 1.382483 -2.171107
v 0.998519 1.384665 -2.204842
v 0.997468 1.384022 -2.203560
v 0.999774 1.382483 -2.200480
v 1.000089 1.384163 -2.204155
v 1.034876 1.383613 -2.168001
v 1.032314 1.382863 -2.168597
v 1.031802 1.382815 -2.166083
v 1.035644 1.383843 -2.166540
v 0.996443 1.383613 -2.202243
v 0.997329 1.382863 -2.199766
v 0.994904 1.383843 -2.202837
v 0.994891 1.382815 -2.198968
v 1.028461 1.381740 -2.169175
v 1.025960 1.380933 -2.168126
v 1.026615 1.380641 -2.170465
v 1.020219 1.378756 -2.169950
v 0.998347 1.381740 -2.196005
v 0.997593 1.380933 -2.193399
v 1.000064 1.378756 -2.187907
v 0.999840 1.380641 -2.194319
v 1.023454 1.379843 -2.167332
v 1.019495 1.378688 -2.168020
v 1.018988 1.378213 -2.166080
v 1.025502 1.380516 -2.166020
v 0.997092 1.379843 -2.190819
v 0.998231 1.378688 -2.186966
v 0.995553 1.380516 -2.192703
v 0.996362 1.378213 -2.186239
v 1.016623 1.378408 -2.168436
v 1.015019 1.378104 -2.167515
v 1.015837 1.378129 -2.169472
v 1.012361 1.378009 -2.169168
v 0.998974 1.378408 -2.184161
v 0.998243 1.378104 -2.182461
v 1.000190 1.378009 -2.180011
v 1.000093 1.378129 -2.183498
v 1.038471 1.385490 -2.165911
v 1.038399 1.385911 -2.165418
v 1.038034 1.384606 -2.165742
v 1.038030 1.384447 -2.164548
v 0.993954 1.385490 -2.205573
v 0.993472 1.385911 -2.205445
v 0.992650 1.384447 -2.204979
v 0.993837 1.384606 -2.205120
v 1.036531 1.383990 -2.165685
v 1.035434 1.383827 -2.165136
v 0.993953 1.383990 -2.203620
v 0.993533 1.383827 -2.202467
v 1.036357 1.384435 -2.163753
v 1.035287 1.384542 -2.163315
v 1.037812 1.384013 -2.163056
v 1.037977 1.384258 -2.163688
v 1.035298 1.384438 -2.164113
v 1.031389 1.384196 -2.163728
v 0.992053 1.384435 -2.203225
v 0.991802 1.384258 -2.204827
v 0.991193 1.384013 -2.204590
v 0.991741 1.384542 -2.202112
v 0.992600 1.384196 -2.198287
v 0.992532 1.384438 -2.202214
v 1.034323 1.384086 -2.164595
v 1.031632 1.383489 -2.164717
v 0.993124 1.384086 -2.201301
v 0.993554 1.383489 -2.198642
v 1.027660 1.381812 -2.165067
v 1.025238 1.381151 -2.164804
v 0.994359 1.381812 -2.194737
v 0.994375 1.381151 -2.192301
v 1.010147 1.374839 -2.172778
v 1.012963 1.375196 -2.170757
v 1.015721 1.372765 -2.172142
v 1.012741 1.372800 -2.175159
v 1.009420 1.372800 -2.178118
v 1.007090 1.374839 -2.175503
v 1.005851 1.377614 -2.174113
v 1.008862 1.377614 -2.171430
v 1.015292 1.376265 -2.170141
v 1.016984 1.375234 -2.170568
v 1.000821 1.376265 -2.183034
v 1.001700 1.375196 -2.180791
v 1.002759 1.372765 -2.183690
v 1.001050 1.375234 -2.184764
v 1.018735 1.374596 -2.170702
v 1.021392 1.376517 -2.170634
v 1.023533 1.375146 -2.171700
v 1.019418 1.373369 -2.171766
v 1.000982 1.374596 -2.186518
v 1.000609 1.376517 -2.189150
v 1.001960 1.373369 -2.187320
v 1.001422 1.375146 -2.191400
v 1.025073 1.378635 -2.170840
v 1.027588 1.378499 -2.171265
v 1.000391 1.378635 -2.192831
v 1.000524 1.378499 -2.195378
v 1.029527 1.378572 -2.172017
v 1.032769 1.380825 -2.172526
v 1.034595 1.379865 -2.175113
v 1.028245 1.377020 -2.173006
v 1.001047 1.378572 -2.197391
v 1.001180 1.380825 -2.200670
v 1.002177 1.377020 -2.196231
v 1.003540 1.379865 -2.202781
v 1.035259 1.382728 -2.172714
v 1.036650 1.382718 -2.173257
v 1.001081 1.382728 -2.203165
v 1.001461 1.382718 -2.204609
v 1.039023 1.383031 -2.173701
v 1.040855 1.384847 -2.173567
v 1.045221 1.385278 -2.175907
v 1.041054 1.382468 -2.176125
v 1.001629 1.383031 -2.207017
v 1.001285 1.384847 -2.208822
v 1.003803 1.382468 -2.209313
v 1.003107 1.385278 -2.213428
v 1.040157 1.386194 -2.173310
v 1.040216 1.386823 -2.173551
v 1.001110 1.386194 -2.208099
v 1.001343 1.386823 -2.208185
v 1.039725 1.388701 -2.173733
v 1.037391 1.390738 -2.173273
v 1.039384 1.394688 -2.174580
v 1.042264 1.389724 -2.174975
v 1.001580 1.388701 -2.207718
v 1.001391 1.390738 -2.205347
v 1.002522 1.389724 -2.210383
v 1.002460 1.394688 -2.207477
v 1.035418 1.392125 -2.172648
v 1.034906 1.394621 -2.172230
v 1.000997 1.392125 -2.203315
v 1.000640 1.394621 -2.202758
v 1.007321 1.378168 -2.169651
v 1.010271 1.378103 -2.167543
v 1.004285 1.378168 -2.172355
v 1.002828 1.377994 -2.170719
v 1.005914 1.377994 -2.167969
v 1.009650 1.377897 -2.165564
v 1.013050 1.377906 -2.166630
v 1.013806 1.377704 -2.165653
v 0.997591 1.377906 -2.180403
v 0.998817 1.378103 -2.177747
v 0.996533 1.377704 -2.181042
v 0.996922 1.377897 -2.176903
v 1.014989 1.377915 -2.165085
v 1.013220 1.378229 -2.164639
v 1.018260 1.379095 -2.164271
v 1.018495 1.378608 -2.165018
v 0.995833 1.377915 -2.182152
v 0.995363 1.378608 -2.185627
v 0.994649 1.379095 -2.185308
v 0.995593 1.378229 -2.180344
v 1.005033 1.378581 -2.166916
v 1.008174 1.378595 -2.164851
v 1.001915 1.378581 -2.169694
v 1.001363 1.379143 -2.169075
v 1.004520 1.379143 -2.166262
v 1.008525 1.378994 -2.164019
v 1.011362 1.378637 -2.164213
v 1.012818 1.378725 -2.164019
v 0.995383 1.378637 -2.178448
v 0.996385 1.378595 -2.175355
v 0.995023 1.378725 -2.179873
v 0.995517 1.378994 -2.175608
v 1.014572 1.377965 -2.164121
v 1.012898 1.377726 -2.163898
v 1.018221 1.376245 -2.164267
v 1.018346 1.378005 -2.164175
v 0.994923 1.377965 -2.181627
v 0.994543 1.378005 -2.185382
v 0.994649 1.376245 -2.185268
v 0.994895 1.377726 -2.179939
v 1.022651 1.379710 -2.163599
v 1.024862 1.381524 -2.163252
v 1.025163 1.380197 -2.163208
v 1.030538 1.383533 -2.162384
v 0.993476 1.379710 -2.189592
v 0.992877 1.381524 -2.191749
v 0.991363 1.383533 -2.197287
v 0.992798 1.380197 -2.192043
v 1.027831 1.380697 -2.162796
v 1.025748 1.378634 -2.163326
v 1.032569 1.380627 -2.163009
v 1.031876 1.382679 -2.162218
v 0.992083 1.380697 -2.194645
v 0.991043 1.382679 -2.198598
v 0.991749 1.380627 -2.199377
v 0.992848 1.378634 -2.192638
v 1.023465 1.376531 -2.163934
v 1.018854 1.374503 -2.164500
v 1.019259 1.372923 -2.165365
v 1.025549 1.375670 -2.164941
v 0.993715 1.376531 -2.190439
v 0.994808 1.374503 -2.185924
v 0.994476 1.375670 -2.192625
v 0.995620 1.372923 -2.186426
v 1.026713 1.372151 -2.168651
v 1.033588 1.375037 -2.168506
v 1.019918 1.370105 -2.167924
v 1.019300 1.367526 -2.171556
v 1.025713 1.368516 -2.173807
v 1.034299 1.369892 -2.176064
v 0.998027 1.372151 -2.194208
v 0.998087 1.370105 -2.187375
v 0.997092 1.375037 -2.201021
v 1.004519 1.369892 -2.202596
v 1.003264 1.368516 -2.193807
v 1.001766 1.367526 -2.187179
v 1.021306 1.367304 -2.179155
v 1.015874 1.366666 -2.175636
v 1.011043 1.366666 -2.179940
v 1.015195 1.367304 -2.184600
v 1.019929 1.368076 -2.189914
v 1.027090 1.368077 -2.183534
v 1.013930 1.369786 -2.167336
v 1.013768 1.372150 -2.164899
v 1.008716 1.373024 -2.164134
v 1.009115 1.370194 -2.167506
v 1.010234 1.368570 -2.169965
v 1.013696 1.367670 -2.170567
v 0.998191 1.369786 -2.181359
v 0.998913 1.370194 -2.176595
v 0.995610 1.373024 -2.175812
v 0.995788 1.372150 -2.180917
v 1.001427 1.367670 -2.181498
v 1.001227 1.368570 -2.177989
v 1.014879 1.373603 -2.164220
v 1.012979 1.374429 -2.163733
v 0.994986 1.373603 -2.181943
v 0.994721 1.374429 -2.180000
v 1.011094 1.375587 -2.163282
v 1.011975 1.376804 -2.163448
v 1.007716 1.377504 -2.163534
v 1.007537 1.375584 -2.163516
v 0.994490 1.375587 -2.178075
v 0.994553 1.376804 -2.178969
v 0.995131 1.375584 -2.174569
v 0.995129 1.377504 -2.174749
v 1.011090 1.377794 -2.163472
v 1.007550 1.378618 -2.163761
v 0.994679 1.377794 -2.178094
v 0.995373 1.378618 -2.174611
v 1.004217 1.378893 -2.165776
v 1.000987 1.378893 -2.168653
v 1.000809 1.377738 -2.168453
v 1.004102 1.377738 -2.165519
v 1.011396 1.366965 -2.173624
v 1.008006 1.368190 -2.171851
v 1.005682 1.368190 -2.173922
v 1.008062 1.366965 -2.176594
v 1.005838 1.370330 -2.169051
v 1.004638 1.372943 -2.166520
v 1.001543 1.372943 -2.169277
v 1.003332 1.370330 -2.171284
v 1.004150 1.375583 -2.165555
v 1.000848 1.375583 -2.168497
v 1.042988 1.436352 -2.154601
v 1.047614 1.434301 -2.151524
v 1.049160 1.438762 -2.150543
v 1.043850 1.439471 -2.154063
v 1.038540 1.440180 -2.157584
v 1.038361 1.438403 -2.157678
v 1.038005 1.436994 -2.157895
v 1.041513 1.433797 -2.155550
v 1.045022 1.430600 -2.153206
v 0.982200 1.436352 -2.208760
v 0.981566 1.439471 -2.209554
v 0.977459 1.438762 -2.214424
v 0.978611 1.434301 -2.213002
v 0.980580 1.430600 -2.210620
v 0.983312 1.433797 -2.207404
v 0.986045 1.436994 -2.204188
v 0.985788 1.438403 -2.204517
v 0.985674 1.440180 -2.204684
v 1.043981 1.442890 -2.154013
v 1.038512 1.442209 -2.157631
v 1.049451 1.443572 -2.150396
v 1.048520 1.448256 -2.151057
v 1.043405 1.446236 -2.154431
v 1.038291 1.444215 -2.157805
v 0.981501 1.442890 -2.209679
v 0.985724 1.442209 -2.204662
v 0.985923 1.444215 -2.204462
v 0.981983 1.446236 -2.209155
v 0.978043 1.448256 -2.213848
v 0.977279 1.443572 -2.214697
v 1.042144 1.449130 -2.155298
v 1.037889 1.445922 -2.158095
v 1.046399 1.452337 -2.152502
v 1.043347 1.455455 -2.154553
v 1.040350 1.451348 -2.156511
v 1.037353 1.447241 -2.158468
v 0.982989 1.449130 -2.208001
v 0.986257 1.445922 -2.204096
v 0.986689 1.447241 -2.203607
v 0.984400 1.451348 -2.206359
v 0.982110 1.455455 -2.209111
v 0.979722 1.452337 -2.211907
v 1.038177 1.452665 -2.157965
v 1.036730 1.448082 -2.158893
v 1.039624 1.457249 -2.157036
v 1.035619 1.457610 -2.159693
v 1.035851 1.452989 -2.159510
v 1.036083 1.448368 -2.159326
v 0.986094 1.452665 -2.204368
v 0.987183 1.448082 -2.203037
v 0.987687 1.448368 -2.202444
v 0.987896 1.452989 -2.202234
v 0.988105 1.457610 -2.202025
v 0.985005 1.457249 -2.205699
v 1.033597 1.452226 -2.160995
v 1.031717 1.456431 -2.162267
v 1.028287 1.453899 -2.164515
v 1.031628 1.450501 -2.162282
v 1.034968 1.447104 -2.160048
v 1.035477 1.448021 -2.159723
v 0.989631 1.452226 -2.200166
v 0.991111 1.456431 -2.198445
v 0.988151 1.448021 -2.201888
v 0.988532 1.447104 -2.201419
v 0.991135 1.450501 -2.198358
v 0.993738 1.453899 -2.195296
v 1.030154 1.447938 -2.163230
v 1.034611 1.445678 -2.160264
v 1.025696 1.450198 -2.166197
v 1.024152 1.445739 -2.167177
v 1.029294 1.444820 -2.163766
v 1.034436 1.443902 -2.160356
v 0.992247 1.447938 -2.197003
v 0.988788 1.445678 -2.201090
v 0.988899 1.443902 -2.200926
v 0.992879 1.444820 -2.196210
v 0.996858 1.445739 -2.191495
v 0.995706 1.450198 -2.192916
v 1.029165 1.441432 -2.163815
v 1.034469 1.441933 -2.160306
v 1.023861 1.440930 -2.167324
v 1.024792 1.436247 -2.166663
v 1.029745 1.438102 -2.163396
v 1.034697 1.439957 -2.160128
v 0.992942 1.441432 -2.196088
v 0.988846 1.441933 -2.200954
v 0.988643 1.439957 -2.201160
v 0.992458 1.438102 -2.196615
v 0.996274 1.436247 -2.192071
v 0.997037 1.440930 -2.191223
v 1.031008 1.435161 -2.162527
v 1.035104 1.438157 -2.159834
v 1.026911 1.432166 -2.165220
v 1.029962 1.429048 -2.163169
v 1.032802 1.432894 -2.161314
v 1.035641 1.436739 -2.159458
v 0.991450 1.435161 -2.197770
v 0.988304 1.438157 -2.201530
v 0.987869 1.436739 -2.202020
v 0.990039 1.432894 -2.199413
v 0.992208 1.429048 -2.196805
v 0.994596 1.432166 -2.194011
v 1.034972 1.431583 -2.159861
v 1.036261 1.435912 -2.159036
v 1.033683 1.427253 -2.160686
v 1.037689 1.426891 -2.158029
v 1.037295 1.431288 -2.158319
v 1.036901 1.435685 -2.158608
v 0.988346 1.431583 -2.201402
v 0.987378 1.435912 -2.202588
v 0.986880 1.435685 -2.203175
v 0.986547 1.431288 -2.203532
v 0.986214 1.426891 -2.203890
v 0.989314 1.427253 -2.200216
v 1.039546 1.432068 -2.156836
v 1.037500 1.436067 -2.158217
v 1.041591 1.428068 -2.155455
v 0.984815 1.432068 -2.205597
v 0.986422 1.436067 -2.203724
v 0.983208 1.428068 -2.207470
v 1.044523 1.435670 -2.151150
v 1.045805 1.439368 -2.150337
v 1.041984 1.440129 -2.150617
v 1.041219 1.437286 -2.151165
v 1.039447 1.435128 -2.152250
v 1.042374 1.432602 -2.152545
v 1.044642 1.430806 -2.152997
v 1.047190 1.434443 -2.151344
v 1.048709 1.438826 -2.150380
v 0.978595 1.435670 -2.209888
v 0.978990 1.437286 -2.206608
v 0.978358 1.440129 -2.207304
v 0.977640 1.439368 -2.211068
v 0.977349 1.438826 -2.213958
v 0.978481 1.434443 -2.212560
v 0.980416 1.430806 -2.210219
v 0.980227 1.432602 -2.207914
v 0.980271 1.435128 -2.204973
v 1.029559 1.438045 -2.157435
v 1.029195 1.440088 -2.157423
v 1.027048 1.438588 -2.160496
v 1.028245 1.435948 -2.159746
v 1.030217 1.434176 -2.158355
v 1.031078 1.437465 -2.156150
v 1.032873 1.442283 -2.153637
v 0.986559 1.438045 -2.195746
v 0.989005 1.435948 -2.194706
v 0.989888 1.438588 -2.193603
v 0.986588 1.440088 -2.195382
v 0.982405 1.442283 -2.198601
v 0.985107 1.437465 -2.197107
v 0.987397 1.434176 -2.196505
v 1.032399 1.435984 -2.155534
v 1.033894 1.436679 -2.154277
v 1.032489 1.432869 -2.156906
v 1.034953 1.432854 -2.155205
v 0.984344 1.435984 -2.198349
v 0.982923 1.436679 -2.199689
v 0.983723 1.432854 -2.200847
v 0.985696 1.432870 -2.198595
v 1.035716 1.436326 -2.153341
v 1.037444 1.433380 -2.153628
v 1.036566 1.438031 -2.152520
v 0.981784 1.436326 -2.201391
v 0.981870 1.433380 -2.203141
v 0.980871 1.438031 -2.202141
v 1.039529 1.430503 -2.154409
v 1.036294 1.429526 -2.156543
v 1.037435 1.427160 -2.157736
v 1.041270 1.428317 -2.155207
v 0.982406 1.430503 -2.205302
v 0.984898 1.429526 -2.202333
v 0.982999 1.428317 -2.207123
v 0.985952 1.427160 -2.203604
v 1.041968 1.427448 -2.155544
v 1.045550 1.430092 -2.153197
v 1.037895 1.426219 -2.158230
v 1.038809 1.424926 -2.159459
v 1.043208 1.426253 -2.156558
v 1.047075 1.429108 -2.154024
v 0.983253 1.427448 -2.207855
v 0.980510 1.430092 -2.211143
v 0.981157 1.429108 -2.212753
v 0.984118 1.426254 -2.209203
v 0.987505 1.424926 -2.205168
v 0.986390 1.426219 -2.204118
v 1.048256 1.433955 -2.151442
v 1.049996 1.433279 -2.152129
v 1.051738 1.438306 -2.151023
v 1.049869 1.438611 -2.150417
v 0.978455 1.433955 -2.213629
v 0.978938 1.433279 -2.215437
v 0.977252 1.438611 -2.215114
v 0.977640 1.438306 -2.217041
v 1.050173 1.443632 -2.150264
v 1.052066 1.443727 -2.150857
v 1.051017 1.449006 -2.151603
v 1.049201 1.448521 -2.150954
v 1.048080 1.448158 -2.150886
v 1.048995 1.443554 -2.150236
v 0.977065 1.443632 -2.215399
v 0.977437 1.443727 -2.217347
v 0.977172 1.443554 -2.214226
v 0.977923 1.448158 -2.213391
v 0.977863 1.448521 -2.214512
v 0.978298 1.449006 -2.216391
v 1.032973 1.429827 -2.158746
v 1.029887 1.431315 -2.160804
v 1.029840 1.429280 -2.162787
v 1.033498 1.427516 -2.160347
v 0.987468 1.429827 -2.199288
v 0.988999 1.427516 -2.199994
v 0.991843 1.429280 -2.196641
v 0.989868 1.431315 -2.196459
v 1.046574 1.423091 -2.159388
v 1.051196 1.426503 -2.156358
v 1.041317 1.421504 -2.162855
v 1.045342 1.418348 -2.168587
v 1.051385 1.420172 -2.164601
v 1.056698 1.424095 -2.161119
v 0.986542 1.423091 -2.212873
v 0.983002 1.426503 -2.217116
v 0.987098 1.424095 -2.223128
v 0.991168 1.420172 -2.218251
v 0.995822 1.418348 -2.212706
v 0.990591 1.421504 -2.208049
v 1.054688 1.431489 -2.154093
v 1.060711 1.429826 -2.158515
v 1.063104 1.436733 -2.156996
v 1.056769 1.437498 -2.152771
v 0.980350 1.431489 -2.220324
v 0.984050 1.429826 -2.226815
v 0.978798 1.437498 -2.222239
v 0.982265 1.436733 -2.229017
v 1.057161 1.443978 -2.152574
v 1.063554 1.444181 -2.156768
v 1.062113 1.451434 -2.157792
v 1.055907 1.450288 -2.153465
v 0.978556 1.443978 -2.222606
v 0.981988 1.444181 -2.229439
v 0.979585 1.450288 -2.221463
v 0.983171 1.451434 -2.228125
v 1.053050 1.455786 -2.155410
v 1.058829 1.457755 -2.160028
v 1.054104 1.462584 -2.163205
v 1.048940 1.459987 -2.158173
v 1.045187 1.457121 -2.155542
v 1.048626 1.453607 -2.153230
v 0.981846 1.455786 -2.218848
v 0.985770 1.457755 -2.225120
v 0.980190 1.453607 -2.214203
v 0.982881 1.457121 -2.211053
v 0.985063 1.459987 -2.215083
v 0.989468 1.462584 -2.220791
v 1.043925 1.462404 -2.161518
v 1.048339 1.465362 -2.167050
v 1.042136 1.465923 -2.171165
v 1.038528 1.462892 -2.165098
v 1.036476 1.459550 -2.161335
v 1.040991 1.459143 -2.158340
v 0.988963 1.462404 -2.210486
v 0.993951 1.465362 -2.215507
v 0.986144 1.459143 -2.207206
v 0.989638 1.459550 -2.203065
v 0.993140 1.462892 -2.205536
v 0.998752 1.465923 -2.209818
v 1.046987 1.452782 -2.152462
v 1.043801 1.456037 -2.154603
v 1.042996 1.455233 -2.154321
v 1.045995 1.452169 -2.152305
v 0.979615 1.452782 -2.212486
v 0.979573 1.452169 -2.211483
v 0.981920 1.455233 -2.208736
v 0.982108 1.456037 -2.209568
v 1.039916 1.457909 -2.157195
v 1.035734 1.458286 -2.159968
v 1.035401 1.457351 -2.159372
v 1.039338 1.456996 -2.156761
v 0.985129 1.457909 -2.206006
v 0.984765 1.456996 -2.205382
v 0.987811 1.457351 -2.201771
v 0.988365 1.458286 -2.202171
v 1.031660 1.457056 -2.162654
v 1.032078 1.458222 -2.164236
v 1.028211 1.455367 -2.166769
v 1.028080 1.454412 -2.165001
v 1.028195 1.453703 -2.164111
v 1.031566 1.456192 -2.161901
v 0.991502 1.457056 -2.198433
v 0.993024 1.458222 -2.199030
v 0.990764 1.456192 -2.198253
v 0.993347 1.453703 -2.195158
v 0.994244 1.454412 -2.195146
v 0.995986 1.455367 -2.195480
v 1.025375 1.450549 -2.166755
v 1.025291 1.451196 -2.168664
v 1.023549 1.446170 -2.169769
v 1.023762 1.445894 -2.167779
v 1.024130 1.445683 -2.166726
v 1.025648 1.450066 -2.165763
v 0.996298 1.450549 -2.192661
v 0.998204 1.451196 -2.192797
v 0.995281 1.450066 -2.192818
v 0.996412 1.445683 -2.191421
v 0.997500 1.445894 -2.191177
v 0.999502 1.446170 -2.191194
v 1.023458 1.440874 -2.167933
v 1.023221 1.440749 -2.169935
v 1.024270 1.435471 -2.169190
v 1.024430 1.435985 -2.167242
v 1.024759 1.436355 -2.166221
v 1.023844 1.440957 -2.166871
v 0.997688 1.440874 -2.190892
v 0.999704 1.440749 -2.190887
v 0.996589 1.440957 -2.191154
v 0.995838 1.436355 -2.191987
v 0.996891 1.435985 -2.191778
v 0.998843 1.435471 -2.191844
v 1.026643 1.431725 -2.165736
v 1.026660 1.430871 -2.167563
v 1.030099 1.427356 -2.165251
v 1.029828 1.428470 -2.163595
v 1.026842 1.432344 -2.164803
v 0.995139 1.431725 -2.193803
v 0.996952 1.430871 -2.194031
v 0.994190 1.432344 -2.193894
v 0.992647 1.428470 -2.196721
v 0.994261 1.427356 -2.197181
v 1.033713 1.426597 -2.161004
v 1.034294 1.425334 -2.162453
v 0.989626 1.426597 -2.200283
v 0.990999 1.425334 -2.201026
v 1.024829 1.441166 -2.164249
v 1.025070 1.445153 -2.164127
v 1.025600 1.437283 -2.163700
v 1.026333 1.441440 -2.161065
v 1.026655 1.444406 -2.160811
v 0.993871 1.441166 -2.191830
v 0.993722 1.445153 -2.192056
v 0.990246 1.444406 -2.193250
v 0.990535 1.441440 -2.192959
v 0.993238 1.437283 -2.192533
v 1.026350 1.448850 -2.163314
v 1.027483 1.447247 -2.160358
v 1.029190 1.449407 -2.159180
v 1.028499 1.451918 -2.161921
v 0.992767 1.448850 -2.193234
v 0.991136 1.451918 -2.195208
v 0.988335 1.449407 -2.195580
v 0.989701 1.447247 -2.194020
v 1.031342 1.454018 -2.160057
v 1.034577 1.454996 -2.157923
v 1.031257 1.451154 -2.157897
v 1.033684 1.451682 -2.156225
v 0.988958 1.454018 -2.197819
v 0.986466 1.454996 -2.200787
v 0.984883 1.451682 -2.199704
v 0.986822 1.451154 -2.197485
v 1.031575 1.448221 -2.156197
v 1.030468 1.446519 -2.156640
v 1.033139 1.447871 -2.154884
v 0.985097 1.448221 -2.197606
v 0.983613 1.447871 -2.199009
v 0.985665 1.446519 -2.196558
v 1.029050 1.445606 -2.157845
v 1.028961 1.443546 -2.157610
v 0.987025 1.445606 -2.195287
v 0.986801 1.443546 -2.195172
v 1.028280 1.441720 -2.158318
v 0.987583 1.441720 -2.194577
v 1.027358 1.433900 -2.162504
v 0.991847 1.433900 -2.194142
v 1.037899 1.454696 -2.155720
v 1.036212 1.451666 -2.154619
v 1.038421 1.450361 -2.153075
v 1.040985 1.453209 -2.153661
v 0.983896 1.454696 -2.203833
v 0.981496 1.453209 -2.206662
v 0.981209 1.450361 -2.204048
v 0.982996 1.451666 -2.202031
v 1.038242 1.438940 -2.151692
v 1.038073 1.441004 -2.151550
v 0.979856 1.438940 -2.203711
v 0.979734 1.441004 -2.203527
v 1.039013 1.442828 -2.151219
v 1.042370 1.443095 -2.150458
v 1.041591 1.445948 -2.150933
v 1.037840 1.444463 -2.151738
v 0.979297 1.442828 -2.204422
v 0.978155 1.443095 -2.207670
v 0.979947 1.444463 -2.203317
v 0.978716 1.445948 -2.206951
v 1.046046 1.443356 -2.150215
v 1.045274 1.447240 -2.150764
v 0.977491 1.443356 -2.211294
v 0.978125 1.447240 -2.210590
v 1.043516 1.450624 -2.151961
v 1.040457 1.448588 -2.151778
v 0.979516 1.450624 -2.208980
v 0.979686 1.448588 -2.205922
v 1.034891 1.448564 -2.154004
v 1.035955 1.447086 -2.153011
v 0.982537 1.448564 -2.200648
v 0.981429 1.447086 -2.201591
v 1.037732 1.446504 -2.152102
v 0.980322 1.446504 -2.203252
v 1.033270 1.461304 -2.168565
v 1.036093 1.464098 -2.175151
v 1.030780 1.460176 -2.178633
v 1.028648 1.457892 -2.171594
v 0.997188 1.461304 -2.200712
v 1.003406 1.464098 -2.204273
v 1.000729 1.457892 -2.196469
v 1.007476 1.460176 -2.199396
v 1.025157 1.452906 -2.173860
v 1.026767 1.454445 -2.181237
v 1.024374 1.447538 -2.182757
v 1.023076 1.446898 -2.175181
v 1.003380 1.452906 -2.193261
v 1.010524 1.454445 -2.195709
v 1.004932 1.446898 -2.191346
v 1.012309 1.447538 -2.193506
v 1.022684 1.440418 -2.175379
v 1.023923 1.440090 -2.182984
v 1.025365 1.432837 -2.181960
v 1.023937 1.434108 -2.174488
v 1.005174 1.440418 -2.190979
v 1.012586 1.440090 -2.193085
v 1.004145 1.434108 -2.192122
v 1.011403 1.432837 -2.194399
v 1.026794 1.428610 -2.172543
v 1.028649 1.426516 -2.179724
v 1.033374 1.421687 -2.176548
v 1.030905 1.424409 -2.169780
v 1.001884 1.428610 -2.194736
v 1.008804 1.426516 -2.197404
v 0.998667 1.424409 -2.198502
v 1.005106 1.421687 -2.201733
v 1.035920 1.421991 -2.166435
v 1.039138 1.418908 -2.172702
v 0.994768 1.421991 -2.203099
v 1.000623 1.418908 -2.207016
v 1.030699 1.474858 -2.157762
v 1.030834 1.477487 -2.155766
v 1.030884 1.484760 -2.149476
v 1.030660 1.477524 -2.155627
v 1.030526 1.471574 -2.160254
v 1.030599 1.469565 -2.161890
v 1.030786 1.471520 -2.160461
v 0.986753 1.474858 -2.196916
v 0.984636 1.477524 -2.196632
v 0.978500 1.484760 -2.196147
v 0.984754 1.477487 -2.196820
v 0.989423 1.471520 -2.197312
v 0.990865 1.469565 -2.197291
v 0.989247 1.471574 -2.197030
v 1.030960 1.480123 -2.153761
v 1.030990 1.477463 -2.155889
v 1.031183 1.484717 -2.149711
v 1.031045 1.484964 -2.149609
v 0.982748 1.480123 -2.196715
v 0.984858 1.477463 -2.196990
v 0.978614 1.484964 -2.196323
v 0.978699 1.484717 -2.196471
v 1.031120 1.488887 -2.145424
v 1.031223 1.490611 -2.143377
v 1.031289 1.495991 -2.136588
v 1.031079 1.490630 -2.143264
v 0.974448 1.488887 -2.195916
v 0.972307 1.490630 -2.195626
v 0.965651 1.495991 -2.195068
v 0.972403 1.490611 -2.195782
v 1.031310 1.492341 -2.141318
v 1.031335 1.490602 -2.143466
v 1.031484 1.495975 -2.136743
v 1.031391 1.495924 -2.136822
v 0.970347 1.492341 -2.195632
v 0.972478 1.490602 -2.195904
v 0.965871 1.495924 -2.195196
v 0.965782 1.495975 -2.195279
v 1.031530 1.499734 -2.131760
v 1.031665 1.501692 -2.129130
v 1.031738 1.504638 -2.125081
v 1.031561 1.501699 -2.129047
v 0.960828 1.499734 -2.194752
v 0.958129 1.501699 -2.194470
v 0.954168 1.504638 -2.194191
v 0.958199 1.501692 -2.194584
v 1.033774 1.471414 -2.157935
v 1.035053 1.474551 -2.155879
v 1.038334 1.483557 -2.149342
v 1.034906 1.474740 -2.155754
v 1.032173 1.467501 -2.160501
v 1.031361 1.464957 -2.162169
v 1.032393 1.467217 -2.160689
v 0.986571 1.471414 -2.199990
v 0.984274 1.474740 -2.200864
v 0.977510 1.483557 -2.203532
v 0.984382 1.474551 -2.201024
v 0.989465 1.467217 -2.198935
v 0.991054 1.464957 -2.198080
v 0.989304 1.467501 -2.198695
v 1.036326 1.477702 -2.153819
v 1.035189 1.474389 -2.155994
v 1.038597 1.483252 -2.149562
v 1.038559 1.483652 -2.149498
v 0.982188 1.477702 -2.202053
v 0.984480 1.474389 -2.201173
v 0.977640 1.483652 -2.203774
v 0.977699 1.483252 -2.203819
v 1.040442 1.488563 -2.145016
v 1.041356 1.490690 -2.142785
v 1.043989 1.497574 -2.135394
v 1.041228 1.490835 -2.142678
v 0.972971 1.488563 -2.205128
v 0.970558 1.490835 -2.205641
v 0.963005 1.497574 -2.207546
v 0.970649 1.490690 -2.205780
v 1.042258 1.492836 -2.140544
v 1.041459 1.490581 -2.142872
v 1.044168 1.497386 -2.135544
v 1.044048 1.497389 -2.135645
v 0.968320 1.492836 -2.206419
v 0.970724 1.490581 -2.205893
v 0.963248 1.497389 -2.207633
v 0.963133 1.497386 -2.207741
v 1.046029 1.502231 -2.130097
v 1.047116 1.504674 -2.127202
v 1.048625 1.508464 -2.122756
v 1.047019 1.504774 -2.127120
v 0.957509 1.502231 -2.208963
v 0.954438 1.504774 -2.209604
v 0.949918 1.508464 -2.210698
v 0.954507 1.504674 -2.209710
v 1.034511 1.469257 -2.148782
v 1.035861 1.471254 -2.144319
v 1.039281 1.476852 -2.130764
v 1.035737 1.471533 -2.144155
v 1.032823 1.466771 -2.154356
v 1.031935 1.464992 -2.157868
v 1.033009 1.466353 -2.154602
v 0.977394 1.469257 -2.199671
v 0.972657 1.471533 -2.200356
v 0.958947 1.476852 -2.202338
v 0.972805 1.471254 -2.200498
v 0.983348 1.466353 -2.198847
v 0.986716 1.464992 -2.198156
v 0.983125 1.466771 -2.198634
v 1.037208 1.473270 -2.139848
v 1.035980 1.471012 -2.144468
v 1.039516 1.476394 -2.131050
v 1.039528 1.476921 -2.130862
v 0.968209 1.473270 -2.201322
v 0.972939 1.471012 -2.200634
v 0.959015 1.476921 -2.202594
v 0.959204 1.476394 -2.202603
v 1.041341 1.479309 -2.122088
v 1.042178 1.480085 -2.117820
v 1.044211 1.481868 -2.104676
v 1.042062 1.480303 -2.117682
v 0.950091 1.479309 -2.203386
v 0.945632 1.480303 -2.203596
v 0.932465 1.481868 -2.204235
v 0.945756 1.480085 -2.203727
v 1.043009 1.480891 -2.113540
v 1.042283 1.479927 -2.117933
v 1.044395 1.481595 -2.104872
v 1.044400 1.482027 -2.104815
v 0.941408 1.480891 -2.204061
v 0.945855 1.479927 -2.203844
v 0.932581 1.482027 -2.204438
v 0.932638 1.481595 -2.204440
v 1.045461 1.481863 -2.095999
v 1.045961 1.481385 -2.091621
v 1.046583 1.480846 -2.084923
v 1.045858 1.481528 -2.091515
v 0.923702 1.481863 -2.204479
v 0.919202 1.481528 -2.204359
v 0.912570 1.480846 -2.204320
v 0.919296 1.481385 -2.204473
v 1.008153 1.376057 -2.150736
v 1.008455 1.372897 -2.148755
v 1.009155 1.363632 -2.142015
v 1.008536 1.372977 -2.148683
v 1.007777 1.380010 -2.153210
v 1.007469 1.382299 -2.154769
v 1.007656 1.379890 -2.153318
v 0.982365 1.376057 -2.173711
v 0.980282 1.372977 -2.173856
v 0.973587 1.363632 -2.173704
v 0.980363 1.372897 -2.173784
v 0.984987 1.379890 -2.173514
v 0.986450 1.382299 -2.173495
v 0.984866 1.380010 -2.173623
v 1.008762 1.369743 -2.146770
v 1.008383 1.372828 -2.148819
v 1.009030 1.363512 -2.142126
v 1.009205 1.363543 -2.142298
v 0.978355 1.369743 -2.173861
v 0.980434 1.372828 -2.173720
v 0.973862 1.363543 -2.173786
v 0.973711 1.363512 -2.173593
v 1.009156 1.357417 -2.136953
v 1.008974 1.354340 -2.134094
v 1.008787 1.349807 -2.129729
v 1.009043 1.354406 -2.134033
v 0.968559 1.357417 -2.173123
v 0.965670 1.354406 -2.172676
v 0.961424 1.349807 -2.171926
v 0.965739 1.354340 -2.172614
v 1.012534 1.379380 -2.141824
v 1.013820 1.375774 -2.138042
v 1.017692 1.365423 -2.127094
v 1.013926 1.375902 -2.138001
v 1.010931 1.383891 -2.146550
v 1.009861 1.386466 -2.149428
v 1.010772 1.383699 -2.146612
v 0.973009 1.379380 -2.177040
v 0.969051 1.375902 -2.177982
v 0.957783 1.365423 -2.180469
v 0.969104 1.375774 -2.177881
v 0.977968 1.383699 -2.175839
v 0.980870 1.386466 -2.175257
v 0.977888 1.383891 -2.175990
v 1.015110 1.372177 -2.134258
v 1.013724 1.375662 -2.138079
v 1.017525 1.365228 -2.127158
v 1.017660 1.365239 -2.126972
v 0.965197 1.372177 -2.178728
v 0.969152 1.375662 -2.177791
v 0.957665 1.365239 -2.180423
v 0.957866 1.365228 -2.180311
v 1.019949 1.358582 -2.120324
v 1.020983 1.355271 -2.117178
v 1.022648 1.350438 -2.112415
v 1.021075 1.355379 -2.117143
v 0.950799 1.358582 -2.181933
v 0.947509 1.355379 -2.182686
v 0.942631 1.350438 -2.183705
v 0.947555 1.355271 -2.182598
v 1.020400 1.380190 -2.145509
v 1.022842 1.377547 -2.142469
v 1.030542 1.370364 -2.133315
v 1.022981 1.377754 -2.142497
v 1.017351 1.383502 -2.149310
v 1.015379 1.385277 -2.151561
v 1.017142 1.383192 -2.149267
v 0.975764 1.380190 -2.185276
v 0.972476 1.377754 -2.187494
v 0.962485 1.370364 -2.193950
v 0.972464 1.377547 -2.187353
v 0.979873 1.383192 -2.182472
v 0.982354 1.385277 -2.180985
v 0.979891 1.383502 -2.182685
v 1.025291 1.374916 -2.139431
v 1.022716 1.377366 -2.142445
v 1.030298 1.370019 -2.133270
v 1.030382 1.370067 -2.133321
v 0.969165 1.374916 -2.189436
v 0.972455 1.377366 -2.187224
v 0.962510 1.370067 -2.193791
v 0.962469 1.370019 -2.193702
v 1.035603 1.365667 -2.127088
v 1.038189 1.363502 -2.123931
v 1.046291 1.357739 -2.114635
v 1.038307 1.363667 -2.123953
v 0.955718 1.365667 -2.198261
v 0.952292 1.363667 -2.200587
v 0.942119 1.357739 -2.207446
v 0.952285 1.363502 -2.200466
v 1.040785 1.361355 -2.120779
v 1.038091 1.363374 -2.123918
v 1.046122 1.357518 -2.114613
v 1.046154 1.357471 -2.114577
v 0.948855 1.361355 -2.202683
v 0.952283 1.363374 -2.200368
v 0.942077 1.357471 -2.207304
v 0.942116 1.357518 -2.207275
v 1.051670 1.354131 -2.108551
v 1.054418 1.352538 -2.105576
v 1.058656 1.350296 -2.101128
v 1.054511 1.352656 -2.105587
v 0.935457 1.354131 -2.212090
v 0.932186 1.352656 -2.214571
v 0.927280 1.350296 -2.218177
v 0.932186 1.352538 -2.214478
v 1.015422 1.385281 -2.139439
v 1.017845 1.383249 -2.135437
v 1.025246 1.377614 -2.123691
v 1.017920 1.383398 -2.135478
v 1.012395 1.387828 -2.144444
v 1.010503 1.389202 -2.147404
v 1.012283 1.387604 -2.144382
v 0.970307 1.385281 -2.179634
v 0.966085 1.383398 -2.181660
v 0.953534 1.377614 -2.187582
v 0.966053 1.383249 -2.181581
v 0.975579 1.387604 -2.177083
v 0.978785 1.389202 -2.175663
v 0.975627 1.387828 -2.177202
v 1.020271 1.381224 -2.131438
v 1.017776 1.383117 -2.135402
v 1.025125 1.377385 -2.123629
v 1.025182 1.377424 -2.123595
v 0.961801 1.381224 -2.183531
v 0.966026 1.383117 -2.181508
v 0.953446 1.377424 -2.187507
v 0.953487 1.377385 -2.187455
v 1.030069 1.373849 -2.115991
v 1.032473 1.372054 -2.112232
v 1.036163 1.369521 -2.106636
v 1.032540 1.372182 -2.112266
v 0.945331 1.373849 -2.191488
v 0.941346 1.372182 -2.193515
v 0.935337 1.369521 -2.196466
v 0.941320 1.372054 -2.193443
v 1.029968 1.389207 -2.139901
v 1.035499 1.388561 -2.135945
v 1.050929 1.387314 -2.125465
v 1.035577 1.388797 -2.136059
v 1.023054 1.390022 -2.144850
v 1.018827 1.390269 -2.147702
v 1.022937 1.389668 -2.144679
v 0.969094 1.389207 -2.194136
v 0.964633 1.388797 -2.199267
v 0.952344 1.387314 -2.213299
v 0.964528 1.388561 -2.199176
v 0.974648 1.389668 -2.187701
v 0.978124 1.390269 -2.183967
v 0.974805 1.390022 -2.187838
v 1.041031 1.387928 -2.131995
v 1.035423 1.388351 -2.135843
v 1.050781 1.386913 -2.125272
v 1.051293 1.387027 -2.124974
v 0.959968 1.387928 -2.204217
v 0.964436 1.388351 -2.199088
v 0.951815 1.387027 -2.213603
v 0.952169 1.386913 -2.213129
v 1.059794 1.386420 -2.119503
v 1.063570 1.386099 -2.117111
v 1.074876 1.385162 -2.110212
v 1.063643 1.386292 -2.117203
v 0.945402 1.386420 -2.221419
v 0.942675 1.386292 -2.224978
v 0.934439 1.385162 -2.235333
v 0.942592 1.386099 -2.224895
v 1.067350 1.385800 -2.114731
v 1.063506 1.385949 -2.117043
v 1.074754 1.384879 -2.110085
v 1.074866 1.385125 -2.110109
v 0.939793 1.385800 -2.228376
v 0.942531 1.385949 -2.224824
v 0.934338 1.385125 -2.235312
v 0.934326 1.384879 -2.235197
v 1.082162 1.383978 -2.105615
v 1.085727 1.383224 -2.103372
v 1.096119 1.381173 -2.097005
v 1.085786 1.383355 -2.103430
v 0.929034 1.383978 -2.242043
v 0.926447 1.383355 -2.245391
v 0.918877 1.381173 -2.254917
v 0.926396 1.383224 -2.245327
v 1.089297 1.382485 -2.101136
v 1.085678 1.383123 -2.103329
v 1.096033 1.380998 -2.096931
v 1.096208 1.381084 -2.096878
v 0.923765 1.382485 -2.248615
v 0.926359 1.383123 -2.245273
v 0.918741 1.381084 -2.254991
v 0.918814 1.380998 -2.254823
v 1.102559 1.379620 -2.092950
v 1.105571 1.378825 -2.091049
v 1.110148 1.377750 -2.088246
v 1.105618 1.378919 -2.091088
v 0.914108 1.379620 -2.260848
v 0.911907 1.378919 -2.263673
v 0.908563 1.377750 -2.267846
v 0.911874 1.378825 -2.263622
v 1.034704 1.395812 -2.141373
v 1.039773 1.397040 -2.137933
v 1.054488 1.401154 -2.128977
v 1.039794 1.397244 -2.138078
v 1.028365 1.394283 -2.145677
v 1.024543 1.393157 -2.148111
v 1.028334 1.393977 -2.145460
v 0.970011 1.395812 -2.199010
v 0.966153 1.397244 -2.203688
v 0.955423 1.401154 -2.217238
v 0.966012 1.397040 -2.203650
v 0.974804 1.393977 -2.193152
v 0.977873 1.393157 -2.189691
v 0.975016 1.394283 -2.193208
v 1.044841 1.398278 -2.134501
v 1.039748 1.396855 -2.137804
v 1.054437 1.400801 -2.128731
v 1.054642 1.400959 -2.128487
v 0.962020 1.398278 -2.208289
v 0.965886 1.396855 -2.203610
v 0.954919 1.400959 -2.217334
v 0.955184 1.400801 -2.217159
v 1.063729 1.403671 -2.123905
v 1.068081 1.404953 -2.121917
v 1.080618 1.409199 -2.116687
v 1.068107 1.405124 -2.122036
v 0.949323 1.403671 -2.225834
v 0.946962 1.405124 -2.229968
v 0.940211 1.409199 -2.241782
v 0.946847 1.404953 -2.229928
v 1.072432 1.406255 -2.119944
v 1.068054 1.404819 -2.121829
v 1.080572 1.408967 -2.116534
v 1.080782 1.409041 -2.116428
v 0.944387 1.406255 -2.234025
v 0.946763 1.404819 -2.229892
v 0.939934 1.409041 -2.241915
v 0.940064 1.408967 -2.241719
v 1.088372 1.411909 -2.113581
v 1.091963 1.413301 -2.112284
v 1.097384 1.415544 -2.110441
v 1.091990 1.413425 -2.112365
v 0.936234 1.411909 -2.249127
v 0.934610 1.413425 -2.252581
v 0.932078 1.415544 -2.257718
v 0.934533 1.413301 -2.252545
v 1.179960 1.214801 -2.353909
v 1.200713 1.216954 -2.372200
v 1.210314 1.219145 -2.370979
v 1.184998 1.213195 -2.351381
v 1.167740 1.216436 -2.328919
v 1.164722 1.216892 -2.336080
v 1.160671 1.217581 -2.337859
v 1.175771 1.214323 -2.356642
v 1.198726 1.217022 -2.376069
v 1.164438 1.214801 -2.367738
v 1.161349 1.213195 -2.372452
v 1.177905 1.219145 -2.399853
v 1.180223 1.216954 -2.390456
v 1.184294 1.217022 -2.388927
v 1.167635 1.214323 -2.363891
v 1.150713 1.217581 -2.346731
v 1.148479 1.216892 -2.350551
v 1.141020 1.216436 -2.352726
v 1.157682 1.223102 -2.323794
v 1.158888 1.226694 -2.316255
v 1.151911 1.236774 -2.307008
v 1.153573 1.226229 -2.322551
v 1.137085 1.223102 -2.342145
v 1.136322 1.226229 -2.337920
v 1.121074 1.236774 -2.334483
v 1.129457 1.226694 -2.342477
v 1.148976 1.227271 -2.325012
v 1.143396 1.237966 -2.313401
v 1.135900 1.237966 -2.320080
v 1.144136 1.227271 -2.329324
v 1.155389 1.217810 -2.341955
v 1.157748 1.217810 -2.339854
v 1.173240 1.214164 -2.358564
v 1.171538 1.214164 -2.360081
v 1.191858 1.217045 -2.382888
v 1.195581 1.217045 -2.379570
v 1.506413 1.453809 -2.710867
v 1.518833 1.449666 -2.701533
v 1.528294 1.448040 -2.716793
v 1.516989 1.452269 -2.724676
v 1.505495 1.452269 -2.734917
v 1.493956 1.453809 -2.721966
v 1.481943 1.457006 -2.708482
v 1.494886 1.457006 -2.696951
v 1.507924 1.453137 -2.686230
v 1.128047 1.462733 -2.294033
v 1.136098 1.460765 -2.285494
v 1.149526 1.453832 -2.303402
v 1.141735 1.455298 -2.310906
v 1.133926 1.455298 -2.317864
v 1.119487 1.462733 -2.301659
v 1.106040 1.472666 -2.286566
v 1.115122 1.472666 -2.278474
v 1.123309 1.470724 -2.269120
v 1.143135 1.454864 -2.275128
v 1.157277 1.449434 -2.294804
v 1.129704 1.464900 -2.257241
v 1.134224 1.456710 -2.243717
v 1.147935 1.446165 -2.262579
v 1.162805 1.441553 -2.283551
v 1.090414 1.454864 -2.322099
v 1.074189 1.464900 -2.306701
v 1.086725 1.470724 -2.301714
v 1.101520 1.460765 -2.316301
v 1.117765 1.453832 -2.331698
v 1.108334 1.449434 -2.338409
v 1.096520 1.441553 -2.342608
v 1.077397 1.446165 -2.325425
v 1.060236 1.456710 -2.309637
v 1.154912 1.451269 -2.326820
v 1.162271 1.450921 -2.319902
v 1.176255 1.450816 -2.335551
v 1.169039 1.450328 -2.342602
v 1.161751 1.450328 -2.349095
v 1.147660 1.451269 -2.333280
v 1.177511 1.430568 -2.285727
v 1.175603 1.444353 -2.301341
v 1.163929 1.429641 -2.268082
v 1.163184 1.416133 -2.252595
v 1.177558 1.413043 -2.268905
v 1.194465 1.412200 -2.284225
v 1.192628 1.433118 -2.301188
v 1.189155 1.448470 -2.316472
v 1.096991 1.430568 -2.357466
v 1.080275 1.413043 -2.355579
v 1.065725 1.416133 -2.339425
v 1.081024 1.429641 -2.341946
v 1.112720 1.444353 -2.357366
v 1.126192 1.448469 -2.372567
v 1.110610 1.433118 -2.374261
v 1.093549 1.412200 -2.374135
v 1.169846 1.449877 -2.312071
v 1.183329 1.452283 -2.327383
v 1.124041 1.449877 -2.352880
v 1.132691 1.450921 -2.346256
v 1.146628 1.450816 -2.361947
v 1.137702 1.452283 -2.368035
v 1.185580 1.452158 -2.359082
v 1.193400 1.452304 -2.350903
v 1.211896 1.452207 -2.366577
v 1.203230 1.452852 -2.376210
v 1.193574 1.452852 -2.384814
v 1.177256 1.452158 -2.366499
v 1.220684 1.448502 -2.393934
v 1.229932 1.447348 -2.383195
v 1.247144 1.441435 -2.399919
v 1.237429 1.443032 -2.411419
v 1.226195 1.443032 -2.421428
v 1.210101 1.448502 -2.403364
v 1.200213 1.452742 -2.341195
v 1.206286 1.447805 -2.329466
v 1.224779 1.443232 -2.342077
v 1.218579 1.450271 -2.354886
v 1.149481 1.452742 -2.386394
v 1.137131 1.447805 -2.391079
v 1.159907 1.452304 -2.380743
v 1.173351 1.452207 -2.400918
v 1.160969 1.450271 -2.406212
v 1.147533 1.443232 -2.410900
v 1.177735 1.396305 -2.254551
v 1.163105 1.403464 -2.241290
v 1.161265 1.391513 -2.233557
v 1.175517 1.380770 -2.243345
v 1.194848 1.367145 -2.253529
v 1.195378 1.391687 -2.268279
v 1.065996 1.396305 -2.354104
v 1.055118 1.380770 -2.350613
v 1.047034 1.391513 -2.335330
v 1.054504 1.403464 -2.338047
v 1.077604 1.391687 -2.373209
v 1.063012 1.367145 -2.370986
v 1.211889 1.431824 -2.315222
v 1.216120 1.410417 -2.300242
v 1.238021 1.406797 -2.316778
v 1.231999 1.427277 -2.329092
v 1.122337 1.431824 -2.395007
v 1.106970 1.410417 -2.397488
v 1.133804 1.427277 -2.416579
v 1.120879 1.406797 -2.421145
v 1.236508 1.443885 -2.369835
v 1.242418 1.435622 -2.356056
v 1.259386 1.427293 -2.370957
v 1.253817 1.436642 -2.385439
v 1.173758 1.443885 -2.425742
v 1.159391 1.435622 -2.430028
v 1.187785 1.447348 -2.420745
v 1.202420 1.441435 -2.439765
v 1.187269 1.436642 -2.444730
v 1.172242 1.427293 -2.448597
v 1.252952 1.440367 -2.427827
v 1.263164 1.438175 -2.415916
v 1.278348 1.437255 -2.431720
v 1.267675 1.440044 -2.443737
v 1.255631 1.440044 -2.454468
v 1.241214 1.440367 -2.438286
v 1.282018 1.441600 -2.459725
v 1.293052 1.438363 -2.447865
v 1.307768 1.440882 -2.464751
v 1.296548 1.444416 -2.476317
v 1.284590 1.444416 -2.486971
v 1.269919 1.441600 -2.470505
v 1.143376 1.391928 -2.216997
v 1.135841 1.381173 -2.217012
v 1.146466 1.368950 -2.226989
v 1.155238 1.380163 -2.228785
v 1.148204 1.402634 -2.219510
v 1.137092 1.411697 -2.203951
v 1.133129 1.400576 -2.203043
v 1.126427 1.389581 -2.204485
v 1.032641 1.391928 -2.315656
v 1.034581 1.402634 -2.320740
v 1.042986 1.380163 -2.328794
v 1.042211 1.368950 -2.319874
v 1.033521 1.381173 -2.308173
v 1.022160 1.389581 -2.297381
v 1.019957 1.400576 -2.303872
v 1.020403 1.411697 -2.307913
v 1.168380 1.366853 -2.235965
v 1.158270 1.353729 -2.232519
v 1.169571 1.334676 -2.236632
v 1.181210 1.349754 -2.241174
v 1.048608 1.366853 -2.342674
v 1.046347 1.353729 -2.332236
v 1.052308 1.349754 -2.356019
v 1.049133 1.334676 -2.343934
v 1.218078 1.389200 -2.286307
v 1.220818 1.367179 -2.277079
v 1.242570 1.364753 -2.298632
v 1.240629 1.386184 -2.305982
v 1.092903 1.389200 -2.397830
v 1.083421 1.367179 -2.399492
v 1.109854 1.386184 -2.422494
v 1.102330 1.364753 -2.423578
v 1.249667 1.420066 -2.344061
v 1.255667 1.400443 -2.333657
v 1.270679 1.393098 -2.350068
v 1.265785 1.412026 -2.359449
v 1.146642 1.420066 -2.435850
v 1.135617 1.400443 -2.440614
v 1.160075 1.412026 -2.453631
v 1.150193 1.393098 -2.457413
v 1.270322 1.431599 -2.401099
v 1.275869 1.420562 -2.386333
v 1.292179 1.416013 -2.402512
v 1.286282 1.428890 -2.417129
v 1.200927 1.431599 -2.462926
v 1.185622 1.420562 -2.466739
v 1.216469 1.438175 -2.457519
v 1.230422 1.437255 -2.474419
v 1.215016 1.428890 -2.480623
v 1.199818 1.416013 -2.484800
v 1.301956 1.428651 -2.433845
v 1.308626 1.414230 -2.419818
v 1.324985 1.414769 -2.437972
v 1.317515 1.430282 -2.451361
v 1.229819 1.428651 -2.498114
v 1.215119 1.414230 -2.503128
v 1.244770 1.438363 -2.490881
v 1.259852 1.440883 -2.507442
v 1.245430 1.430282 -2.515584
v 1.231272 1.414769 -2.521466
v 1.279650 1.325958 -2.348325
v 1.282130 1.346349 -2.351872
v 1.271224 1.351663 -2.336058
v 1.271449 1.330410 -2.333284
v 1.271223 1.308911 -2.333004
v 1.276298 1.305272 -2.347487
v 1.282653 1.302064 -2.362121
v 1.288922 1.322625 -2.363378
v 1.293723 1.342443 -2.367697
v 1.147430 1.325958 -2.466124
v 1.146983 1.305272 -2.462698
v 1.133180 1.308911 -2.455992
v 1.133432 1.330410 -2.456249
v 1.136214 1.351663 -2.456344
v 1.150669 1.346349 -2.468996
v 1.165056 1.342443 -2.482332
v 1.161317 1.322625 -2.477066
v 1.160790 1.302064 -2.470694
v 1.260854 1.336600 -2.315871
v 1.263112 1.313774 -2.316228
v 1.258705 1.358690 -2.318302
v 1.246593 1.341819 -2.296658
v 1.251316 1.317621 -2.298236
v 1.117352 1.336600 -2.443722
v 1.120015 1.358690 -2.441867
v 1.117448 1.313774 -2.446007
v 1.100932 1.317621 -2.432220
v 1.099907 1.341819 -2.427347
v 1.227396 1.343356 -2.276217
v 1.207749 1.339020 -2.258398
v 1.217535 1.313563 -2.264359
v 1.235185 1.318217 -2.280106
v 1.081809 1.343356 -2.405927
v 1.066366 1.339020 -2.384362
v 1.084776 1.318217 -2.414111
v 1.071163 1.313563 -2.394768
v 1.257828 1.379978 -2.324651
v 1.271729 1.372769 -2.341962
v 1.126422 1.379978 -2.441725
v 1.142020 1.372769 -2.457525
v 1.281247 1.404988 -2.374577
v 1.284678 1.386506 -2.365198
v 1.298866 1.381265 -2.380725
v 1.296741 1.399690 -2.390417
v 1.173325 1.404988 -2.470729
v 1.163614 1.386506 -2.473059
v 1.187279 1.399690 -2.487942
v 1.177407 1.381265 -2.488938
v 1.312960 1.396867 -2.407942
v 1.314440 1.377975 -2.398326
v 1.330624 1.376919 -2.416957
v 1.329379 1.396498 -2.426410
v 1.202823 1.396867 -2.506068
v 1.193100 1.377975 -2.506433
v 1.219281 1.396498 -2.524501
v 1.209747 1.376919 -2.524651
v 1.345474 1.398562 -2.445081
v 1.341031 1.417190 -2.456693
v 1.346641 1.378380 -2.435577
v 1.362832 1.380387 -2.454715
v 1.361511 1.401095 -2.464239
v 1.356883 1.420028 -2.475939
v 1.235978 1.398562 -2.542636
v 1.226402 1.378380 -2.542702
v 1.248023 1.417190 -2.539557
v 1.265320 1.420028 -2.557517
v 1.253165 1.401095 -2.560769
v 1.243552 1.380387 -2.560986
v 1.284389 1.366746 -2.357563
v 1.297449 1.362087 -2.373315
v 1.156063 1.366746 -2.471895
v 1.170209 1.362087 -2.486678
v 1.312549 1.358968 -2.391079
v 1.308307 1.339641 -2.385485
v 1.324390 1.337703 -2.404417
v 1.328650 1.357481 -2.409894
v 1.186119 1.358968 -2.503721
v 1.181050 1.339641 -2.498863
v 1.202958 1.357481 -2.521878
v 1.198007 1.337703 -2.517016
v 1.333131 1.433187 -2.469793
v 1.322991 1.444199 -2.482776
v 1.348764 1.436470 -2.488839
v 1.338535 1.447868 -2.501486
v 1.261945 1.433187 -2.533216
v 1.276008 1.444199 -2.524635
v 1.292806 1.447868 -2.542228
v 1.279067 1.436470 -2.550935
v 1.364376 1.439234 -2.508198
v 1.354219 1.451442 -2.520424
v 1.372664 1.421819 -2.495671
v 1.389183 1.423003 -2.516193
v 1.380726 1.441573 -2.528140
v 1.370620 1.454748 -2.539851
v 1.296503 1.439234 -2.568669
v 1.283106 1.421819 -2.575461
v 1.309815 1.451442 -2.559984
v 1.327229 1.454748 -2.578511
v 1.314433 1.441573 -2.587203
v 1.301593 1.423003 -2.594231
v 1.377757 1.402131 -2.484172
v 1.379539 1.380969 -2.474899
v 1.397008 1.380829 -2.496393
v 1.394758 1.402424 -2.505214
v 1.271098 1.402131 -2.579199
v 1.261681 1.380969 -2.579904
v 1.290045 1.402424 -2.598506
v 1.281024 1.380829 -2.599727
v 1.398574 1.443583 -2.548932
v 1.388319 1.457611 -2.560030
v 1.407253 1.424017 -2.537811
v 1.426816 1.425622 -2.559421
v 1.418131 1.445534 -2.570260
v 1.407541 1.459813 -2.581098
v 1.333035 1.443583 -2.607323
v 1.320990 1.424017 -2.614666
v 1.345239 1.457611 -2.598412
v 1.363957 1.459813 -2.619929
v 1.351973 1.445534 -2.629203
v 1.340208 1.425622 -2.636584
v 1.439609 1.447692 -2.591810
v 1.428515 1.461135 -2.603194
v 1.447812 1.428576 -2.579923
v 1.468485 1.431377 -2.598305
v 1.460650 1.449244 -2.612091
v 1.448957 1.461414 -2.624531
v 1.370911 1.447692 -2.653015
v 1.358160 1.428576 -2.659798
v 1.383495 1.461135 -2.643304
v 1.402341 1.461414 -2.666064
v 1.388639 1.449244 -2.676249
v 1.374044 1.431377 -2.682447
v 1.311828 1.447870 -2.494039
v 1.327578 1.451667 -2.512426
v 1.316256 1.451667 -2.522513
v 1.300153 1.447870 -2.504440
v 1.343517 1.455512 -2.531017
v 1.360100 1.459139 -2.550127
v 1.349373 1.459139 -2.559684
v 1.332543 1.455511 -2.540794
v 1.377782 1.462286 -2.570072
v 1.396800 1.464572 -2.591136
v 1.385982 1.464572 -2.600775
v 1.367103 1.462286 -2.579585
v 1.417391 1.465616 -2.613605
v 1.437429 1.465471 -2.635476
v 1.425984 1.465471 -2.645674
v 1.406254 1.465616 -2.623528
v 1.454785 1.464189 -2.654750
v 1.466588 1.460485 -2.643322
v 1.481978 1.458636 -2.659504
v 1.469833 1.462161 -2.671170
v 1.458052 1.462161 -2.681667
v 1.443237 1.464189 -2.665039
v 1.482946 1.459778 -2.684478
v 1.495698 1.456157 -2.673013
v 1.470464 1.459778 -2.695598
v 1.508989 1.445293 -2.660862
v 1.494848 1.448063 -2.645499
v 1.504021 1.431711 -2.628903
v 1.519752 1.428630 -2.647577
v 1.533211 1.424250 -2.668626
v 1.521153 1.441528 -2.677131
v 1.431529 1.445293 -2.729874
v 1.417094 1.428630 -2.739038
v 1.400353 1.431711 -2.721265
v 1.417893 1.448063 -2.714061
v 1.433285 1.458636 -2.702886
v 1.445128 1.456157 -2.718068
v 1.456851 1.453137 -2.731733
v 1.446292 1.441528 -2.743829
v 1.436457 1.424250 -2.754828
v 1.524922 1.407612 -2.632709
v 1.542733 1.403372 -2.659686
v 1.505070 1.410850 -2.609467
v 1.502082 1.386954 -2.591448
v 1.526609 1.383612 -2.618706
v 1.549348 1.379664 -2.650818
v 1.401730 1.407612 -2.742465
v 1.380925 1.410850 -2.720072
v 1.426481 1.403372 -2.763259
v 1.416912 1.379664 -2.768811
v 1.387627 1.383612 -2.742531
v 1.363369 1.386954 -2.715032
v 1.555204 1.399608 -2.685287
v 1.564491 1.376985 -2.678600
v 1.572442 1.375004 -2.703173
v 1.562159 1.395591 -2.708897
v 1.550646 1.415300 -2.715800
v 1.543337 1.419540 -2.691101
v 1.450478 1.399608 -2.778591
v 1.473133 1.395591 -2.788214
v 1.466265 1.375004 -2.797771
v 1.442769 1.376985 -2.787048
v 1.457618 1.419540 -2.767471
v 1.481313 1.415300 -2.777571
v 1.568914 1.351219 -2.671356
v 1.552681 1.353900 -2.642529
v 1.553981 1.328216 -2.635404
v 1.570233 1.325374 -2.664525
v 1.578368 1.323498 -2.690117
v 1.577182 1.349657 -2.696579
v 1.435064 1.351219 -2.790608
v 1.428127 1.325374 -2.791133
v 1.401067 1.328216 -2.771641
v 1.408295 1.353900 -2.771169
v 1.459170 1.349657 -2.801722
v 1.452613 1.323498 -2.802157
v 1.570211 1.302514 -2.659083
v 1.554493 1.304747 -2.630025
v 1.554156 1.282403 -2.626095
v 1.569097 1.280947 -2.654494
v 1.576649 1.278862 -2.679931
v 1.577987 1.300473 -2.684786
v 1.422723 1.302514 -2.790485
v 1.418293 1.280947 -2.788851
v 1.391800 1.282403 -2.770745
v 1.395665 1.304747 -2.771531
v 1.447362 1.300473 -2.801166
v 1.442693 1.278862 -2.799278
v 1.531177 1.437234 -2.695731
v 1.539219 1.435355 -2.713629
v 1.463616 1.437234 -2.755924
v 1.480470 1.435355 -2.765970
v 1.470799 1.449666 -2.744328
v 1.484870 1.448040 -2.755482
v 1.563424 1.390593 -2.729904
v 1.573601 1.373152 -2.725657
v 1.570343 1.369928 -2.742387
v 1.561193 1.383126 -2.745148
v 1.551194 1.392844 -2.750129
v 1.554566 1.403018 -2.734457
v 1.493855 1.390593 -2.791886
v 1.509254 1.383126 -2.791423
v 1.505460 1.369928 -2.800194
v 1.488466 1.373152 -2.801507
v 1.499396 1.403018 -2.783610
v 1.515351 1.392844 -2.782062
v 1.579046 1.348917 -2.720284
v 1.580962 1.322495 -2.714684
v 1.576933 1.324578 -2.736797
v 1.576425 1.349331 -2.738310
v 1.482503 1.348917 -2.806298
v 1.476719 1.322495 -2.807558
v 1.500711 1.349331 -2.805768
v 1.499150 1.324578 -2.806098
v 1.580554 1.298493 -2.709757
v 1.578960 1.276111 -2.704778
v 1.574109 1.273779 -2.723811
v 1.575811 1.297556 -2.729470
v 1.471872 1.298493 -2.806586
v 1.467110 1.276111 -2.804430
v 1.492000 1.297556 -2.804141
v 1.486574 1.273779 -2.801800
v 1.577321 1.254552 -2.699021
v 1.574964 1.256946 -2.674894
v 1.574148 1.236122 -2.671041
v 1.576844 1.234510 -2.693926
v 1.572333 1.232514 -2.709759
v 1.572507 1.252158 -2.716730
v 1.461579 1.254552 -2.802140
v 1.456573 1.234510 -2.801081
v 1.434149 1.236122 -2.795772
v 1.437883 1.256946 -2.797025
v 1.479725 1.252158 -2.799394
v 1.472819 1.232514 -2.798419
v 1.571243 1.351230 -2.746500
v 1.567590 1.342769 -2.746968
v 1.562916 1.354643 -2.749646
v 1.565043 1.363833 -2.749697
v 1.509442 1.351230 -2.801561
v 1.510327 1.342769 -2.797987
v 1.513330 1.363833 -2.795770
v 1.513524 1.354643 -2.793651
v 1.558341 1.342040 -2.749643
v 1.547610 1.344393 -2.753987
v 1.548326 1.359883 -2.754598
v 1.555738 1.357590 -2.751942
v 1.561603 1.323058 -2.745239
v 1.546890 1.325721 -2.751132
v 1.514048 1.342040 -2.789105
v 1.516631 1.357590 -2.786785
v 1.520121 1.359883 -2.779727
v 1.519596 1.344393 -2.778946
v 1.516843 1.325721 -2.777902
v 1.509298 1.323058 -2.791840
v 1.561660 1.298646 -2.739398
v 1.560177 1.272951 -2.731805
v 1.537912 1.269084 -2.730920
v 1.545510 1.300223 -2.744965
v 1.503489 1.298646 -2.791225
v 1.496117 1.272951 -2.788879
v 1.510875 1.300223 -2.775822
v 1.497797 1.269084 -2.766660
v 1.539516 1.345177 -2.759460
v 1.537461 1.326609 -2.757129
v 1.530672 1.326609 -2.763177
v 1.532740 1.345177 -2.765497
v 1.533570 1.360647 -2.766429
v 1.540941 1.360647 -2.759861
v 1.534769 1.300749 -2.751594
v 1.524505 1.273095 -2.738160
v 1.515518 1.273095 -2.746167
v 1.526732 1.300749 -2.758754
v 1.558816 1.250122 -2.722147
v 1.558798 1.229834 -2.712317
v 1.538314 1.225446 -2.703887
v 1.537495 1.245202 -2.715067
v 1.486679 1.250122 -2.786417
v 1.476916 1.229834 -2.785269
v 1.482098 1.245202 -2.764423
v 1.470897 1.225446 -2.763951
v 1.578740 1.216679 -2.690933
v 1.575420 1.217786 -2.669736
v 1.578035 1.199487 -2.670330
v 1.581734 1.199133 -2.689841
v 1.578500 1.197379 -2.701332
v 1.574915 1.214668 -2.704427
v 1.453381 1.216679 -2.802620
v 1.451952 1.199133 -2.805469
v 1.432996 1.199487 -2.799551
v 1.432707 1.217786 -2.796885
v 1.467226 1.214668 -2.800372
v 1.463739 1.197379 -2.803577
v 1.557660 1.371705 -2.751469
v 1.549694 1.375835 -2.754034
v 1.515940 1.371705 -2.788640
v 1.519403 1.375835 -2.781021
v 1.541742 1.377212 -2.759607
v 1.533798 1.377212 -2.766685
v 1.534107 1.391765 -2.767032
v 1.542433 1.391765 -2.759614
v 1.201571 1.050584 -2.344440
v 1.199229 1.027987 -2.344301
v 1.195566 1.031057 -2.334544
v 1.197657 1.053003 -2.333394
v 1.198641 1.076697 -2.331391
v 1.202450 1.075379 -2.343236
v 1.209578 1.074193 -2.353376
v 1.208405 1.048456 -2.353141
v 1.204962 1.020819 -2.352029
v 1.152547 1.050584 -2.388117
v 1.142025 1.053003 -2.382959
v 1.143408 1.031057 -2.381014
v 1.152679 1.027987 -2.385774
v 1.159697 1.020819 -2.392358
v 1.160405 1.048456 -2.395906
v 1.160504 1.074193 -2.397098
v 1.151251 1.075379 -2.388851
v 1.139922 1.076697 -2.383706
v 1.196160 1.019724 -2.341496
v 1.196480 1.015535 -2.343830
v 1.189890 1.017180 -2.332742
v 1.193400 1.021743 -2.333503
v 1.150245 1.019724 -2.382403
v 1.142623 1.021743 -2.378742
v 1.142271 1.017180 -2.375168
v 1.152527 1.015535 -2.382989
v 1.201127 1.090236 -2.342015
v 1.208386 1.089319 -2.352784
v 1.197484 1.091251 -2.329873
v 1.195384 1.105024 -2.327745
v 1.198493 1.103848 -2.339836
v 1.205490 1.102853 -2.350871
v 1.150190 1.090236 -2.387396
v 1.138547 1.091251 -2.382382
v 1.160053 1.089319 -2.395846
v 1.158486 1.102853 -2.392750
v 1.148328 1.103848 -2.384529
v 1.136675 1.105024 -2.380051
v 1.195438 1.124904 -2.335755
v 1.201552 1.123814 -2.347146
v 1.193537 1.126374 -2.323915
v 1.191759 1.149405 -2.319205
v 1.192128 1.147461 -2.330841
v 1.197184 1.146184 -2.342759
v 1.144626 1.124904 -2.381026
v 1.133083 1.126374 -2.377776
v 1.155238 1.123814 -2.388409
v 1.151382 1.146184 -2.383566
v 1.140125 1.147461 -2.377173
v 1.128608 1.149405 -2.375468
v 1.218094 1.088950 -2.359687
v 1.215634 1.102446 -2.358925
v 1.226625 1.102622 -2.363081
v 1.228247 1.088933 -2.362478
v 1.227844 1.073520 -2.360668
v 1.218580 1.073679 -2.359056
v 1.165794 1.088950 -2.406283
v 1.167400 1.088933 -2.416689
v 1.168185 1.102622 -2.415147
v 1.165320 1.102446 -2.403752
v 1.165112 1.073679 -2.406693
v 1.165648 1.073520 -2.416082
v 1.216206 1.047406 -2.356947
v 1.224081 1.046978 -2.357099
v 1.219560 1.020900 -2.353395
v 1.212918 1.021625 -2.354547
v 1.163289 1.047406 -2.404092
v 1.161283 1.021625 -2.400551
v 1.159376 1.020900 -2.407016
v 1.162535 1.046978 -2.411933
v 1.210663 1.007830 -2.353044
v 1.203464 1.008477 -2.351927
v 1.216884 1.006885 -2.351181
v 1.214282 0.999258 -2.348738
v 1.208121 1.000182 -2.350925
v 1.200868 1.000585 -2.350573
v 1.160050 1.007830 -2.398138
v 1.157484 1.006885 -2.404103
v 1.159767 1.008477 -2.390858
v 1.158721 1.000585 -2.388123
v 1.158237 1.000182 -2.395369
v 1.155356 0.999258 -2.401237
v 1.194365 1.008285 -2.345492
v 1.191431 0.999860 -2.345701
v 1.180412 0.998955 -2.338140
v 1.185701 1.008458 -2.337254
v 1.154422 1.008285 -2.381079
v 1.154966 0.999860 -2.378189
v 1.147234 1.008458 -2.371526
v 1.148722 0.998955 -2.366374
v 1.179811 1.010202 -2.330725
v 1.183842 1.016715 -2.325599
v 1.175507 1.004134 -2.331666
v 1.173037 1.008132 -2.326479
v 1.176306 1.012430 -2.325873
v 1.179459 1.017248 -2.320878
v 1.141425 1.010202 -2.364924
v 1.142856 1.004134 -2.360757
v 1.135871 1.016715 -2.368339
v 1.131684 1.017248 -2.363442
v 1.137009 1.012430 -2.360885
v 1.137987 1.008132 -2.357707
v 1.174804 1.014053 -2.322669
v 1.172333 1.011683 -2.321796
v 1.172821 1.015176 -2.315722
v 1.176812 1.017432 -2.317770
v 1.133998 1.014053 -2.359024
v 1.133415 1.011683 -2.356469
v 1.128902 1.017432 -2.360456
v 1.127326 1.015176 -2.356256
v 1.168295 1.008170 -2.318844
v 1.168903 1.004750 -2.324027
v 1.166193 1.002900 -2.320939
v 1.164601 1.004518 -2.316038
v 1.164093 1.006029 -2.311128
v 1.167974 1.009864 -2.314303
v 1.130947 1.008170 -2.352118
v 1.128585 1.004518 -2.348126
v 1.133270 1.002900 -2.350272
v 1.136026 1.004750 -2.353319
v 1.126473 1.009864 -2.351278
v 1.123766 1.006029 -2.347057
v 1.163163 1.001730 -2.315602
v 1.162132 1.003976 -2.309715
v 1.165908 0.999909 -2.322807
v 1.167048 0.995535 -2.324693
v 1.163590 0.997906 -2.316335
v 1.162136 1.000791 -2.308712
v 1.128317 1.001730 -2.346648
v 1.135158 0.999909 -2.350203
v 1.122588 1.003976 -2.344947
v 1.121591 1.000791 -2.344836
v 1.128996 0.997906 -2.347156
v 1.136901 0.995535 -2.351552
v 1.170448 1.000707 -2.328594
v 1.172438 0.995790 -2.331642
v 1.140386 1.000707 -2.355378
v 1.143184 0.995790 -2.357706
v 1.174386 0.989748 -2.332266
v 1.181233 0.990965 -2.338340
v 1.182119 0.985759 -2.334996
v 1.175695 0.984873 -2.329737
v 1.171203 0.985945 -2.324788
v 1.169043 0.989481 -2.325238
v 1.143580 0.989748 -2.359712
v 1.140918 0.984873 -2.360722
v 1.145402 0.985759 -2.367707
v 1.148826 0.990965 -2.367212
v 1.137213 0.989481 -2.353597
v 1.136518 0.985945 -2.355690
v 1.189297 0.992149 -2.343674
v 1.188850 0.986525 -2.338591
v 1.197303 0.992906 -2.346907
v 1.195366 0.987056 -2.340330
v 1.153198 0.992149 -2.375836
v 1.148200 0.986525 -2.374807
v 1.149178 0.987056 -2.381480
v 1.155489 0.992906 -2.384161
v 1.203973 0.992842 -2.346676
v 1.201146 0.987235 -2.340018
v 1.209985 0.992346 -2.344350
v 1.206522 0.987208 -2.338327
v 1.154493 0.992842 -2.390759
v 1.148204 0.987235 -2.387186
v 1.145906 0.987208 -2.392332
v 1.151491 0.992346 -2.396464
v 1.165328 0.991475 -2.308514
v 1.165276 0.995081 -2.308020
v 1.164121 0.992544 -2.310516
v 1.168162 0.986073 -2.312657
v 1.168695 0.986711 -2.310119
v 1.169806 0.988414 -2.309032
v 1.121027 0.991475 -2.347983
v 1.123155 0.992544 -2.347015
v 1.120542 0.995081 -2.347875
v 1.121027 0.988414 -2.352491
v 1.122234 0.986711 -2.351512
v 1.124817 0.986073 -2.351275
v 1.165490 0.991146 -2.317039
v 1.169379 0.985110 -2.318956
v 1.129477 0.991146 -2.349125
v 1.130934 0.985110 -2.353208
v 1.162735 1.004452 -2.307884
v 1.164528 1.005670 -2.309155
v 1.163442 1.002517 -2.307674
v 1.165692 1.002639 -2.308052
v 1.120699 1.004452 -2.345335
v 1.121755 1.005670 -2.347262
v 1.120526 1.002639 -2.348292
v 1.120409 1.002517 -2.346014
v 1.165338 0.998122 -2.307960
v 1.167279 0.994905 -2.307790
v 1.120476 0.998122 -2.347930
v 1.120083 0.994905 -2.349838
v 1.167886 0.990991 -2.305894
v 1.166542 0.993493 -2.304535
v 1.170075 0.986181 -2.306277
v 1.169004 0.985865 -2.301931
v 1.118130 0.990991 -2.350223
v 1.116934 0.993493 -2.348732
v 1.114065 0.985865 -2.350878
v 1.118259 0.986181 -2.352442
v 1.164942 0.996876 -2.303592
v 1.165449 0.994192 -2.299754
v 1.163854 1.003855 -2.301967
v 1.164739 1.003330 -2.305857
v 1.116182 0.996876 -2.347034
v 1.112311 0.994192 -2.347097
v 1.118455 1.003330 -2.347093
v 1.114693 1.003855 -2.345767
v 1.167603 0.992899 -2.292923
v 1.171733 0.985233 -2.296065
v 1.174114 0.985310 -2.290737
v 1.170475 0.992530 -2.286833
v 1.169395 1.000736 -2.285516
v 1.166235 1.001505 -2.292482
v 1.105278 0.992899 -2.348451
v 1.098898 0.992530 -2.350605
v 1.102358 0.985310 -2.354668
v 1.107924 0.985233 -2.352915
v 1.104997 1.001505 -2.347042
v 1.097714 1.000736 -2.349380
v 1.173138 0.992615 -2.285217
v 1.176039 0.985872 -2.288725
v 1.177842 0.986815 -2.287997
v 1.174806 0.993647 -2.285088
v 1.173899 1.002199 -2.283859
v 1.171785 1.000070 -2.283544
v 1.096986 0.992615 -2.353064
v 1.096667 0.993647 -2.354706
v 1.099207 0.986815 -2.358056
v 1.100137 0.985872 -2.356349
v 1.095480 1.000070 -2.351527
v 1.095550 1.002199 -2.353663
v 1.174694 0.996119 -2.283460
v 1.175334 0.993271 -2.283367
v 1.175267 1.000278 -2.279689
v 1.173739 1.000931 -2.281662
v 1.095062 0.996119 -2.354407
v 1.093386 1.000931 -2.353252
v 1.091250 1.000278 -2.354543
v 1.094896 0.993271 -2.355033
v 1.174031 1.003944 -2.281065
v 1.175198 1.006205 -2.282902
v 1.176596 1.005124 -2.279549
v 1.178413 1.008662 -2.281835
v 1.092759 1.003944 -2.353473
v 1.094449 1.006205 -2.354844
v 1.093020 1.008662 -2.357914
v 1.090958 1.005124 -2.355847
v 1.177356 1.011545 -2.286049
v 1.181601 1.014901 -2.286331
v 1.182535 1.021645 -2.293384
v 1.177314 1.012404 -2.287713
v 1.097328 1.011545 -2.357349
v 1.097121 1.014901 -2.361599
v 1.098986 1.012404 -2.357499
v 1.104019 1.021645 -2.363337
v 1.190524 1.014581 -2.284549
v 1.185821 1.009235 -2.279742
v 1.192508 1.009382 -2.279015
v 1.198285 1.012307 -2.281766
v 1.207943 1.014971 -2.286246
v 1.195532 1.019454 -2.289614
v 1.094324 1.014581 -2.370257
v 1.090667 1.012307 -2.377647
v 1.088599 1.009382 -2.371592
v 1.090090 1.009235 -2.365033
v 1.098780 1.019454 -2.375814
v 1.094007 1.014971 -2.387756
v 1.173044 1.014840 -2.300022
v 1.177494 1.019542 -2.304939
v 1.169599 1.012652 -2.306962
v 1.167450 1.009732 -2.301559
v 1.168842 1.009573 -2.295413
v 1.171489 1.008835 -2.288414
v 1.175568 1.015027 -2.291873
v 1.111704 1.014840 -2.354672
v 1.107608 1.009573 -2.349968
v 1.113874 1.009732 -2.349293
v 1.118994 1.012652 -2.352048
v 1.116077 1.019542 -2.359658
v 1.103319 1.015027 -2.356242
v 1.100352 1.008835 -2.351793
v 1.175692 1.011607 -2.287723
v 1.172831 1.006282 -2.285250
v 1.099182 1.011607 -2.355889
v 1.097054 1.006282 -2.352762
v 1.171218 1.004006 -2.283762
v 1.169485 1.005240 -2.286184
v 1.095762 1.004006 -2.350989
v 1.098367 1.005240 -2.349546
v 1.166610 1.006096 -2.293106
v 1.164913 1.007423 -2.301287
v 1.105573 1.006096 -2.347486
v 1.113896 1.007423 -2.346740
v 1.166710 1.010073 -2.307487
v 1.167237 1.009894 -2.309238
v 1.119848 1.010073 -2.349239
v 1.121527 1.009894 -2.349964
v 1.166953 1.008285 -2.309435
v 1.168405 1.009337 -2.311820
v 1.121755 1.008285 -2.349704
v 1.123957 1.009337 -2.351420
v 1.167294 1.008731 -2.311661
v 1.123927 1.008731 -2.350298
v 1.183804 1.005882 -2.277357
v 1.183544 1.001491 -2.276966
v 1.193427 1.003758 -2.275854
v 1.192379 1.007134 -2.276515
v 1.087953 1.005882 -2.362755
v 1.086130 1.007134 -2.371177
v 1.085353 1.003758 -2.372142
v 1.087594 1.001491 -2.362452
v 1.199047 1.009799 -2.279045
v 1.201045 1.009784 -2.280012
v 1.087877 1.009799 -2.378091
v 1.088607 1.009784 -2.380187
v 1.198463 1.021384 -2.292773
v 1.187207 1.023421 -2.298347
v 1.210166 1.016497 -2.290370
v 1.212793 1.016423 -2.293834
v 1.201007 1.021636 -2.295977
v 1.190106 1.023563 -2.301615
v 1.101580 1.021384 -2.379090
v 1.097848 1.016497 -2.390438
v 1.108412 1.023421 -2.368548
v 1.111325 1.023563 -2.371804
v 1.104471 1.021636 -2.381985
v 1.100988 1.016423 -2.393446
v 1.180468 1.021329 -2.308171
v 1.183491 1.021529 -2.311354
v 1.118946 1.021329 -2.362984
v 1.121759 1.021529 -2.366353
v 1.188087 1.021476 -2.316121
v 1.194454 1.023417 -2.306558
v 1.198599 1.023999 -2.311277
v 1.192522 1.022186 -2.320657
v 1.125967 1.021476 -2.371466
v 1.129963 1.022186 -2.376394
v 1.119947 1.023999 -2.381352
v 1.115735 1.023417 -2.376691
v 1.195064 1.024677 -2.323148
v 1.200893 1.026324 -2.313874
v 1.202385 1.035273 -2.314711
v 1.196749 1.033930 -2.323732
v 1.132145 1.024677 -2.379205
v 1.122263 1.026324 -2.383929
v 1.132532 1.033930 -2.380946
v 1.122923 1.035273 -2.385507
v 1.204851 1.021470 -2.301180
v 1.216523 1.016292 -2.299818
v 1.220023 1.017213 -2.305731
v 1.208543 1.022037 -2.306269
v 1.109198 1.021470 -2.386402
v 1.106502 1.016292 -2.397840
v 1.113829 1.022037 -2.390654
v 1.111974 1.017213 -2.401996
v 1.218241 1.010035 -2.290060
v 1.214591 1.010631 -2.286625
v 1.217549 1.006549 -2.286542
v 1.221675 1.004079 -2.289214
v 1.227385 0.998832 -2.294766
v 1.222063 1.008600 -2.294583
v 1.096612 1.010035 -2.398424
v 1.095376 1.004079 -2.401739
v 1.093197 1.006549 -2.397332
v 1.093619 1.010631 -2.394404
v 1.100666 1.008600 -2.402740
v 1.100236 0.998832 -2.408048
v 1.210453 1.008173 -2.282173
v 1.215256 1.004755 -2.283240
v 1.206112 1.009865 -2.281449
v 1.202577 1.006108 -2.277361
v 1.207346 1.004583 -2.278378
v 1.212084 1.002937 -2.280391
v 1.089673 1.008173 -2.389781
v 1.089452 1.009865 -2.385386
v 1.090180 1.004755 -2.394675
v 1.087715 1.002937 -2.391197
v 1.086260 1.004583 -2.386259
v 1.085798 1.006108 -2.381404
v 1.210631 1.024483 -2.309130
v 1.212081 1.033750 -2.310325
v 1.221962 1.020295 -2.308985
v 1.223394 1.030494 -2.310498
v 1.116431 1.024483 -2.393057
v 1.117451 1.033750 -2.394634
v 1.116322 1.030494 -2.405893
v 1.114984 1.020295 -2.404296
v 1.226714 1.008538 -2.302299
v 1.232795 0.999676 -2.305178
v 1.238562 1.001863 -2.316266
v 1.230711 1.010440 -2.309759
v 1.107796 1.008538 -2.408248
v 1.109956 0.999676 -2.414620
v 1.114747 1.010440 -2.413076
v 1.120308 1.001863 -2.421623
v 1.219453 1.000707 -2.285203
v 1.222095 0.995664 -2.287519
v 1.213761 0.999937 -2.280334
v 1.215435 0.995513 -2.281645
v 1.091648 1.000707 -2.399069
v 1.093645 0.995664 -2.401961
v 1.088575 0.995513 -2.394669
v 1.087466 0.999937 -2.392856
v 1.206790 1.001785 -2.276914
v 1.207424 0.997927 -2.277364
v 1.201084 1.004045 -2.275244
v 1.200044 1.000885 -2.275073
v 1.084870 1.001785 -2.385538
v 1.085244 0.997927 -2.386219
v 1.083816 1.000885 -2.378625
v 1.083866 1.004045 -2.379678
v 1.199190 1.004513 -2.275623
v 1.200480 1.005728 -2.277549
v 1.199553 1.003540 -2.278478
v 1.198875 1.002633 -2.276265
v 1.084461 1.004513 -2.377839
v 1.085135 1.002633 -2.377601
v 1.087256 1.003540 -2.378529
v 1.086226 1.005728 -2.379343
v 1.207887 0.991161 -2.279311
v 1.201592 0.992657 -2.277232
v 1.203248 0.986181 -2.281485
v 1.209334 0.985006 -2.283384
v 1.214932 0.985628 -2.285823
v 1.215673 0.989362 -2.283707
v 1.087125 0.991161 -2.386903
v 1.091004 0.985006 -2.388809
v 1.089818 0.986181 -2.382545
v 1.085783 0.992657 -2.380411
v 1.090597 0.989362 -2.395143
v 1.092784 0.985628 -2.394650
v 1.199504 0.991850 -2.278244
v 1.199034 0.995537 -2.278153
v 1.199599 0.989294 -2.282626
v 1.200716 0.987176 -2.281779
v 1.087029 0.991850 -2.378453
v 1.090401 0.987176 -2.380064
v 1.091370 0.989294 -2.379051
v 1.086992 0.995537 -2.377975
v 1.198961 0.998488 -2.278200
v 1.198471 0.996215 -2.279589
v 1.087047 0.998488 -2.377908
v 1.088483 0.996215 -2.377581
v 1.196179 0.994781 -2.278363
v 1.197073 0.987656 -2.281620
v 1.197512 1.002808 -2.277579
v 1.191566 0.993837 -2.277041
v 1.193273 0.986165 -2.281047
v 1.087529 0.994781 -2.375164
v 1.086597 1.002808 -2.376398
v 1.090662 0.987656 -2.376426
v 1.090529 0.986165 -2.372585
v 1.086746 0.993837 -2.370430
v 1.212921 0.982982 -2.290210
v 1.206336 0.983935 -2.288660
v 1.206881 0.983969 -2.297427
v 1.216311 0.983104 -2.298194
v 1.223795 0.984481 -2.297608
v 1.219352 0.984146 -2.290803
v 1.097373 0.982982 -2.393157
v 1.096590 0.983935 -2.386437
v 1.097223 0.984146 -2.399613
v 1.103471 0.984481 -2.404809
v 1.104914 0.983104 -2.397442
v 1.105237 0.983969 -2.387986
v 1.222236 0.989258 -2.289646
v 1.227687 0.990108 -2.296840
v 1.095742 0.989258 -2.402345
v 1.102261 0.990108 -2.408587
v 1.232139 0.991172 -2.305002
v 1.226384 0.985063 -2.304336
v 1.227239 0.985777 -2.310766
v 1.234507 0.992053 -2.312993
v 1.109858 0.991172 -2.413948
v 1.117523 0.992053 -2.417219
v 1.116146 0.985777 -2.409744
v 1.109857 0.985063 -2.408155
v 1.232571 1.014897 -2.313509
v 1.239695 1.010130 -2.320161
v 1.241111 1.023303 -2.321914
v 1.233884 1.026638 -2.315155
v 1.118259 1.014897 -2.415355
v 1.124047 1.010130 -2.423196
v 1.119742 1.026638 -2.416848
v 1.125626 1.023303 -2.424805
v 1.217169 0.983388 -2.305740
v 1.206863 0.983881 -2.308196
v 1.204320 0.984070 -2.317965
v 1.216895 0.983798 -2.312319
v 1.112311 0.983388 -2.399162
v 1.118878 0.983798 -2.399646
v 1.125932 0.984070 -2.387804
v 1.115936 0.983881 -2.389206
v 1.197834 0.984281 -2.310685
v 1.198400 0.984285 -2.301833
v 1.190636 0.984698 -2.302563
v 1.189092 0.984252 -2.310153
v 1.183703 0.983990 -2.318096
v 1.194392 0.984125 -2.319444
v 1.119447 0.984281 -2.380524
v 1.110588 0.984285 -2.380068
v 1.128543 0.984125 -2.378112
v 1.128433 0.983990 -2.367339
v 1.119923 0.984252 -2.371778
v 1.112206 0.984698 -2.372440
v 1.193191 0.983589 -2.291367
v 1.186873 0.985428 -2.282424
v 1.180989 0.985181 -2.284605
v 1.187041 0.983798 -2.293047
v 1.198591 0.983835 -2.288761
v 1.114444 0.983460 -2.361633
v 1.108535 0.983766 -2.363018
v 1.119648 0.983541 -2.359234
v 1.183205 0.984075 -2.292269
v 1.184072 0.984568 -2.295223
v 1.178737 0.985160 -2.286441
v 1.102834 0.984075 -2.363875
v 1.103166 0.983798 -2.367774
v 1.105670 0.984568 -2.365075
v 1.097559 0.985160 -2.358766
v 1.095475 0.985181 -2.360792
v 1.181250 0.984075 -2.294011
v 1.181699 0.983766 -2.297833
v 1.104789 0.984075 -2.362133
v 1.179644 0.983460 -2.303544
v 1.176662 0.983541 -2.308438
v 1.175769 0.983457 -2.323328
v 1.174953 0.983950 -2.316570
v 1.183391 0.983953 -2.327703
v 1.134542 0.983457 -2.360059
v 1.127923 0.983950 -2.358471
v 1.138013 0.983953 -2.368133
v 1.173590 0.984804 -2.312995
v 1.175787 0.984978 -2.312963
v 1.124529 0.984804 -2.356706
v 1.124245 0.984978 -2.358884
v 1.174330 0.984394 -2.309809
v 1.121278 0.984394 -2.357075
v 1.190973 0.984362 -2.329630
v 1.197653 0.984650 -2.330242
v 1.139055 0.984362 -2.375886
v 1.138894 0.984650 -2.382592
v 1.025871 1.380524 -2.162959
v 1.023825 1.381080 -2.162941
v 1.028880 1.386418 -2.162945
v 1.029111 1.383310 -2.162776
v 1.029647 1.381302 -2.161895
v 1.024680 1.378485 -2.161772
v 1.019008 1.376506 -2.162452
v 0.992470 1.380524 -2.192717
v 0.991916 1.383310 -2.195915
v 0.992110 1.386418 -2.195705
v 0.992688 1.381080 -2.190683
v 0.992755 1.376506 -2.185841
v 0.991428 1.378485 -2.191398
v 0.990978 1.381302 -2.196346
v 1.031194 1.385122 -2.162974
v 1.031909 1.384183 -2.162985
v 1.031892 1.386978 -2.163394
v 1.034126 1.387154 -2.163777
v 0.991873 1.385122 -2.198007
v 0.991802 1.384183 -2.198718
v 0.992333 1.387154 -2.201011
v 0.992210 1.386978 -2.198748
v 1.032439 1.383672 -2.162694
v 1.033832 1.385161 -2.162820
v 1.034106 1.383891 -2.161732
v 1.032103 1.382704 -2.161387
v 0.991451 1.383672 -2.199212
v 0.991416 1.385161 -2.200609
v 0.990192 1.382704 -2.198727
v 0.990304 1.383891 -2.200757
v 1.035365 1.386124 -2.163024
v 1.036031 1.385454 -2.162701
v 1.036290 1.387257 -2.163707
v 1.037910 1.386834 -2.163578
v 0.991443 1.386124 -2.202155
v 0.991045 1.385454 -2.202780
v 0.991701 1.386834 -2.204748
v 0.992015 1.387257 -2.203153
v 1.036870 1.385090 -2.162459
v 1.038184 1.385687 -2.162852
v 1.038650 1.384654 -2.162227
v 1.036594 1.384494 -2.161692
v 0.990708 1.385090 -2.203586
v 0.990948 1.385687 -2.204936
v 0.989979 1.384494 -2.203224
v 0.990273 1.384654 -2.205327
v 1.014056 1.378368 -2.162295
v 1.017731 1.380129 -2.162359
v 1.012916 1.375946 -2.161786
v 0.993169 1.378368 -2.180905
v 0.992810 1.380129 -2.184562
v 0.992794 1.375946 -2.179713
v 1.021612 1.382393 -2.162448
v 1.023362 1.385624 -2.162250
v 0.992452 1.382393 -2.188428
v 0.992054 1.385624 -2.190144
v 1.025234 1.386900 -2.162912
v 1.028701 1.387331 -2.163826
v 0.992496 1.386900 -2.192080
v 0.993006 1.387331 -2.195628
v 1.030885 1.387500 -2.164646
v 1.031755 1.387524 -2.164420
v 0.993569 1.387500 -2.197891
v 0.993245 1.387524 -2.198731
v 1.032586 1.387591 -2.164197
v 1.034061 1.387641 -2.164893
v 0.992928 1.387591 -2.199530
v 0.993450 1.387641 -2.201075
v 1.035483 1.387626 -2.165434
v 1.036245 1.387634 -2.165022
v 0.993823 1.387626 -2.202551
v 0.993327 1.387634 -2.203260
v 1.037017 1.387609 -2.164541
v 1.038072 1.387271 -2.164808
v 0.992761 1.387609 -2.203972
v 0.992904 1.387271 -2.205050
v 1.038424 1.386419 -2.164818
v 1.038498 1.385903 -2.164073
v 0.992873 1.386419 -2.205401
v 0.992125 1.385903 -2.205389
v 1.038572 1.385465 -2.163383
v 1.038572 1.384663 -2.163321
v 0.991431 1.385465 -2.205383
v 0.991370 1.384663 -2.205375
v 1.038568 1.384315 -2.163264
v 1.038808 1.384218 -2.162792
v 0.991313 1.384315 -2.205366
v 0.990817 1.384218 -2.205549
v 1.039382 1.383813 -2.162695
v 1.039809 1.383887 -2.162379
v 1.039097 1.383353 -2.162846
v 1.040773 1.382707 -2.162795
v 0.990654 1.383813 -2.206108
v 0.990291 1.383887 -2.206496
v 0.990594 1.382707 -2.207502
v 0.990837 1.383353 -2.205843
v 1.022769 1.380386 -2.164627
v 1.024965 1.381754 -2.163936
v 0.994483 1.380386 -2.189828
v 0.993544 1.381754 -2.191930
v 1.027221 1.382853 -2.163233
v 1.031312 1.384323 -2.162850
v 0.992587 1.382853 -2.194090
v 0.991736 1.384323 -2.198110
v 1.034146 1.384629 -2.162830
v 1.034765 1.384253 -2.162527
v 0.991391 1.384629 -2.200923
v 0.991018 1.384253 -2.201502
v 1.034559 1.383524 -2.162307
v 1.036006 1.383036 -2.162519
v 0.990824 1.383524 -2.201272
v 0.990867 1.383036 -2.202734
v 1.037582 1.382828 -2.162660
v 1.037897 1.381278 -2.163492
v 0.990827 1.382828 -2.204317
v 0.991617 1.381278 -2.204725
v 1.039820 1.377875 -2.166480
v 1.043396 1.374414 -2.170268
v 1.049594 1.378736 -2.164890
v 1.044542 1.380679 -2.163624
v 0.994364 1.377875 -2.206979
v 0.997715 1.374414 -2.210966
v 0.990984 1.380679 -2.211341
v 0.991661 1.378736 -2.216505
v 1.048669 1.372689 -2.173497
v 1.040620 1.369309 -2.180917
v 1.046624 1.368951 -2.184828
v 1.054927 1.371855 -2.176748
v 1.062309 1.376559 -2.168779
v 1.055598 1.377462 -2.166423
v 1.000317 1.372689 -2.216575
v 1.002827 1.371855 -2.223166
v 1.011808 1.368951 -2.215847
v 1.008613 1.369309 -2.209433
v 0.992493 1.377462 -2.222645
v 0.994062 1.376559 -2.229583
v 1.032626 1.368183 -2.188123
v 1.024658 1.368183 -2.195221
v 1.029329 1.367983 -2.200464
v 1.038045 1.367982 -2.192698
v 1.040269 1.384375 -2.161890
v 1.042311 1.384074 -2.161623
v 1.041862 1.385530 -2.160262
v 1.039420 1.384987 -2.161282
v 0.989752 1.384375 -2.206897
v 0.989252 1.384074 -2.208895
v 0.989247 1.384987 -2.205984
v 0.987952 1.385530 -2.208292
v 1.046889 1.383464 -2.160988
v 1.046826 1.386050 -2.158645
v 1.053148 1.382906 -2.160396
v 1.053522 1.386793 -2.156868
v 0.988096 1.383464 -2.213369
v 0.985775 1.386050 -2.213037
v 0.983240 1.386793 -2.219485
v 0.986788 1.382906 -2.219519
v 1.060236 1.382766 -2.160252
v 1.068127 1.382924 -2.161239
v 1.069775 1.389623 -2.154917
v 1.061164 1.388009 -2.155367
v 0.985831 1.382766 -2.226543
v 0.985904 1.382924 -2.234495
v 0.980871 1.388009 -2.226903
v 0.979434 1.389623 -2.235406
v 1.061458 1.371068 -2.180599
v 1.052774 1.368644 -2.188653
v 1.058905 1.368114 -2.193090
v 1.068072 1.370373 -2.185288
v 1.076840 1.375198 -2.177474
v 1.069483 1.375732 -2.172514
v 1.005902 1.371068 -2.230096
v 1.009799 1.370373 -2.237206
v 1.018604 1.368114 -2.228997
v 1.014900 1.368644 -2.222396
v 0.996948 1.375732 -2.237139
v 1.001029 1.375198 -2.245017
v 1.043484 1.367836 -2.197036
v 1.033890 1.367836 -2.205583
v 1.038694 1.367362 -2.210976
v 1.048988 1.367362 -2.201805
v 1.076799 1.383263 -2.164037
v 1.085561 1.383652 -2.168728
v 1.092084 1.395902 -2.159193
v 1.079381 1.391562 -2.156290
v 0.987686 1.383263 -2.243431
v 0.991338 1.383652 -2.252675
v 0.979693 1.391562 -2.245106
v 0.981117 1.395902 -2.258059
v 1.520247 0.983406 -2.582208
v 1.513988 0.983609 -2.583515
v 1.518917 0.984632 -2.594706
v 1.527937 0.984042 -2.592282
v 1.534687 0.983744 -2.588410
v 1.525770 0.983645 -2.579828
v 1.520958 0.985911 -2.572105
v 1.514412 0.985195 -2.573335
v 1.508250 0.985128 -2.575153
v 1.352102 0.983406 -2.732015
v 1.361225 0.984042 -2.740812
v 1.364670 0.984632 -2.732131
v 1.354120 0.983609 -2.725947
v 1.346474 0.985128 -2.719286
v 1.343958 0.985195 -2.725198
v 1.341985 0.985911 -2.731560
v 1.349102 0.983645 -2.737228
v 1.356603 0.983744 -2.747072
v 1.510089 0.983879 -2.582195
v 1.510939 0.984358 -2.584798
v 1.505654 0.985627 -2.576246
v 1.505404 0.986100 -2.577907
v 1.353257 0.983879 -2.721923
v 1.355745 0.984358 -2.723067
v 1.349537 0.986100 -2.716776
v 1.347857 0.985627 -2.716833
v 1.508548 0.983879 -2.583431
v 1.503688 0.985627 -2.577823
v 1.502191 0.985080 -2.580050
v 1.509091 0.983578 -2.587469
v 1.354663 0.983879 -2.720535
v 1.349650 0.985627 -2.715062
v 1.358611 0.983578 -2.721537
v 1.352035 0.985080 -2.713831
v 1.506823 0.983280 -2.593080
v 1.499618 0.985005 -2.585347
v 1.497381 0.985520 -2.591204
v 1.503586 0.983359 -2.597758
v 1.509465 0.983838 -2.608737
v 1.514748 0.984129 -2.603009
v 1.364445 0.983280 -2.719930
v 1.369465 0.983359 -2.717252
v 1.363667 0.985520 -2.710335
v 1.357592 0.985005 -2.711884
v 1.373397 0.984129 -2.728944
v 1.379695 0.983838 -2.724355
v 1.501222 0.984188 -2.598999
v 1.502477 0.984756 -2.602133
v 1.496893 0.986749 -2.595109
v 1.497410 0.987616 -2.598201
v 1.370969 0.984188 -2.715047
v 1.373938 0.984756 -2.716654
v 1.370615 0.987616 -2.711168
v 1.367603 0.986749 -2.710299
v 1.500343 0.984587 -2.602054
v 1.495752 0.987181 -2.599004
v 1.495096 0.986006 -2.601451
v 1.501487 0.983757 -2.605592
v 1.374105 0.984587 -2.714525
v 1.371603 0.987181 -2.709614
v 1.377488 0.983757 -2.716068
v 1.374109 0.986006 -2.709243
v 1.501941 0.983276 -2.612191
v 1.495958 0.984884 -2.607628
v 1.497436 0.985695 -2.613379
v 1.501549 0.984653 -2.618408
v 1.507480 0.985429 -2.624429
v 1.508236 0.983771 -2.618013
v 1.383991 0.983276 -2.717278
v 1.390212 0.984653 -2.717602
v 1.385690 0.985695 -2.712939
v 1.380146 0.984884 -2.710810
v 1.389050 0.983771 -2.724200
v 1.395511 0.985429 -2.724187
v 1.512848 0.984207 -2.623842
v 1.516235 0.984319 -2.620417
v 1.513715 0.985922 -2.630044
v 1.520824 0.985666 -2.631780
v 1.394311 0.984207 -2.729452
v 1.390519 0.984319 -2.732423
v 1.401279 0.985666 -2.738287
v 1.400372 0.985922 -2.731026
v 1.520726 0.984394 -2.612881
v 1.525980 0.984495 -2.621045
v 1.532832 0.984113 -2.612095
v 1.527069 0.984303 -2.604898
v 1.382516 0.984394 -2.736017
v 1.390022 0.984495 -2.742175
v 1.373857 0.984303 -2.741401
v 1.380344 0.984113 -2.747952
v 1.531730 0.984852 -2.625851
v 1.528068 0.986275 -2.633426
v 1.532845 0.986946 -2.633720
v 1.536965 0.985996 -2.629605
v 1.543047 0.985808 -2.624757
v 1.538177 0.984545 -2.618740
v 1.394135 0.984852 -2.748440
v 1.402081 0.986275 -2.745672
v 1.386330 0.984545 -2.754026
v 1.391748 0.985808 -2.759555
v 1.397263 0.985996 -2.754071
v 1.401824 0.986946 -2.750452
v 1.528303 0.989785 -2.639869
v 1.522189 0.990288 -2.639097
v 1.524354 0.996814 -2.643335
v 1.530494 0.993896 -2.644957
v 1.536225 0.992588 -2.643106
v 1.534045 0.989130 -2.637923
v 1.408455 0.989785 -2.746647
v 1.413257 0.993896 -2.749409
v 1.412352 0.996814 -2.743122
v 1.408391 0.990288 -2.740484
v 1.405861 0.989130 -2.752127
v 1.410759 0.992588 -2.754888
v 1.579497 1.059147 -2.695244
v 1.568156 1.057630 -2.694502
v 1.575856 1.079997 -2.707425
v 1.589600 1.083439 -2.712992
v 1.601165 1.085399 -2.712874
v 1.589804 1.060285 -2.691742
v 1.576069 1.032912 -2.667771
v 1.567045 1.032884 -2.674294
v 1.558088 1.033731 -2.678042
v 1.457577 1.059147 -2.803868
v 1.452913 1.060285 -2.813703
v 1.472599 1.085399 -2.827419
v 1.474046 1.083439 -2.815944
v 1.470096 1.079997 -2.801651
v 1.458144 1.057630 -2.792516
v 1.442951 1.033731 -2.780623
v 1.438197 1.032884 -2.789090
v 1.430680 1.032912 -2.797304
v 1.559634 1.057791 -2.689236
v 1.550982 1.036419 -2.675833
v 1.545528 1.040668 -2.669568
v 1.553372 1.059685 -2.680488
v 1.558598 1.077008 -2.688470
v 1.565777 1.077670 -2.699314
v 1.453892 1.057791 -2.783446
v 1.445922 1.059685 -2.776219
v 1.435976 1.040668 -2.767172
v 1.441572 1.036419 -2.773310
v 1.463197 1.077670 -2.790707
v 1.453251 1.077008 -2.782329
v 1.542823 1.017537 -2.663291
v 1.549114 1.014638 -2.663401
v 1.542232 1.001489 -2.652376
v 1.536335 1.003615 -2.653529
v 1.531957 1.007460 -2.651499
v 1.538027 1.022024 -2.659458
v 1.430052 1.017537 -2.763763
v 1.421101 1.003615 -2.756196
v 1.419278 1.001489 -2.761921
v 1.429438 1.014638 -2.770025
v 1.426796 1.022024 -2.758558
v 1.419587 1.007460 -2.751614
v 1.532699 0.997120 -2.648464
v 1.528408 1.000681 -2.647033
v 1.538445 0.995423 -2.646768
v 1.416487 0.997120 -2.752001
v 1.414141 0.995423 -2.757515
v 1.415559 1.000681 -2.747574
v 1.540672 0.988455 -2.634615
v 1.543452 0.991428 -2.639582
v 1.551026 0.990884 -2.634525
v 1.547384 0.988111 -2.630070
v 1.401814 0.988455 -2.758329
v 1.406428 0.991428 -2.761663
v 1.396527 0.988111 -2.764475
v 1.400533 0.990884 -2.768604
v 1.546293 0.984378 -2.613688
v 1.549069 0.985877 -2.619773
v 1.553975 0.986626 -2.616444
v 1.554433 0.985558 -2.611549
v 1.554098 0.984303 -2.603822
v 1.542719 0.983784 -2.606896
v 1.380379 0.984378 -2.761507
v 1.386104 0.985877 -2.764965
v 1.374043 0.983784 -2.757176
v 1.369681 0.984303 -2.768126
v 1.377318 0.985558 -2.769348
v 1.382234 0.986626 -2.769455
v 1.545910 0.994114 -2.643209
v 1.549835 1.000142 -2.648598
v 1.557873 0.999661 -2.642997
v 1.553809 0.993554 -2.637965
v 1.409748 0.994114 -2.764521
v 1.403631 0.993554 -2.771764
v 1.408162 0.999661 -2.776381
v 1.414650 1.000142 -2.769040
v 1.557019 1.013140 -2.658852
v 1.565360 1.012742 -2.652227
v 1.424011 1.013140 -2.777355
v 1.416471 1.012742 -2.784878
v 1.608052 1.097440 -2.710587
v 1.606596 1.095093 -2.696091
v 1.603848 1.080084 -2.690720
v 1.604706 1.083279 -2.703930
v 1.604754 1.098788 -2.719901
v 1.601949 1.111281 -2.717675
v 1.605630 1.110936 -2.708351
v 1.604295 1.109816 -2.693434
v 1.469535 1.097440 -2.833998
v 1.479166 1.098788 -2.831792
v 1.463307 1.083279 -2.829908
v 1.450283 1.080084 -2.827537
v 1.455303 1.095093 -2.830884
v 1.452928 1.109816 -2.828293
v 1.467593 1.110936 -2.831334
v 1.477278 1.111281 -2.828749
v 1.595222 1.058989 -2.684276
v 1.596978 1.057471 -2.674683
v 1.587837 1.033518 -2.655407
v 1.583378 1.032849 -2.661658
v 1.444874 1.058989 -2.818227
v 1.435143 1.057471 -2.818868
v 1.423767 1.032849 -2.803862
v 1.417045 1.033518 -2.807572
v 1.572957 1.013141 -2.646108
v 1.578278 1.014489 -2.640319
v 1.570365 1.001434 -2.629870
v 1.565076 1.000136 -2.636376
v 1.409518 1.013141 -2.791721
v 1.400757 1.000136 -2.782774
v 1.393686 1.001434 -2.787280
v 1.403156 1.014489 -2.796342
v 1.560856 0.994107 -2.631211
v 1.566163 0.995402 -2.624511
v 1.562973 0.992541 -2.621601
v 1.557794 0.991423 -2.628071
v 1.396112 0.994107 -2.777989
v 1.393345 0.991423 -2.774585
v 1.386322 0.992541 -2.778987
v 1.388846 0.995402 -2.782490
v 1.553384 0.988452 -2.624413
v 1.558098 0.989003 -2.618497
v 1.390218 0.988452 -2.769784
v 1.383799 0.989003 -2.773787
v 1.568839 0.997068 -2.619427
v 1.565782 0.993736 -2.616493
v 1.572663 1.003423 -2.624613
v 1.571578 1.007114 -2.620074
v 1.568013 1.000576 -2.615148
v 1.565279 0.996604 -2.610322
v 1.383488 0.997068 -2.784564
v 1.388199 1.003423 -2.788959
v 1.380924 0.993736 -2.781189
v 1.374853 0.996604 -2.779981
v 1.379332 1.000576 -2.783251
v 1.383816 1.007114 -2.787359
v 1.558524 0.989540 -2.598396
v 1.561311 0.989428 -2.606968
v 1.559181 0.997132 -2.598614
v 1.553623 0.997920 -2.587248
v 1.553894 0.989434 -2.589377
v 1.550389 0.984166 -2.589747
v 1.554218 0.984416 -2.596740
v 1.363782 0.989540 -2.771899
v 1.355356 0.989434 -2.766263
v 1.353271 0.997920 -2.765749
v 1.363924 0.997132 -2.772577
v 1.371977 0.989428 -2.775653
v 1.362633 0.984416 -2.767431
v 1.356126 0.984166 -2.762824
v 1.560955 0.989288 -2.613175
v 1.378184 0.989288 -2.776013
v 1.544829 1.009120 -2.582034
v 1.536976 1.015403 -2.581931
v 1.535025 1.013920 -2.577818
v 1.541458 1.009700 -2.578518
v 1.544333 1.005731 -2.578585
v 1.548203 1.003328 -2.581384
v 1.548729 1.007310 -2.587122
v 1.539977 1.015080 -2.586190
v 1.349103 1.009120 -2.756414
v 1.348070 1.003328 -2.759691
v 1.345734 1.005731 -2.755525
v 1.345998 1.009700 -2.752661
v 1.346042 1.013920 -2.746191
v 1.349904 1.015403 -2.748601
v 1.353789 1.015080 -2.752072
v 1.353709 1.007310 -2.760873
v 1.554111 1.006009 -2.596365
v 1.545170 1.014197 -2.594479
v 1.559348 1.005832 -2.605651
v 1.550661 1.013821 -2.603119
v 1.362273 1.006009 -2.767282
v 1.361427 1.014197 -2.758183
v 1.369378 1.013821 -2.764631
v 1.370894 1.005832 -2.773552
v 1.562813 1.007394 -2.610864
v 1.566718 1.013515 -2.615725
v 1.558907 1.020639 -2.613344
v 1.554556 1.015016 -2.608428
v 1.375674 1.007394 -2.777594
v 1.380054 1.013515 -2.782031
v 1.374204 1.015016 -2.769111
v 1.378588 1.020639 -2.773998
v 1.579791 1.016941 -2.634685
v 1.577967 1.020962 -2.629224
v 1.588308 1.035742 -2.648472
v 1.585576 1.039446 -2.641292
v 1.397386 1.016941 -2.797198
v 1.392170 1.020962 -2.794757
v 1.403283 1.039446 -2.803703
v 1.410102 1.035742 -2.807243
v 1.604507 1.093616 -2.681623
v 1.599880 1.092688 -2.667724
v 1.598089 1.078807 -2.665405
v 1.602214 1.078816 -2.677806
v 1.601681 1.108431 -2.677993
v 1.596414 1.106892 -2.663208
v 1.441170 1.093616 -2.827146
v 1.437643 1.078816 -2.824429
v 1.425798 1.078807 -2.818906
v 1.427896 1.092688 -2.820952
v 1.423808 1.106892 -2.816990
v 1.437890 1.108431 -2.823922
v 1.592239 1.129351 -2.668663
v 1.585929 1.126773 -2.653136
v 1.596020 1.131574 -2.685383
v 1.586696 1.156010 -2.676707
v 1.581534 1.153057 -2.658415
v 1.573853 1.149580 -2.641639
v 1.429707 1.129351 -2.813469
v 1.445882 1.131574 -2.819147
v 1.415008 1.126773 -2.805415
v 1.404976 1.149580 -2.792098
v 1.420758 1.153057 -2.801657
v 1.438335 1.156010 -2.808888
v 1.553374 1.167979 -2.617424
v 1.565617 1.172559 -2.632849
v 1.559868 1.195129 -2.626735
v 1.545094 1.190581 -2.607332
v 1.528773 1.185337 -2.592811
v 1.539583 1.163202 -2.606298
v 1.552054 1.142024 -2.620012
v 1.563757 1.145754 -2.628989
v 1.383276 1.167979 -2.768971
v 1.373810 1.163202 -2.753993
v 1.361655 1.185337 -2.741704
v 1.374203 1.190581 -2.759585
v 1.391779 1.195129 -2.776493
v 1.397192 1.172559 -2.782906
v 1.393571 1.145754 -2.780615
v 1.385999 1.142024 -2.767957
v 1.576553 1.124047 -2.640769
v 1.565585 1.121580 -2.631808
v 1.576306 1.104090 -2.640615
v 1.587117 1.105309 -2.650256
v 1.403802 1.124047 -2.794680
v 1.396161 1.121580 -2.782755
v 1.412011 1.105309 -2.806265
v 1.403677 1.104090 -2.794417
v 1.590807 1.091991 -2.654940
v 1.580343 1.091772 -2.645360
v 1.579970 1.080480 -2.645079
v 1.589759 1.079388 -2.653732
v 1.416240 1.091991 -2.810469
v 1.407927 1.091772 -2.798973
v 1.415161 1.079388 -2.809289
v 1.407690 1.080480 -2.798570
v 1.586107 1.062795 -2.645544
v 1.592802 1.059894 -2.654973
v 1.577460 1.066069 -2.638806
v 1.572747 1.049953 -2.629671
v 1.580423 1.044555 -2.634306
v 1.407446 1.062795 -2.804720
v 1.401747 1.066069 -2.795355
v 1.416043 1.059894 -2.812454
v 1.396937 1.044555 -2.797781
v 1.393214 1.049953 -2.789624
v 1.573274 1.027015 -2.623953
v 1.565767 1.033547 -2.620805
v 1.387474 1.027015 -2.789490
v 1.385210 1.033547 -2.781671
v 1.555502 1.039002 -2.621710
v 1.548970 1.026499 -2.614713
v 1.562448 1.054523 -2.629538
v 1.552166 1.056851 -2.633628
v 1.545271 1.041628 -2.626431
v 1.539291 1.029179 -2.619662
v 1.387289 1.039002 -2.771578
v 1.394267 1.054523 -2.779377
v 1.381090 1.026499 -2.764285
v 1.387119 1.029179 -2.755239
v 1.393155 1.041628 -2.761957
v 1.399511 1.056851 -2.769634
v 1.455894 1.231784 -2.577534
v 1.465446 1.214181 -2.580649
v 1.476943 1.220056 -2.566285
v 1.467165 1.242873 -2.562600
v 1.454834 1.268971 -2.557809
v 1.444484 1.244524 -2.571746
v 1.439639 1.229125 -2.597344
v 1.453771 1.222576 -2.601689
v 1.462320 1.210216 -2.603885
v 1.354858 1.231784 -2.667552
v 1.350420 1.244524 -2.655551
v 1.335386 1.268971 -2.664231
v 1.338727 1.242873 -2.677030
v 1.341264 1.220056 -2.687167
v 1.356854 1.214181 -2.677399
v 1.380295 1.210216 -2.676964
v 1.379096 1.222576 -2.668219
v 1.376405 1.229125 -2.653681
v 1.484982 1.251370 -2.558443
v 1.493547 1.226733 -2.563696
v 1.513237 1.232706 -2.573194
v 1.507115 1.257055 -2.567567
v 1.502198 1.282141 -2.565201
v 1.478223 1.277624 -2.556517
v 1.332549 1.251370 -2.694252
v 1.339068 1.257055 -2.717286
v 1.343954 1.232706 -2.724015
v 1.336782 1.226733 -2.703364
v 1.331413 1.277624 -2.687317
v 1.337283 1.282141 -2.712130
v 1.502733 1.202940 -2.573175
v 1.520224 1.208653 -2.581692
v 1.487612 1.197786 -2.575042
v 1.499526 1.176350 -2.587080
v 1.513206 1.180255 -2.585680
v 1.345142 1.202940 -2.713579
v 1.348735 1.197786 -2.698772
v 1.351592 1.208653 -2.731933
v 1.356360 1.180255 -2.725420
v 1.359324 1.176350 -2.711991
v 1.525632 1.158939 -2.600010
v 1.513040 1.156039 -2.600611
v 1.528012 1.136838 -2.614269
v 1.539551 1.138834 -2.614254
v 1.369167 1.158939 -2.739411
v 1.371212 1.156039 -2.726971
v 1.381716 1.138834 -2.754875
v 1.383058 1.136838 -2.743414
v 1.554502 1.119781 -2.626496
v 1.544301 1.118732 -2.626688
v 1.557632 1.103444 -2.636470
v 1.566495 1.103642 -2.635762
v 1.392159 1.119781 -2.771134
v 1.393522 1.118732 -2.761024
v 1.399984 1.103642 -2.784113
v 1.401706 1.103444 -2.775390
v 1.571543 1.092279 -2.641074
v 1.563727 1.092698 -2.642216
v 1.563824 1.082997 -2.643525
v 1.571470 1.082006 -2.641736
v 1.404681 1.092279 -2.789738
v 1.406714 1.092698 -2.782105
v 1.405347 1.082006 -2.789742
v 1.408003 1.082997 -2.782352
v 1.476339 1.194690 -2.587921
v 1.472728 1.193213 -2.608884
v 1.485109 1.174258 -2.616362
v 1.488866 1.174639 -2.598155
v 1.362826 1.194690 -2.689055
v 1.371551 1.174639 -2.702676
v 1.390069 1.174258 -2.701037
v 1.384064 1.193213 -2.687878
v 1.503324 1.155354 -2.610153
v 1.499581 1.156038 -2.625994
v 1.515385 1.137907 -2.636585
v 1.519200 1.136694 -2.622616
v 1.381808 1.155354 -2.718417
v 1.392362 1.136694 -2.735620
v 1.406678 1.137907 -2.733437
v 1.397974 1.156038 -2.716520
v 1.535984 1.118517 -2.634238
v 1.531767 1.119218 -2.646938
v 1.545085 1.102764 -2.655353
v 1.549661 1.102975 -2.643511
v 1.401979 1.118517 -2.753630
v 1.415078 1.119218 -2.750900
v 1.409617 1.102975 -2.768282
v 1.421907 1.102764 -2.765098
v 1.533865 1.120919 -2.662576
v 1.518836 1.139986 -2.653472
v 1.527819 1.143213 -2.669829
v 1.540962 1.123439 -2.678110
v 1.552355 1.104629 -2.685831
v 1.546402 1.103343 -2.670465
v 1.430371 1.120919 -2.754782
v 1.444986 1.123439 -2.763618
v 1.438272 1.143213 -2.749611
v 1.423055 1.139986 -2.738807
v 1.436767 1.103343 -2.768144
v 1.451347 1.104629 -2.775823
v 1.504907 1.157246 -2.645492
v 1.492138 1.174341 -2.639161
v 1.506660 1.176643 -2.661196
v 1.516679 1.160159 -2.664216
v 1.416730 1.157246 -2.724052
v 1.411909 1.174341 -2.710640
v 1.433976 1.160159 -2.737899
v 1.432129 1.176643 -2.727599
v 1.480592 1.192914 -2.635000
v 1.470825 1.209272 -2.633089
v 1.488517 1.211818 -2.662601
v 1.496881 1.195032 -2.660699
v 1.409103 1.192914 -2.698692
v 1.408328 1.209272 -2.688771
v 1.432759 1.195032 -2.717828
v 1.435609 1.211818 -2.709738
v 1.463393 1.219722 -2.633507
v 1.455866 1.225345 -2.637212
v 1.477373 1.230330 -2.672546
v 1.482739 1.223491 -2.666777
v 1.409597 1.219722 -2.681435
v 1.414143 1.225345 -2.674385
v 1.440422 1.223491 -2.704478
v 1.446771 1.230330 -2.699811
v 1.428015 1.249425 -2.556454
v 1.417907 1.232617 -2.569381
v 1.434311 1.274225 -2.547513
v 1.416669 1.275947 -2.530914
v 1.409065 1.250676 -2.535615
v 1.398034 1.233183 -2.544576
v 1.337123 1.249425 -2.637434
v 1.327517 1.274225 -2.642661
v 1.351126 1.232617 -2.628879
v 1.328770 1.233183 -2.606286
v 1.318600 1.250676 -2.616214
v 1.313056 1.275947 -2.623227
v 1.390211 1.252466 -2.513182
v 1.378301 1.234973 -2.520903
v 1.398690 1.277620 -2.509879
v 1.380321 1.279797 -2.486233
v 1.371098 1.255035 -2.489519
v 1.358341 1.237702 -2.497413
v 1.298484 1.252466 -2.594906
v 1.294228 1.277620 -2.602949
v 1.307523 1.234973 -2.583962
v 1.286483 1.237702 -2.561434
v 1.277175 1.255035 -2.573198
v 1.272851 1.279797 -2.581983
v 1.437994 1.303803 -2.544694
v 1.454382 1.303767 -2.553967
v 1.455266 1.334200 -2.556019
v 1.440961 1.333854 -2.546268
v 1.427167 1.334098 -2.531153
v 1.422506 1.305112 -2.529627
v 1.324293 1.303803 -2.645995
v 1.325516 1.333854 -2.649122
v 1.333557 1.334200 -2.664454
v 1.331620 1.303767 -2.663341
v 1.311106 1.305112 -2.628877
v 1.312087 1.334098 -2.633683
v 1.405129 1.306437 -2.509190
v 1.410054 1.334859 -2.510689
v 1.391638 1.335561 -2.487777
v 1.386874 1.307864 -2.485934
v 1.292803 1.306437 -2.609266
v 1.293726 1.334859 -2.614331
v 1.271800 1.307864 -2.588458
v 1.273084 1.335561 -2.593402
v 1.445107 1.360075 -2.550507
v 1.459120 1.361583 -2.561120
v 1.464119 1.386674 -2.569984
v 1.448764 1.383978 -2.557668
v 1.433291 1.381416 -2.540940
v 1.431248 1.358830 -2.534894
v 1.329250 1.360075 -2.653728
v 1.335943 1.383978 -2.658185
v 1.346412 1.386674 -2.674854
v 1.338182 1.361583 -2.668869
v 1.315333 1.358830 -2.638166
v 1.321104 1.381416 -2.640891
v 1.351371 1.258623 -2.464986
v 1.337786 1.241089 -2.473156
v 1.361509 1.283027 -2.461804
v 1.343094 1.286840 -2.438300
v 1.331610 1.262447 -2.441490
v 1.316898 1.244257 -2.449939
v 1.255073 1.258623 -2.550783
v 1.250746 1.283027 -2.560487
v 1.264751 1.241089 -2.538227
v 1.244088 1.244257 -2.514808
v 1.234005 1.262447 -2.528451
v 1.229515 1.286840 -2.539492
v 1.312392 1.265721 -2.420936
v 1.295936 1.246331 -2.429566
v 1.325917 1.290766 -2.417431
v 1.309811 1.294690 -2.398136
v 1.295499 1.269501 -2.401988
v 1.269108 1.242122 -2.406228
v 1.215796 1.265721 -2.506998
v 1.210760 1.290766 -2.520030
v 1.226260 1.246331 -2.491643
v 1.206162 1.242122 -2.462309
v 1.198915 1.269501 -2.488038
v 1.193444 1.294690 -2.501812
v 1.368749 1.309480 -2.462410
v 1.373932 1.335631 -2.465321
v 1.356895 1.335698 -2.443794
v 1.351220 1.311514 -2.439758
v 1.250516 1.309480 -2.567749
v 1.252811 1.335631 -2.573232
v 1.230029 1.311514 -2.547731
v 1.233386 1.335698 -2.553833
v 1.413992 1.358827 -2.513951
v 1.415482 1.380672 -2.519460
v 1.395492 1.359212 -2.490922
v 1.296514 1.358827 -2.618618
v 1.301815 1.380672 -2.620731
v 1.275764 1.359212 -2.597592
v 1.450265 1.407075 -2.568008
v 1.468441 1.410230 -2.583324
v 1.431841 1.403965 -2.549381
v 1.346042 1.407075 -2.660865
v 1.359167 1.410229 -2.680681
v 1.329657 1.403965 -2.640422
v 1.334750 1.314196 -2.419113
v 1.340484 1.336388 -2.423673
v 1.318776 1.317098 -2.399722
v 1.211415 1.314196 -2.528998
v 1.215285 1.336388 -2.535217
v 1.193988 1.317098 -2.510900
v 1.377897 1.359132 -2.469049
v 1.361030 1.358622 -2.448339
v 1.256059 1.359132 -2.577599
v 1.237426 1.358622 -2.558463
v 1.413062 1.402725 -2.527700
v 1.310278 1.402725 -2.619275
v 1.478899 1.449374 -2.629614
v 1.487077 1.432524 -2.613556
v 1.403948 1.449374 -2.696392
v 1.387056 1.432524 -2.702668
v 1.418980 1.460485 -2.685738
v 1.344712 1.357719 -2.428801
v 1.219893 1.357719 -2.540008
v 1.302732 1.319789 -2.380826
v 1.294607 1.298496 -2.379352
v 1.177063 1.319789 -2.492790
v 1.176532 1.298496 -2.484549
v 1.282713 1.274843 -2.383308
v 1.274523 1.280192 -2.365690
v 1.261686 1.256134 -2.370564
v 1.267013 1.253394 -2.386777
v 1.181830 1.274843 -2.473189
v 1.187081 1.253394 -2.457992
v 1.171587 1.256134 -2.450836
v 1.165270 1.280192 -2.463028
v 1.271421 1.283988 -2.349924
v 1.266767 1.263328 -2.353721
v 1.269367 1.287070 -2.334585
v 1.266985 1.266034 -2.337411
v 1.149965 1.283988 -2.458134
v 1.154272 1.263328 -2.453948
v 1.138045 1.266034 -2.452288
v 1.134964 1.287070 -2.454330
v 1.264081 1.244509 -2.356960
v 1.265182 1.246948 -2.340867
v 1.263836 1.230811 -2.343978
v 1.262694 1.229154 -2.359415
v 1.255231 1.224221 -2.369361
v 1.255836 1.238150 -2.368272
v 1.157798 1.244509 -2.451651
v 1.160396 1.229154 -2.450556
v 1.144931 1.230811 -2.449916
v 1.141685 1.246948 -2.450895
v 1.169983 1.238150 -2.444762
v 1.171135 1.224221 -2.444286
v 1.261889 1.217848 -2.327416
v 1.262794 1.231904 -2.325691
v 1.257814 1.232361 -2.308081
v 1.257249 1.216990 -2.309780
v 1.256610 1.200590 -2.311866
v 1.260926 1.202548 -2.328969
v 1.261640 1.204810 -2.346633
v 1.262828 1.218621 -2.345771
v 1.128702 1.217848 -2.446077
v 1.130355 1.202548 -2.445300
v 1.113862 1.200590 -2.439045
v 1.111717 1.216990 -2.439440
v 1.109964 1.232361 -2.439807
v 1.126884 1.231904 -2.446778
v 1.146828 1.218621 -2.449120
v 1.147820 1.204810 -2.448040
v 1.263857 1.248529 -2.323506
v 1.258424 1.249159 -2.306797
v 1.264544 1.267921 -2.320984
v 1.257973 1.268725 -2.304946
v 1.124592 1.248529 -2.447583
v 1.108619 1.249159 -2.440265
v 1.106831 1.268725 -2.439604
v 1.122007 1.267921 -2.447976
v 1.264319 1.290275 -2.318245
v 1.255356 1.292401 -2.301546
v 1.119313 1.290275 -2.447437
v 1.103755 1.292401 -2.436614
v 1.192138 1.326623 -2.247048
v 1.178686 1.310956 -2.242357
v 1.186019 1.287097 -2.249250
v 1.201183 1.301662 -2.253520
v 1.056886 1.326623 -2.367550
v 1.053773 1.310956 -2.353647
v 1.062276 1.301662 -2.377278
v 1.059777 1.287097 -2.361724
v 1.241555 1.292249 -2.285126
v 1.225147 1.288309 -2.270836
v 1.230195 1.265312 -2.276941
v 1.245796 1.268181 -2.289803
v 1.089031 1.292249 -2.421016
v 1.093189 1.268181 -2.425767
v 1.082205 1.265312 -2.408791
v 1.076722 1.288309 -2.403074
v 1.247197 1.248742 -2.292659
v 1.232292 1.246625 -2.281785
v 1.232806 1.230506 -2.285623
v 1.247147 1.232112 -2.294679
v 1.095865 1.248742 -2.427487
v 1.086776 1.246625 -2.411431
v 1.097877 1.232112 -2.427669
v 1.090530 1.230506 -2.412383
v 1.215826 1.242151 -2.274871
v 1.213351 1.259144 -2.267744
v 1.196520 1.251061 -2.265139
v 1.199630 1.235924 -2.274009
v 1.201571 1.221650 -2.281928
v 1.216807 1.226890 -2.281053
v 1.081801 1.242151 -2.394279
v 1.082807 1.235924 -2.378092
v 1.074353 1.251061 -2.373982
v 1.075006 1.259144 -2.391001
v 1.087830 1.226890 -2.395964
v 1.090450 1.221650 -2.380929
v 1.185535 1.228545 -2.281293
v 1.180960 1.242448 -2.272048
v 1.166950 1.233951 -2.286903
v 1.175498 1.220784 -2.294479
v 1.181205 1.208512 -2.300918
v 1.189517 1.215168 -2.289204
v 1.091663 1.228545 -2.364927
v 1.105916 1.220784 -2.356472
v 1.099372 1.233951 -2.347110
v 1.083006 1.242448 -2.359320
v 1.099064 1.215168 -2.369792
v 1.111656 1.208512 -2.362882
v 1.208362 1.279075 -2.260523
v 1.191973 1.267625 -2.256865
v 1.068407 1.279075 -2.385215
v 1.066657 1.267625 -2.368514
v 1.176755 1.257038 -2.262539
v 1.171934 1.274449 -2.253211
v 1.159358 1.264717 -2.262416
v 1.163785 1.249226 -2.273266
v 1.074043 1.257038 -2.354049
v 1.065332 1.274449 -2.348188
v 1.086190 1.249226 -2.342398
v 1.075920 1.264717 -2.336753
v 1.171476 1.213410 -2.311325
v 1.177194 1.202747 -2.315109
v 1.165579 1.222712 -2.308113
v 1.175619 1.208244 -2.330351
v 1.180652 1.199002 -2.331480
v 1.123113 1.213410 -2.354414
v 1.120599 1.222712 -2.348186
v 1.126215 1.202747 -2.360529
v 1.142079 1.199002 -2.365847
v 1.141536 1.208244 -2.360717
v 1.190076 1.207104 -2.350078
v 1.211296 1.211968 -2.365419
v 1.215100 1.202618 -2.364693
v 1.194750 1.198406 -2.349735
v 1.159470 1.207104 -2.377346
v 1.172270 1.211968 -2.400189
v 1.158592 1.198406 -2.381950
v 1.171112 1.202618 -2.403884
v 1.198578 1.188975 -2.350087
v 1.217979 1.193270 -2.364346
v 1.219951 1.181921 -2.364034
v 1.201883 1.177740 -2.351031
v 1.188944 1.178014 -2.335618
v 1.184961 1.189313 -2.333197
v 1.158502 1.188975 -2.385792
v 1.143289 1.189313 -2.370324
v 1.145236 1.178014 -2.374559
v 1.159059 1.177740 -2.389184
v 1.169899 1.181921 -2.408628
v 1.170435 1.193270 -2.406705
v 1.181573 1.192105 -2.318462
v 1.185217 1.180157 -2.321956
v 1.187680 1.183681 -2.309856
v 1.185030 1.196627 -2.305696
v 1.129042 1.192105 -2.365265
v 1.115963 1.196627 -2.367231
v 1.119790 1.183681 -2.370342
v 1.132093 1.180157 -2.369287
v 1.191944 1.202156 -2.294711
v 1.193308 1.188097 -2.299128
v 1.202943 1.192579 -2.291561
v 1.202609 1.207672 -2.287347
v 1.104256 1.202156 -2.372837
v 1.095714 1.207672 -2.382584
v 1.099862 1.192579 -2.383400
v 1.108486 1.188097 -2.374699
v 1.217313 1.212154 -2.285443
v 1.217426 1.196298 -2.288946
v 1.233232 1.198846 -2.291444
v 1.233106 1.215216 -2.288707
v 1.092132 1.212154 -2.396972
v 1.093559 1.215216 -2.413035
v 1.096264 1.198846 -2.413476
v 1.095599 1.196298 -2.397486
v 1.247036 1.216470 -2.296848
v 1.246836 1.199816 -2.299221
v 1.100045 1.216470 -2.427809
v 1.102425 1.199816 -2.427883
v 1.217228 1.177676 -2.292468
v 1.233224 1.179485 -2.294240
v 1.202771 1.174961 -2.295866
v 1.202605 1.154097 -2.300144
v 1.216919 1.155766 -2.296083
v 1.232932 1.156768 -2.297238
v 1.099121 1.177676 -2.397694
v 1.104158 1.174961 -2.383724
v 1.099041 1.179485 -2.413789
v 1.102053 1.156768 -2.413843
v 1.102747 1.155766 -2.397803
v 1.108426 1.154097 -2.384052
v 1.194098 1.171581 -2.303765
v 1.189865 1.168224 -2.314438
v 1.194735 1.151797 -2.308412
v 1.113002 1.171581 -2.376017
v 1.124091 1.168224 -2.373039
v 1.117544 1.151797 -2.377184
v 1.188728 1.165578 -2.326162
v 1.193000 1.163944 -2.338861
v 1.135868 1.165578 -2.373258
v 1.147991 1.163944 -2.378961
v 1.204990 1.163627 -2.352460
v 1.221030 1.166564 -2.363418
v 1.222169 1.147241 -2.362936
v 1.208269 1.145793 -2.354395
v 1.160122 1.163627 -2.392435
v 1.169163 1.166564 -2.409629
v 1.161667 1.145793 -2.395915
v 1.168553 1.147241 -2.410704
v 1.212088 1.123397 -2.356855
v 1.224316 1.123993 -2.363028
v 1.163672 1.123397 -2.399991
v 1.168398 1.123993 -2.412848
v 1.195640 1.127934 -2.312856
v 1.196906 1.105977 -2.316526
v 1.203719 1.106589 -2.307887
v 1.202958 1.129265 -2.304274
v 1.121856 1.127934 -2.378594
v 1.112489 1.129265 -2.384876
v 1.115990 1.106589 -2.386048
v 1.125355 1.105977 -2.380274
v 1.216700 1.130049 -2.299862
v 1.216479 1.106740 -2.303537
v 1.231046 1.106489 -2.304144
v 1.232207 1.130331 -2.300584
v 1.106526 1.130049 -2.398020
v 1.105461 1.130331 -2.413507
v 1.109130 1.106489 -2.412763
v 1.110202 1.106740 -2.398223
v 1.244818 1.130157 -2.307405
v 1.243279 1.105894 -2.310376
v 1.251819 1.105352 -2.320286
v 1.253383 1.129905 -2.318493
v 1.254721 1.157191 -2.316670
v 1.245904 1.157064 -2.304618
v 1.110786 1.130157 -2.426819
v 1.120816 1.129905 -2.436602
v 1.122777 1.105352 -2.435254
v 1.113915 1.105894 -2.425632
v 1.107893 1.157064 -2.427577
v 1.118852 1.157191 -2.437722
v 1.256751 1.129957 -2.332017
v 1.255304 1.105257 -2.331924
v 1.254612 1.105232 -2.343168
v 1.255910 1.129910 -2.344967
v 1.257682 1.158042 -2.346478
v 1.258272 1.157688 -2.331844
v 1.133864 1.129957 -2.441502
v 1.146824 1.129910 -2.442155
v 1.145186 1.105232 -2.440660
v 1.133938 1.105257 -2.440055
v 1.133516 1.157688 -2.442993
v 1.148121 1.158042 -2.444090
v 1.251848 1.129364 -2.354329
v 1.250619 1.104902 -2.351892
v 1.244184 1.104278 -2.358257
v 1.244927 1.128111 -2.360483
v 1.246922 1.155865 -2.363245
v 1.254079 1.157743 -2.356913
v 1.156591 1.129364 -2.439198
v 1.163500 1.128111 -2.433030
v 1.161374 1.104278 -2.432035
v 1.154312 1.104902 -2.437697
v 1.158901 1.157743 -2.441710
v 1.166014 1.155865 -2.435329
v 1.241307 1.090744 -2.313697
v 1.250080 1.090035 -2.322555
v 1.229448 1.091557 -2.307783
v 1.227522 1.076621 -2.310472
v 1.238946 1.075358 -2.316095
v 1.247709 1.074265 -2.324051
v 1.117440 1.090744 -2.424055
v 1.112929 1.091557 -2.411595
v 1.125231 1.090035 -2.433788
v 1.126990 1.074265 -2.431605
v 1.120094 1.075358 -2.421985
v 1.115822 1.076621 -2.409991
v 1.254107 1.089847 -2.332330
v 1.251846 1.073843 -2.332233
v 1.251881 1.073722 -2.340227
v 1.253960 1.089824 -2.341831
v 1.134479 1.089847 -2.438912
v 1.143933 1.089824 -2.439858
v 1.142578 1.073722 -2.437609
v 1.134642 1.073843 -2.436655
v 1.250211 1.089609 -2.349863
v 1.248338 1.073531 -2.347616
v 1.242528 1.073386 -2.353907
v 1.244094 1.089321 -2.356274
v 1.152343 1.089609 -2.437057
v 1.159415 1.089321 -2.431718
v 1.157244 1.073386 -2.429891
v 1.150327 1.073531 -2.434939
v 1.236843 1.089076 -2.360910
v 1.235762 1.073403 -2.358605
v 1.236163 1.103375 -2.362422
v 1.164853 1.089076 -2.425048
v 1.162688 1.073403 -2.423710
v 1.166434 1.103375 -2.424547
v 1.235506 1.125942 -2.363810
v 1.235669 1.151481 -2.365569
v 1.167889 1.125942 -2.424054
v 1.169617 1.151481 -2.424417
v 1.240570 1.007830 -2.326399
v 1.242639 1.021613 -2.328393
v 1.238445 1.000060 -2.323780
v 1.235377 0.999228 -2.329911
v 1.237741 1.006885 -2.332598
v 1.240501 1.020896 -2.334820
v 1.130143 1.007830 -2.424783
v 1.127786 1.000060 -2.422371
v 1.131886 1.021613 -2.427068
v 1.138516 1.020896 -2.425682
v 1.136626 1.006885 -2.422685
v 1.134229 0.999228 -2.420028
v 1.247211 1.047357 -2.330630
v 1.244251 1.048351 -2.323524
v 1.246304 1.046960 -2.337626
v 1.133582 1.047357 -2.431866
v 1.126864 1.048351 -2.428109
v 1.140637 1.046960 -2.431770
v 1.242717 1.046711 -2.344526
v 1.236727 1.020484 -2.341422
v 1.231730 1.020354 -2.347173
v 1.237358 1.046624 -2.350530
v 1.147903 1.046711 -2.428999
v 1.154483 1.046624 -2.424366
v 1.151796 1.020354 -2.418390
v 1.145508 1.020484 -2.422693
v 1.216888 0.984299 -2.317400
v 1.226479 0.986504 -2.316677
v 1.207922 0.984229 -2.322008
v 1.210258 0.984456 -2.324630
v 1.216945 0.984777 -2.321478
v 1.224435 0.987025 -2.322175
v 1.123926 0.984299 -2.400224
v 1.122105 0.986504 -2.409668
v 1.127802 0.987025 -2.408269
v 1.127971 0.984777 -2.400748
v 1.131871 0.984456 -2.394469
v 1.129534 0.984229 -2.391847
v 1.233706 0.992355 -2.319672
v 1.230760 0.992224 -2.325712
v 1.124249 0.992355 -2.417192
v 1.130588 0.992224 -2.414959
v 1.233751 1.006184 -2.339134
v 1.231251 0.998422 -2.336358
v 1.226221 0.998026 -2.342067
v 1.228790 1.005894 -2.344871
v 1.143578 1.006184 -2.419473
v 1.141107 0.998422 -2.416671
v 1.149847 1.005894 -2.415205
v 1.147357 0.998026 -2.412331
v 1.231139 1.046715 -2.354841
v 1.225919 1.020485 -2.351051
v 1.159480 1.046715 -2.418684
v 1.156316 1.020485 -2.413063
v 1.223047 1.006184 -2.348671
v 1.220440 0.998422 -2.345990
v 1.154282 1.006184 -2.409936
v 1.151918 0.998422 -2.407039
v 1.216017 0.991808 -2.341295
v 1.221707 0.991528 -2.337208
v 1.216768 0.986973 -2.331869
v 1.211827 0.987116 -2.335929
v 1.147763 0.991808 -2.402106
v 1.142915 0.987116 -2.397326
v 1.138313 0.986973 -2.401767
v 1.143049 0.991528 -2.407288
v 1.226691 0.991808 -2.331785
v 1.221438 0.987116 -2.327367
v 1.137089 0.991808 -2.411615
v 1.133304 0.987116 -2.405889
v 1.216859 0.985119 -2.325051
v 1.212925 0.984930 -2.327623
v 1.131529 0.985119 -2.401074
v 1.134537 0.984930 -2.397462
v 1.209917 0.985119 -2.331236
v 1.206423 0.984899 -2.330981
v 1.138472 0.985119 -2.394889
v 1.138621 0.984899 -2.391389
v 1.202568 0.984786 -2.330671
v 1.138756 0.984786 -2.387525
v 1.494913 1.007307 -2.607467
v 1.498907 1.009735 -2.611574
v 1.498307 1.005750 -2.614824
v 1.495244 1.003981 -2.612527
v 1.492769 1.002183 -2.609394
v 1.491468 1.003756 -2.604558
v 1.491222 1.005227 -2.599768
v 1.494830 1.008955 -2.603044
v 1.499481 1.014038 -2.604750
v 1.380106 1.007307 -2.709753
v 1.377613 1.003756 -2.705997
v 1.382267 1.002183 -2.707844
v 1.385095 1.003981 -2.710664
v 1.387025 1.005750 -2.713970
v 1.383727 1.009735 -2.714192
v 1.376882 1.014038 -2.713978
v 1.375722 1.008955 -2.709162
v 1.372883 1.005227 -2.705201
v 1.501926 1.009079 -2.615666
v 1.506112 1.007216 -2.621008
v 1.504920 0.998050 -2.626169
v 1.500379 1.003331 -2.619295
v 1.503455 1.015325 -2.607893
v 1.507105 1.014923 -2.612230
v 1.387445 1.009079 -2.717663
v 1.391228 1.003331 -2.716542
v 1.397534 0.998050 -2.721844
v 1.392270 1.007216 -2.722435
v 1.383436 1.014923 -2.722411
v 1.379547 1.015325 -2.718287
v 1.496514 1.000049 -2.617037
v 1.498293 0.995268 -2.620094
v 1.493409 0.995021 -2.613080
v 1.492398 0.999274 -2.611192
v 1.389429 1.000049 -2.712444
v 1.384096 0.999274 -2.707683
v 1.385854 0.995021 -2.708905
v 1.392261 0.995268 -2.714562
v 1.490095 1.001045 -2.604063
v 1.490472 0.997327 -2.604796
v 1.489564 1.000020 -2.598264
v 1.489389 1.003230 -2.598299
v 1.377278 1.001045 -2.704575
v 1.371634 1.003230 -2.703212
v 1.371579 1.000020 -2.703382
v 1.377963 0.997327 -2.705034
v 1.490066 1.003693 -2.596552
v 1.491742 1.004877 -2.597875
v 1.490769 1.000935 -2.596504
v 1.492838 1.002581 -2.597234
v 1.369820 1.003693 -2.703683
v 1.370942 1.004877 -2.705501
v 1.370180 1.002581 -2.706516
v 1.369692 1.000935 -2.704376
v 1.494302 1.007853 -2.600446
v 1.495372 1.008442 -2.600656
v 1.373202 1.007853 -2.708338
v 1.373288 1.008442 -2.709426
v 1.494083 1.007420 -2.598269
v 1.494369 1.008984 -2.598092
v 1.492422 1.001994 -2.595031
v 1.491535 1.003016 -2.590891
v 1.371065 1.007420 -2.707871
v 1.370856 1.008984 -2.708134
v 1.364029 1.003016 -2.704492
v 1.368040 1.001994 -2.705849
v 1.493944 1.009158 -2.596366
v 1.492543 1.006582 -2.590232
v 1.494974 1.008827 -2.590638
v 1.496775 1.011666 -2.596001
v 1.369191 1.009158 -2.707515
v 1.363258 1.006582 -2.705418
v 1.368502 1.011666 -2.710284
v 1.363382 1.008827 -2.707879
v 1.494698 1.005292 -2.582299
v 1.496651 1.008673 -2.584728
v 1.494463 1.000828 -2.581596
v 1.497873 1.000080 -2.574748
v 1.497822 1.004460 -2.575553
v 1.499478 1.007956 -2.577915
v 1.355129 1.005292 -2.706646
v 1.354458 1.000828 -2.706331
v 1.357318 1.008673 -2.708865
v 1.350226 1.007956 -2.710890
v 1.348070 1.004460 -2.708973
v 1.347264 1.000080 -2.708931
v 1.500466 1.013793 -2.589438
v 1.504538 1.018366 -2.594434
v 1.503234 1.013977 -2.581546
v 1.509960 1.020411 -2.583410
v 1.361559 1.013793 -2.713196
v 1.366053 1.018366 -2.717816
v 1.354479 1.020411 -2.721935
v 1.353400 1.013977 -2.715039
v 1.503297 1.010651 -2.577193
v 1.500598 1.005473 -2.574503
v 1.501302 1.001409 -2.572792
v 1.504783 1.011426 -2.577153
v 1.349069 1.010651 -2.714601
v 1.348859 1.011426 -2.716072
v 1.344927 1.001409 -2.712114
v 1.346707 1.005473 -2.711611
v 1.504996 1.010591 -2.575652
v 1.502902 1.005398 -2.572432
v 1.506395 1.007788 -2.571982
v 1.509367 1.013854 -2.576470
v 1.347343 1.010591 -2.716111
v 1.347653 1.013854 -2.720548
v 1.343537 1.007788 -2.717079
v 1.344385 1.005398 -2.713661
v 1.518205 1.013543 -2.575298
v 1.513830 1.008344 -2.570437
v 1.520384 1.008487 -2.570044
v 1.525877 1.011331 -2.572985
v 1.522811 1.018280 -2.580465
v 1.345473 1.013543 -2.729192
v 1.342294 1.011331 -2.736547
v 1.340003 1.008487 -2.730753
v 1.341147 1.008344 -2.724288
v 1.350076 1.018280 -2.734362
v 1.499326 1.003260 -2.572985
v 1.499820 0.999433 -2.572583
v 1.345345 1.003260 -2.710173
v 1.344889 0.999433 -2.710617
v 1.502724 0.992184 -2.572839
v 1.501391 0.999418 -2.571277
v 1.502280 0.992336 -2.573999
v 1.505036 0.992134 -2.571080
v 1.503934 1.000062 -2.569818
v 1.344810 0.992184 -2.713531
v 1.346013 0.992336 -2.713223
v 1.343412 0.999418 -2.712027
v 1.341670 1.000062 -2.714385
v 1.342796 0.992134 -2.715626
v 1.501747 1.003200 -2.570864
v 1.504528 1.004348 -2.569894
v 1.342960 1.003200 -2.712334
v 1.341677 1.004348 -2.714985
v 1.511840 1.005084 -2.568143
v 1.511455 1.000815 -2.567873
v 1.521401 1.003019 -2.567049
v 1.520357 1.006301 -2.567633
v 1.339097 1.005084 -2.722047
v 1.337611 1.006301 -2.730449
v 1.336911 1.003019 -2.731418
v 1.338873 1.000815 -2.721633
v 1.526752 1.008892 -2.570383
v 1.528643 1.008878 -2.571421
v 1.339607 1.008892 -2.737118
v 1.340422 1.008878 -2.739115
v 1.525499 1.020156 -2.583677
v 1.514295 1.022137 -2.588523
v 1.528541 1.020272 -2.587821
v 1.517709 1.022197 -2.592792
v 1.352957 1.020156 -2.737401
v 1.359059 1.022137 -2.726829
v 1.362907 1.022197 -2.730711
v 1.356725 1.020272 -2.740900
v 1.507263 1.020102 -2.597720
v 1.510767 1.020165 -2.601876
v 1.369004 1.020102 -2.720900
v 1.372730 1.020165 -2.724859
v 1.513604 1.006025 -2.628865
v 1.513747 1.014192 -2.619725
v 1.520578 1.014008 -2.627492
v 1.521102 1.005986 -2.636509
v 1.514564 0.997401 -2.634506
v 1.399214 1.006025 -2.730780
v 1.405945 1.005986 -2.739107
v 1.397048 1.014008 -2.737550
v 1.390118 1.014192 -2.729871
v 1.404707 0.997401 -2.732382
v 1.517176 1.019718 -2.609483
v 1.523874 1.019707 -2.617527
v 1.523971 1.021822 -2.600662
v 1.530582 1.021947 -2.608976
v 1.379549 1.019718 -2.732100
v 1.386770 1.019707 -2.739679
v 1.377504 1.021947 -2.745359
v 1.370005 1.021822 -2.737836
v 1.528690 1.007384 -2.571274
v 1.525335 1.002095 -2.568883
v 1.527289 1.002663 -2.569862
v 1.530965 1.008402 -2.573057
v 1.340270 1.007384 -2.739145
v 1.338280 1.002095 -2.735538
v 1.341780 1.008402 -2.741610
v 1.339028 1.002663 -2.737591
v 1.530808 1.007858 -2.572021
v 1.528218 1.004934 -2.569002
v 1.530262 1.005302 -2.568925
v 1.533489 1.008956 -2.573070
v 1.340768 1.007858 -2.741334
v 1.341502 1.008956 -2.744118
v 1.337756 1.005302 -2.740437
v 1.338068 1.004934 -2.738415
v 1.544555 1.020938 -2.609693
v 1.535042 1.023509 -2.614576
v 1.540292 1.019589 -2.604200
v 1.376610 1.020938 -2.759322
v 1.371644 1.019589 -2.754455
v 1.382555 1.023509 -2.750433
v 1.528244 1.021082 -2.622997
v 1.532253 1.026763 -2.628022
v 1.528560 1.021082 -2.637481
v 1.524791 1.015244 -2.632644
v 1.391701 1.021082 -2.744649
v 1.401681 1.015244 -2.742327
v 1.406053 1.021082 -2.746627
v 1.396232 1.026763 -2.749208
v 1.525308 1.007583 -2.641208
v 1.528913 1.013965 -2.645728
v 1.410129 1.007583 -2.743826
v 1.414205 1.013965 -2.747926
v 1.514444 0.990510 -2.634249
v 1.506590 0.990271 -2.627443
v 1.404465 0.990510 -2.732233
v 1.398607 0.990271 -2.723650
v 1.500152 0.989393 -2.620797
v 1.495318 0.989134 -2.613708
v 1.392745 0.989393 -2.716490
v 1.386259 0.989134 -2.710873
v 1.534607 1.028283 -2.652836
v 1.534056 1.034704 -2.644301
v 1.540644 1.051614 -2.651534
v 1.541527 1.046197 -2.661152
v 1.420611 1.028283 -2.754400
v 1.412196 1.034704 -2.752871
v 1.428077 1.046197 -2.762230
v 1.418623 1.051614 -2.760247
v 1.537866 1.039673 -2.634731
v 1.544544 1.055523 -2.641659
v 1.402251 1.039673 -2.755556
v 1.408366 1.055523 -2.762986
v 1.568105 1.069139 -2.637052
v 1.559160 1.070844 -2.639994
v 1.401081 1.069139 -2.785861
v 1.405031 1.070844 -2.777314
v 1.556216 1.092217 -2.648921
v 1.551698 1.091336 -2.660134
v 1.552325 1.080875 -2.660984
v 1.556595 1.082487 -2.650266
v 1.414238 1.092217 -2.775415
v 1.425896 1.091336 -2.772216
v 1.415530 1.082487 -2.775947
v 1.426668 1.080875 -2.772937
v 1.552858 1.090556 -2.674802
v 1.558246 1.090570 -2.689768
v 1.553554 1.078563 -2.674706
v 1.440333 1.090556 -2.775055
v 1.454580 1.090570 -2.782128
v 1.440158 1.078563 -2.775735
v 1.551746 1.070025 -2.647341
v 1.547687 1.067320 -2.657606
v 1.413182 1.070025 -2.770793
v 1.423845 1.067320 -2.767941
v 1.548809 1.063367 -2.669300
v 1.435333 1.063367 -2.770401
v 1.548724 0.988916 -2.581831
v 1.548695 0.995145 -2.579760
v 1.542525 0.994999 -2.573726
v 1.542652 0.989018 -2.575739
v 1.541828 0.985387 -2.577755
v 1.545867 0.983945 -2.582809
v 1.348454 0.988916 -2.760260
v 1.343100 0.989018 -2.753528
v 1.341115 0.994999 -2.753170
v 1.346400 0.995145 -2.759993
v 1.349754 0.983945 -2.757535
v 1.345197 0.985387 -2.752941
v 1.546247 1.000050 -2.577380
v 1.542272 1.003986 -2.575265
v 1.539337 1.002219 -2.572341
v 1.540967 0.999301 -2.572370
v 1.344317 1.000050 -2.757287
v 1.342674 1.003986 -2.753096
v 1.339947 0.999301 -2.751467
v 1.340106 1.002219 -2.749844
v 1.534373 1.001099 -2.568702
v 1.534965 0.997348 -2.569170
v 1.534840 1.003820 -2.570151
v 1.528919 1.003297 -2.566795
v 1.528805 1.000066 -2.566895
v 1.337062 1.001099 -2.744494
v 1.338447 1.003820 -2.745125
v 1.337459 0.997348 -2.745136
v 1.335907 1.000066 -2.738756
v 1.335794 1.003297 -2.738858
v 1.535316 0.990768 -2.571082
v 1.529294 0.992941 -2.568759
v 1.530701 0.986105 -2.572962
v 1.536517 0.984783 -2.575106
v 1.339318 0.990768 -2.745706
v 1.343177 0.984783 -2.747361
v 1.341715 0.986105 -2.741337
v 1.337703 0.992941 -2.739456
v 1.349576 0.982814 -2.751261
v 1.348480 0.983742 -2.744779
v 1.356331 0.982867 -2.756297
v 1.527161 0.994309 -2.569669
v 1.528215 0.987610 -2.573128
v 1.526837 1.001028 -2.567703
v 1.526277 0.994787 -2.570908
v 1.527229 0.988266 -2.574446
v 1.338851 0.994309 -2.737442
v 1.336936 1.001028 -2.736893
v 1.342167 0.987610 -2.738886
v 1.343589 0.988266 -2.738059
v 1.340184 0.994787 -2.736706
v 1.539656 0.982814 -2.581911
v 1.543881 0.982867 -2.589200
v 1.533342 0.983742 -2.580077
v 1.548342 0.982944 -2.594678
v 1.544218 0.983411 -2.597195
v 1.361259 0.982944 -2.761357
v 1.364234 0.983411 -2.757550
v 1.536014 0.983920 -2.600136
v 1.368098 0.983920 -2.749738
v 1.527460 0.984702 -2.577924
v 1.529916 0.985233 -2.580228
v 1.524705 0.987361 -2.572781
v 1.347017 0.984702 -2.738687
v 1.342226 0.987361 -2.735360
v 1.349024 0.985233 -2.741392
v 1.511897 0.992592 -2.569080
v 1.519490 0.993372 -2.568144
v 1.340021 0.992592 -2.722211
v 1.338218 0.993372 -2.729646
v 1.524002 0.994289 -2.569577
v 1.339123 0.994289 -2.734293
v 1.527061 1.003752 -2.567068
v 1.336279 1.003752 -2.737044
v 1.537665 1.007310 -2.573990
v 1.341936 1.007310 -2.748373
v 1.534213 1.019725 -2.595786
v 1.363984 1.019725 -2.747449
v 1.532274 1.165956 -2.677733
v 1.540599 1.147871 -2.682212
v 1.525383 1.182915 -2.677114
v 1.545684 1.189952 -2.689036
v 1.549976 1.172291 -2.688313
v 1.556006 1.152768 -2.692252
v 1.445611 1.165956 -2.754945
v 1.445788 1.182915 -2.748029
v 1.449104 1.147871 -2.763729
v 1.457305 1.152768 -2.780188
v 1.454086 1.172291 -2.773745
v 1.455298 1.189952 -2.769565
v 1.551740 1.126602 -2.690497
v 1.565485 1.129781 -2.700554
v 1.574148 1.108602 -2.708522
v 1.561682 1.106539 -2.698436
v 1.456052 1.126602 -2.775749
v 1.464463 1.129781 -2.790559
v 1.462795 1.106539 -2.786538
v 1.471382 1.108602 -2.800080
v 1.566411 1.092074 -2.701877
v 1.577729 1.094497 -2.711455
v 1.465671 1.092074 -2.791631
v 1.473884 1.094497 -2.803975
v 1.581481 1.132352 -2.709099
v 1.572871 1.156708 -2.701578
v 1.585759 1.158828 -2.704144
v 1.594124 1.133707 -2.711050
v 1.589512 1.110343 -2.716333
v 1.471112 1.132352 -2.807431
v 1.471597 1.133707 -2.820215
v 1.465698 1.158828 -2.811111
v 1.464631 1.156708 -2.798013
v 1.477375 1.110343 -2.816241
v 1.584555 1.179946 -2.690451
v 1.581247 1.178771 -2.672171
v 1.589236 1.158265 -2.693902
v 1.581333 1.179409 -2.701071
v 1.452235 1.179946 -2.808342
v 1.455124 1.158265 -2.813388
v 1.434456 1.178771 -2.802954
v 1.463154 1.179409 -2.806361
v 1.597809 1.133236 -2.701329
v 1.461516 1.133236 -2.822758
v 1.592578 1.097271 -2.718826
v 1.479499 1.097271 -2.819573
v 1.567141 1.258981 -2.650224
v 1.552911 1.260090 -2.623317
v 1.552648 1.238096 -2.622202
v 1.566058 1.237648 -2.647326
v 1.414276 1.258981 -2.786418
v 1.411521 1.237648 -2.785009
v 1.388106 1.238096 -2.768799
v 1.389183 1.260090 -2.769189
v 1.567560 1.217980 -2.646850
v 1.555256 1.216708 -2.623264
v 1.570797 1.198125 -2.648514
v 1.410876 1.217980 -2.786446
v 1.412157 1.198125 -2.789853
v 1.388861 1.216708 -2.771512
v 1.574921 1.176233 -2.652034
v 1.415180 1.176233 -2.794354
v 1.486476 1.411605 -2.595075
v 1.481572 1.387820 -2.578225
v 1.368766 1.411605 -2.699947
v 1.352592 1.387821 -2.693138
v 1.476837 1.362374 -2.567060
v 1.473917 1.335207 -2.560389
v 1.497608 1.335104 -2.571194
v 1.499143 1.361496 -2.579102
v 1.342046 1.362374 -2.687151
v 1.335755 1.335207 -2.683484
v 1.351443 1.361496 -2.710694
v 1.343764 1.335104 -2.708260
v 1.474457 1.306263 -2.557021
v 1.498827 1.308405 -2.566485
v 1.332346 1.306263 -2.683633
v 1.338946 1.308405 -2.708930
v 1.531330 1.259705 -2.592478
v 1.533989 1.236471 -2.595094
v 1.529683 1.283268 -2.592362
v 1.361030 1.259705 -2.744205
v 1.363323 1.236471 -2.747147
v 1.361104 1.283268 -2.742556
v 1.538604 1.213421 -2.599967
v 1.367632 1.213421 -2.752292
v 1.528102 1.307305 -2.594989
v 1.527034 1.332116 -2.600246
v 1.363896 1.307305 -2.741287
v 1.369240 1.332116 -2.740831
v 1.526925 1.357999 -2.608018
v 1.376974 1.357999 -2.741616
v 1.568067 1.176817 -2.698225
v 1.564936 1.194546 -2.699086
v 1.461853 1.176817 -2.792856
v 1.463068 1.194546 -2.789845
v 1.561342 1.211764 -2.704207
v 1.541420 1.207350 -2.694719
v 1.468567 1.211764 -2.786864
v 1.461433 1.207350 -2.765983
v 1.509788 1.234155 -2.695287
v 1.506302 1.245395 -2.704309
v 1.512950 1.218325 -2.686758
v 1.465634 1.234155 -2.734625
v 1.456797 1.218325 -2.736786
v 1.474997 1.245395 -2.732200
v 1.518545 1.200808 -2.680411
v 1.449850 1.200808 -2.741615
v 1.213858 1.054778 -2.310416
v 1.215405 1.077551 -2.309291
v 1.205221 1.077947 -2.312637
v 1.204125 1.055728 -2.314151
v 1.225376 1.052768 -2.311186
v 1.117337 1.054778 -2.396410
v 1.122166 1.055728 -2.387172
v 1.120536 1.077947 -2.388086
v 1.116041 1.077551 -2.397818
v 1.116777 1.052768 -2.407941
v 1.236240 1.050390 -2.316299
v 1.120608 1.050390 -2.419321
v 1.216163 1.092056 -2.306839
v 1.204779 1.092192 -2.310611
v 1.113518 1.092056 -2.398288
v 1.118575 1.092192 -2.387414
v 1.198627 1.091913 -2.318847
v 1.199599 1.077608 -2.320597
v 1.127463 1.091913 -2.382250
v 1.129090 1.077608 -2.383416
v 1.198617 1.054927 -2.322554
v 1.131147 1.054927 -2.382666
v 1.089785 1.478483 -2.217571
v 1.084296 1.483568 -2.218088
v 1.083799 1.484341 -2.213949
v 1.087892 1.480052 -2.212587
v 1.094189 1.475769 -2.209945
v 1.094972 1.474185 -2.215701
v 1.097811 1.476216 -2.217755
v 1.091676 1.481948 -2.218996
v 1.085979 1.487767 -2.217440
v 1.039372 1.478483 -2.262486
v 1.034639 1.480052 -2.260032
v 1.036462 1.484341 -2.256124
v 1.040517 1.483568 -2.257093
v 1.039679 1.487767 -2.258690
v 1.040570 1.481948 -2.264528
v 1.038632 1.476216 -2.270479
v 1.036918 1.474185 -2.267424
v 1.031291 1.475769 -2.265984
v 1.097965 1.470698 -2.215833
v 1.098875 1.471371 -2.211780
v 1.101548 1.471030 -2.213253
v 1.100277 1.470630 -2.216874
v 1.036705 1.470698 -2.270412
v 1.032574 1.471371 -2.270850
v 1.037474 1.470630 -2.272829
v 1.033730 1.471030 -2.273675
v 1.104170 1.472314 -2.213516
v 1.104726 1.476356 -2.212143
v 1.105079 1.472987 -2.209463
v 1.110226 1.479536 -2.202490
v 1.033690 1.472314 -2.276309
v 1.032262 1.476356 -2.276704
v 1.022040 1.479536 -2.281058
v 1.029559 1.472987 -2.276746
v 1.100853 1.477669 -2.203840
v 1.093703 1.483580 -2.200631
v 1.092287 1.493440 -2.186917
v 1.103006 1.483398 -2.194292
v 1.024460 1.477669 -2.271903
v 1.014727 1.483398 -2.272943
v 1.008633 1.493440 -2.261447
v 1.022094 1.483580 -2.264431
v 1.093727 1.489157 -2.217083
v 1.099031 1.483629 -2.216274
v 1.100670 1.488162 -2.212963
v 1.097224 1.495244 -2.212723
v 1.090523 1.505404 -2.209536
v 1.087802 1.495517 -2.214541
v 1.038434 1.489157 -2.266346
v 1.037021 1.483629 -2.271522
v 1.036590 1.495517 -2.260168
v 1.031306 1.505404 -2.262295
v 1.033701 1.495244 -2.269319
v 1.033543 1.488162 -2.272769
v 1.103983 1.480699 -2.212604
v 1.105543 1.485791 -2.209292
v 1.032805 1.480699 -2.276019
v 1.029336 1.485791 -2.277187
v 1.085836 1.487945 -2.203820
v 1.080365 1.490109 -2.209532
v 1.075398 1.500370 -2.200598
v 1.083254 1.496428 -2.194944
v 1.026165 1.487945 -2.256983
v 1.017645 1.496428 -2.253397
v 1.024166 1.500370 -2.246243
v 1.032470 1.490109 -2.252205
v 1.080400 1.489417 -2.213897
v 1.080391 1.494355 -2.211035
v 1.036801 1.489417 -2.252741
v 1.033960 1.494355 -2.252403
v 1.080988 1.500948 -2.208162
v 1.081209 1.508446 -2.204593
v 1.074066 1.509899 -2.198415
v 1.074562 1.504751 -2.201172
v 1.031037 1.500948 -2.252666
v 1.024831 1.504751 -2.245479
v 1.022151 1.509899 -2.244669
v 1.027466 1.508446 -2.252475
v 1.103455 1.495345 -2.206806
v 1.099299 1.506228 -2.203870
v 1.109245 1.492590 -2.199391
v 1.105780 1.505209 -2.196612
v 1.027107 1.495345 -2.274827
v 1.024668 1.506228 -2.270362
v 1.016713 1.505209 -2.275966
v 1.019075 1.492590 -2.279727
v 1.111420 1.490107 -2.190537
v 1.110608 1.480876 -2.190206
v 1.109197 1.482741 -2.183530
v 1.110188 1.488840 -2.181939
v 1.108146 1.501690 -2.180180
v 1.108553 1.503340 -2.188270
v 1.010030 1.490107 -2.280870
v 1.009794 1.480876 -2.280025
v 1.008107 1.503340 -2.277761
v 1.000118 1.501690 -2.276427
v 1.001631 1.488840 -2.278657
v 1.003325 1.482741 -2.277856
v 1.104437 1.482368 -2.185411
v 1.097567 1.486291 -2.178576
v 1.100114 1.483743 -2.172575
v 1.105302 1.482003 -2.178609
v 1.005741 1.482368 -2.273344
v 0.998884 1.482003 -2.273421
v 0.993487 1.483743 -2.267573
v 0.999741 1.486291 -2.265734
v 1.105755 1.489731 -2.175295
v 1.101875 1.490211 -2.169926
v 1.102387 1.501295 -2.168808
v 1.105087 1.501330 -2.173680
v 0.995540 1.489731 -2.273490
v 0.990653 1.490211 -2.269018
v 0.994012 1.501330 -2.272640
v 0.989484 1.501295 -2.269399
v 1.102584 1.512582 -2.171975
v 1.104078 1.512893 -2.178151
v 1.101190 1.512592 -2.167403
v 1.098653 1.523078 -2.165260
v 1.098850 1.522759 -2.169617
v 1.098916 1.522497 -2.175316
v 0.992606 1.512582 -2.269958
v 0.998570 1.512893 -2.272152
v 0.996348 1.522497 -2.266699
v 0.990694 1.522759 -2.265978
v 0.986388 1.523078 -2.265281
v 0.988225 1.512592 -2.268048
v 1.103685 1.513853 -2.185270
v 1.097848 1.522563 -2.181206
v 1.095019 1.522872 -2.187040
v 1.100759 1.514859 -2.192549
v 1.005687 1.513853 -2.272580
v 1.002321 1.522563 -2.266315
v 1.013255 1.514859 -2.270511
v 1.008442 1.522872 -2.264176
v 1.094656 1.515306 -2.199208
v 1.089803 1.523341 -2.192574
v 1.083714 1.523763 -2.195260
v 1.087163 1.515589 -2.202491
v 1.020571 1.515306 -2.265213
v 1.014539 1.523341 -2.259630
v 1.024693 1.515589 -2.258148
v 1.017906 1.523763 -2.253890
v 1.080073 1.516102 -2.199642
v 1.078264 1.523928 -2.192549
v 1.073407 1.524121 -2.186531
v 1.073698 1.516510 -2.193530
v 1.022678 1.516102 -2.250778
v 1.017340 1.516510 -2.243742
v 1.010420 1.524121 -2.242648
v 1.015840 1.523928 -2.248165
v 1.094657 1.484355 -2.172124
v 1.092038 1.479141 -2.165818
v 1.102141 1.469135 -2.159858
v 1.099522 1.480187 -2.166430
v 1.088824 1.492444 -2.178263
v 1.084199 1.489544 -2.172869
v 0.993666 1.484355 -2.262101
v 0.987451 1.480187 -2.266279
v 0.980621 1.469135 -2.268125
v 0.987703 1.479141 -2.258774
v 0.995608 1.489544 -2.251798
v 1.000435 1.492444 -2.257013
v 1.083144 1.496679 -2.180878
v 1.082014 1.498466 -2.184652
v 1.071420 1.500757 -2.183460
v 1.077520 1.495781 -2.177773
v 1.003685 1.496679 -2.251670
v 1.001248 1.495781 -2.245727
v 1.007598 1.500757 -2.240322
v 1.007565 1.498466 -2.250982
v 1.079778 1.499766 -2.189634
v 1.073819 1.501572 -2.191092
v 1.012771 1.499766 -2.249334
v 1.014904 1.501572 -2.243582
v 1.069804 1.506229 -2.196795
v 1.068830 1.504578 -2.194901
v 1.068341 1.509879 -2.193350
v 1.063904 1.507877 -2.189934
v 1.021031 1.506229 -2.240249
v 1.019262 1.504578 -2.239064
v 1.014894 1.507877 -2.233599
v 1.017777 1.509879 -2.238400
v 1.068348 1.516479 -2.187026
v 1.069097 1.524623 -2.179293
v 1.065332 1.525195 -2.173836
v 1.063853 1.516371 -2.182287
v 1.011493 1.516479 -2.237679
v 1.007303 1.516371 -2.232670
v 0.998739 1.525195 -2.233167
v 1.003726 1.524623 -2.237534
v 1.076463 1.531937 -2.182553
v 1.080271 1.531639 -2.185235
v 1.077839 1.538319 -2.175554
v 1.075404 1.539232 -2.172766
v 1.073376 1.540191 -2.168514
v 1.073143 1.532266 -2.177431
v 1.006118 1.531937 -2.245226
v 1.008344 1.531639 -2.249317
v 1.001411 1.532266 -2.241340
v 0.992527 1.540191 -2.240546
v 0.996517 1.539232 -2.243049
v 0.999007 1.538319 -2.245789
v 1.085022 1.531093 -2.183720
v 1.089397 1.530581 -2.179920
v 1.084997 1.537180 -2.172865
v 1.081450 1.537596 -2.175183
v 1.006293 1.531093 -2.253863
v 0.998224 1.537596 -2.249333
v 0.995513 1.537180 -2.252590
v 1.002015 1.530581 -2.257772
v 1.069857 1.532904 -2.171624
v 1.070987 1.541049 -2.164495
v 1.068465 1.541751 -2.161961
v 1.066742 1.533571 -2.167466
v 0.996021 1.532904 -2.237408
v 0.992249 1.533571 -2.233835
v 0.986582 1.541751 -2.234914
v 0.988809 1.541049 -2.237711
v 1.072845 1.548787 -2.158378
v 1.070887 1.549984 -2.156105
v 1.074574 1.547141 -2.162064
v 1.076464 1.551687 -2.157847
v 1.075168 1.554210 -2.153920
v 1.074104 1.556937 -2.150355
v 0.982519 1.548787 -2.238853
v 0.980486 1.549984 -2.236647
v 0.974404 1.556937 -2.239181
v 0.977824 1.554210 -2.240648
v 0.981575 1.551687 -2.242387
v 0.985982 1.547141 -2.240994
v 1.092075 1.530384 -2.175748
v 1.093593 1.530553 -2.171142
v 1.088019 1.538816 -2.165159
v 1.087243 1.537188 -2.169808
v 0.997563 1.530384 -2.259952
v 0.992218 1.537188 -2.254470
v 0.987510 1.538816 -2.254706
v 0.992813 1.530553 -2.260931
v 1.094488 1.531136 -2.166044
v 1.095147 1.531726 -2.161931
v 1.090800 1.539631 -2.157818
v 1.090101 1.538345 -2.161719
v 0.987646 1.531136 -2.261234
v 0.983854 1.538345 -2.256379
v 0.979899 1.539632 -2.256625
v 0.983484 1.531726 -2.261415
v 1.086297 1.545016 -2.157105
v 1.084214 1.547285 -2.156924
v 1.085742 1.547892 -2.153325
v 1.080613 1.554779 -2.150056
v 0.979708 1.545016 -2.252070
v 0.979767 1.547285 -2.249979
v 0.973359 1.554779 -2.245613
v 0.976016 1.547892 -2.251084
v 1.082981 1.548825 -2.156132
v 1.080328 1.553308 -2.152356
v 1.081396 1.549966 -2.156190
v 1.084221 1.545081 -2.160310
v 0.979122 1.548825 -2.248664
v 0.975677 1.553308 -2.245595
v 0.983130 1.545081 -2.250376
v 0.979363 1.549966 -2.247097
v 1.077693 1.555410 -2.151766
v 1.077121 1.557516 -2.149003
v 1.078774 1.552399 -2.155629
v 0.975393 1.555410 -2.242909
v 0.972715 1.557516 -2.242023
v 0.979107 1.552399 -2.244427
v 1.075821 1.544918 -2.166299
v 1.077330 1.548345 -2.162384
v 1.077425 1.542904 -2.169355
v 1.078172 1.545579 -2.165684
v 0.990046 1.544918 -2.242720
v 0.985983 1.548345 -2.243769
v 0.989164 1.545579 -2.244985
v 0.992897 1.542904 -2.244665
v 1.080225 1.541885 -2.169503
v 1.080031 1.545220 -2.165064
v 1.082925 1.541864 -2.167550
v 1.081761 1.544701 -2.164330
v 0.992722 1.541885 -2.247463
v 0.988334 1.545220 -2.246760
v 0.987406 1.544701 -2.248394
v 0.990471 1.541864 -2.249921
v 1.084230 1.542845 -2.164300
v 1.082008 1.546891 -2.160642
v 0.987093 1.542845 -2.250843
v 0.983714 1.546891 -2.248216
v 1.079551 1.548864 -2.160251
v 0.983608 1.548864 -2.245729
v 0.997061 1.398364 -2.151794
v 0.998540 1.396916 -2.150501
v 0.998438 1.399820 -2.149992
v 0.997039 1.400006 -2.151041
v 0.996648 1.400888 -2.151742
v 0.996526 1.399709 -2.152611
v 0.984691 1.398364 -2.162815
v 0.983946 1.400006 -2.162707
v 0.982743 1.399820 -2.163975
v 0.983237 1.396916 -2.164136
v 0.985565 1.399709 -2.162378
v 0.984687 1.400888 -2.162398
v 0.995733 1.400981 -2.150349
v 0.995537 1.401643 -2.150863
v 0.996026 1.401286 -2.149796
v 0.993686 1.401308 -2.150106
v 0.993681 1.401893 -2.150454
v 0.983408 1.400981 -2.161329
v 0.983941 1.401643 -2.161194
v 0.983748 1.401893 -2.159303
v 0.983402 1.401308 -2.159268
v 0.982826 1.401286 -2.161557
v 0.991444 1.401006 -2.150702
v 0.989919 1.400244 -2.151448
v 0.991570 1.401555 -2.150994
v 0.984252 1.401006 -2.157109
v 0.985169 1.400244 -2.155681
v 0.984528 1.401555 -2.157269
v 0.996709 1.402506 -2.149038
v 0.997607 1.403585 -2.148445
v 0.998640 1.401461 -2.149392
v 0.998775 1.402413 -2.148882
v 0.981994 1.402506 -2.162148
v 0.981302 1.403585 -2.162973
v 0.981601 1.402413 -2.164183
v 0.982124 1.401461 -2.164108
v 0.990028 1.399192 -2.151657
v 0.985364 1.399192 -2.155813
v 0.985549 1.398753 -2.155772
v 0.991556 1.403270 -2.151373
v 0.993444 1.403628 -2.150884
v 0.991470 1.405567 -2.151794
v 0.993092 1.405938 -2.151356
v 0.984906 1.403270 -2.157298
v 0.984203 1.403628 -2.159117
v 0.984712 1.405938 -2.158821
v 0.985334 1.405567 -2.157261
v 0.995143 1.403326 -2.151506
v 0.994651 1.405520 -2.152213
v 0.995598 1.404844 -2.153559
v 0.996150 1.402647 -2.152609
v 0.984625 1.403326 -2.160877
v 0.985606 1.402647 -2.162003
v 0.986613 1.404844 -2.161564
v 0.985384 1.405520 -2.160469
v 0.995961 1.401870 -2.153566
v 0.995379 1.404440 -2.154590
v 0.994582 1.403899 -2.155451
v 0.995133 1.400842 -2.154480
v 0.986578 1.401870 -2.161925
v 0.987581 1.400842 -2.161208
v 0.988609 1.403899 -2.160773
v 0.987662 1.404440 -2.161465
v 0.994222 1.399409 -2.155450
v 0.993794 1.402814 -2.156286
v 0.993086 1.401910 -2.156481
v 0.993363 1.398478 -2.155741
v 0.988650 1.399409 -2.160415
v 0.989038 1.398478 -2.159595
v 0.989804 1.401910 -2.159405
v 0.989529 1.402814 -2.160086
v 0.992689 1.398959 -2.154615
v 0.992531 1.401913 -2.155418
v 0.991893 1.402560 -2.154043
v 0.992063 1.400238 -2.153247
v 0.987996 1.398959 -2.158796
v 0.986709 1.400238 -2.158017
v 0.987520 1.402560 -2.157940
v 0.988812 1.401913 -2.158732
v 0.991345 1.401698 -2.152813
v 0.990935 1.403587 -2.153303
v 0.986361 1.401698 -2.157254
v 0.986894 1.403587 -2.156903
v 0.999659 1.381260 -2.157953
v 1.002865 1.381480 -2.155019
v 0.998998 1.385267 -2.153813
v 0.996950 1.383638 -2.157110
v 0.996179 1.382824 -2.159118
v 0.997507 1.381222 -2.160394
v 1.002113 1.378613 -2.159704
v 1.005625 1.378279 -2.157346
v 0.990510 1.381260 -2.166104
v 0.993183 1.381222 -2.164247
v 0.992069 1.382824 -2.162781
v 0.989985 1.383638 -2.163316
v 0.986475 1.385267 -2.164971
v 0.987227 1.381480 -2.168951
v 0.989222 1.378279 -2.171960
v 0.991968 1.378613 -2.168742
v 0.994351 1.378991 -2.166805
v 0.996247 1.381209 -2.161692
v 0.994622 1.383218 -2.159909
v 0.993827 1.383218 -2.160617
v 0.995432 1.381209 -2.162418
v 0.994800 1.384431 -2.157941
v 0.995147 1.385924 -2.156487
v 0.992360 1.385924 -2.158970
v 0.992929 1.384431 -2.159608
v 0.994034 1.388776 -2.156245
v 0.996347 1.389100 -2.154068
v 0.991747 1.388776 -2.158282
v 0.998714 1.390074 -2.151611
v 1.002620 1.386311 -2.150733
v 1.006307 1.388544 -2.147347
v 1.000718 1.391816 -2.149439
v 0.984319 1.390074 -2.164436
v 0.981932 1.391816 -2.166177
v 0.979210 1.388544 -2.171488
v 0.982998 1.386311 -2.168216
v 0.987032 1.389100 -2.162367
v 1.001941 1.394446 -2.148118
v 1.006302 1.392451 -2.145795
v 1.008037 1.396162 -2.145088
v 1.002711 1.397289 -2.147539
v 0.980479 1.394446 -2.167239
v 0.979815 1.397289 -2.167938
v 0.976768 1.396162 -2.172947
v 0.977669 1.392451 -2.171305
v 0.998547 1.403468 -2.148387
v 0.999705 1.402213 -2.148837
v 0.981136 1.403468 -2.163899
v 0.981450 1.402213 -2.165101
v 0.999580 1.401345 -2.149334
v 1.000363 1.400763 -2.149027
v 0.981958 1.401345 -2.165034
v 0.981563 1.400763 -2.165777
v 1.003356 1.399668 -2.147592
v 1.006960 1.399348 -2.146217
v 0.979793 1.399668 -2.168585
v 0.978013 1.399348 -2.172007
v 1.009577 1.401088 -2.146088
v 1.012510 1.400765 -2.145594
v 0.977584 1.401088 -2.174592
v 0.976756 1.400765 -2.177449
v 1.019143 1.400301 -2.145141
v 1.014175 1.395532 -2.144386
v 1.019812 1.395024 -2.144655
v 1.026053 1.399649 -2.144974
v 1.035087 1.404328 -2.145584
v 1.024538 1.405627 -2.145837
v 0.975543 1.400301 -2.183986
v 0.974583 1.399649 -2.190831
v 0.974984 1.395024 -2.184594
v 0.975364 1.395532 -2.178964
v 0.975614 1.405627 -2.189425
v 0.974151 1.404328 -2.199875
v 1.010666 1.392429 -2.144679
v 1.013681 1.390959 -2.145496
v 0.976059 1.392429 -2.175511
v 0.976524 1.390959 -2.178600
v 1.019558 1.389164 -2.147339
v 1.012872 1.384183 -2.149670
v 1.019202 1.379963 -2.153008
v 1.025442 1.387537 -2.149347
v 1.034139 1.395595 -2.147321
v 1.025740 1.394765 -2.145734
v 0.977679 1.389164 -2.184650
v 0.978998 1.387537 -2.190727
v 0.983352 1.379963 -2.184948
v 0.980764 1.384183 -2.178277
v 0.975374 1.394765 -2.190607
v 0.975985 1.395595 -2.199133
v 1.007289 1.382038 -2.152244
v 1.011105 1.378287 -2.155272
v 0.983962 1.382038 -2.173027
v 0.986532 1.378287 -2.177166
v 1.029326 1.410403 -2.145366
v 1.040244 1.409494 -2.144425
v 0.974596 1.410403 -2.194126
v 0.972407 1.409493 -2.204864
v 1.029816 1.398767 -2.145340
v 1.035459 1.400359 -2.146038
v 0.974514 1.398767 -2.194610
v 0.974559 1.400359 -2.200296
v 1.028481 1.386570 -2.150661
v 1.026138 1.382195 -2.153486
v 1.031049 1.385276 -2.153698
v 1.032790 1.389823 -2.150523
v 0.979954 1.386570 -2.193897
v 0.983029 1.382195 -2.191894
v 0.979321 1.389823 -2.198161
v 0.982675 1.385276 -2.196796
v 1.036771 1.390655 -2.152233
v 1.034489 1.386729 -2.155133
v 1.037196 1.387006 -2.157062
v 1.040567 1.389866 -2.154658
v 1.045060 1.392938 -2.152321
v 1.040099 1.394435 -2.150025
v 0.980562 1.390655 -2.202312
v 0.982534 1.389866 -2.206361
v 0.985310 1.387006 -2.203290
v 0.983705 1.386729 -2.200379
v 0.977986 1.394435 -2.205364
v 0.979696 1.392938 -2.210556
v 1.044318 1.388257 -2.156665
v 1.039906 1.386557 -2.158757
v 1.050180 1.390264 -2.154389
v 0.984097 1.388257 -2.210319
v 0.986682 1.386557 -2.206176
v 0.981162 1.390264 -2.215880
v 1.003497 1.377011 -2.161600
v 1.007002 1.376457 -2.159963
v 0.993692 1.377011 -2.170336
v 0.991663 1.376457 -2.173629
v 0.995677 1.377495 -2.168338
v 1.012456 1.376087 -2.158949
v 1.018762 1.376744 -2.158336
v 0.990029 1.376087 -2.178931
v 0.988695 1.376744 -2.185124
v 1.024820 1.379271 -2.157902
v 1.029797 1.382159 -2.157885
v 0.987567 1.379271 -2.191092
v 0.986979 1.382159 -2.196034
v 1.032860 1.383901 -2.158525
v 1.035065 1.384796 -2.159490
v 0.987262 1.383901 -2.199150
v 0.987967 1.384796 -2.201451
v 1.037468 1.385143 -2.160445
v 0.988640 1.385143 -2.203949
v 1.140738 1.278140 -2.261096
v 1.148718 1.258897 -2.273873
v 1.152805 1.285454 -2.251450
v 1.144611 1.307977 -2.242269
v 1.131659 1.299821 -2.249591
v 1.119214 1.295219 -2.258378
v 1.129430 1.274171 -2.271572
v 1.139157 1.256000 -2.285367
v 1.076751 1.278140 -2.318105
v 1.066365 1.299821 -2.307764
v 1.057603 1.307977 -2.319788
v 1.065781 1.285454 -2.328983
v 1.088526 1.258897 -2.327501
v 1.101042 1.256000 -2.319325
v 1.088457 1.274171 -2.308077
v 1.076525 1.295219 -2.296411
v 1.122941 1.319938 -2.242512
v 1.110915 1.314342 -2.249934
v 1.135262 1.328827 -2.236770
v 1.125464 1.346531 -2.231574
v 1.114137 1.337294 -2.236353
v 1.102953 1.330981 -2.242722
v 1.060336 1.319938 -2.298290
v 1.053215 1.328827 -2.309869
v 1.069091 1.314342 -2.287197
v 1.062842 1.330981 -2.278459
v 1.055230 1.337294 -2.288836
v 1.049180 1.346531 -2.299538
v 1.104800 1.350692 -2.227604
v 1.093746 1.344577 -2.233224
v 1.115923 1.359619 -2.223300
v 1.106964 1.368329 -2.213015
v 1.095826 1.360159 -2.217544
v 1.084723 1.354777 -2.223076
v 1.047612 1.350692 -2.278554
v 1.042058 1.359619 -2.289109
v 1.054465 1.344577 -2.268221
v 1.045422 1.354777 -2.258090
v 1.038651 1.360159 -2.268484
v 1.032871 1.368329 -2.279027
v 1.088115 1.365722 -2.207455
v 1.077310 1.361230 -2.213914
v 1.098911 1.372901 -2.201779
v 1.091409 1.374721 -2.191356
v 1.081190 1.368551 -2.198302
v 1.070893 1.364984 -2.205810
v 1.029515 1.365722 -2.259664
v 1.022636 1.372901 -2.269736
v 1.037173 1.361230 -2.249674
v 1.029861 1.364984 -2.242367
v 1.021218 1.368551 -2.251733
v 1.013144 1.374721 -2.261085
v 1.099927 1.312477 -2.258626
v 1.092456 1.328877 -2.250875
v 1.082302 1.328877 -2.259922
v 1.089458 1.312477 -2.267953
v 1.097489 1.293685 -2.276967
v 1.108034 1.293685 -2.267571
v 1.119001 1.272848 -2.280998
v 1.109010 1.272848 -2.289899
v 1.120592 1.255034 -2.302899
v 1.129819 1.255034 -2.294678
v 1.137481 1.245313 -2.304385
v 1.145984 1.245510 -2.295615
v 1.128804 1.245313 -2.312115
v 1.154140 1.246099 -2.284766
v 1.157841 1.237103 -2.295168
v 1.098723 1.246099 -2.334139
v 1.108631 1.237103 -2.339012
v 1.110437 1.245510 -2.327285
v 1.165515 1.296813 -2.244514
v 1.157310 1.320173 -2.237473
v 1.057430 1.296813 -2.340811
v 1.051378 1.320173 -2.331851
v 1.147135 1.340572 -2.233113
v 1.136391 1.357411 -2.228185
v 1.048217 1.340572 -2.321242
v 1.044558 1.357411 -2.310003
v 1.126480 1.370091 -2.219441
v 1.117435 1.378484 -2.208235
v 1.037011 1.370091 -2.299153
v 1.026919 1.378484 -2.288879
v 1.109286 1.382462 -2.195920
v 1.118255 1.393356 -2.191305
v 1.110515 1.394555 -2.178946
v 1.101546 1.383723 -2.184354
v 1.015622 1.382462 -2.279369
v 1.010007 1.393356 -2.287748
v 1.005023 1.383723 -2.270350
v 0.998620 1.394555 -2.278638
v 1.124832 1.404533 -2.189364
v 1.117231 1.406218 -2.176783
v 1.128688 1.416269 -2.189627
v 1.121321 1.418738 -2.176796
v 1.007323 1.404533 -2.294058
v 0.995699 1.406218 -2.285061
v 0.995242 1.418738 -2.289125
v 1.007141 1.416269 -2.297919
v 1.149445 1.413568 -2.224662
v 1.149127 1.424652 -2.233605
v 1.136041 1.437969 -2.212438
v 1.137869 1.423175 -2.207247
v 1.039557 1.413568 -2.322565
v 1.048478 1.424652 -2.323278
v 1.023588 1.423175 -2.309065
v 1.028955 1.437969 -2.307845
v 1.149278 1.435806 -2.247491
v 1.136785 1.447671 -2.229432
v 1.062254 1.435806 -2.325024
v 1.045751 1.447671 -2.310538
v 1.129493 1.428837 -2.191624
v 1.128327 1.442587 -2.193438
v 1.121305 1.445873 -2.179325
v 1.122415 1.432140 -2.177918
v 1.009032 1.428836 -2.298948
v 0.996230 1.432140 -2.290341
v 0.997755 1.445873 -2.289401
v 1.010968 1.442587 -2.297998
v 1.114735 1.434673 -2.166253
v 1.114010 1.447239 -2.167246
v 1.106076 1.447835 -2.157900
v 1.105965 1.436693 -2.157126
v 1.104107 1.424166 -2.156835
v 1.113320 1.421495 -2.165716
v 0.985526 1.434673 -2.281370
v 0.977468 1.436693 -2.271610
v 0.978223 1.447835 -2.271809
v 0.986596 1.447239 -2.280765
v 0.985155 1.421495 -2.279903
v 0.977392 1.424166 -2.269731
v 1.109069 1.408048 -2.166123
v 1.099640 1.410537 -2.157399
v 1.102397 1.395236 -2.168882
v 0.986048 1.408048 -2.275727
v 0.978466 1.410537 -2.265358
v 0.989555 1.395236 -2.269417
v 1.093724 1.383962 -2.175395
v 1.084100 1.375174 -2.183504
v 0.997023 1.383962 -2.261550
v 1.006185 1.375174 -2.252922
v 1.101881 1.512596 -2.165095
v 1.103060 1.500618 -2.165606
v 1.105819 1.500027 -2.165444
v 1.103758 1.512641 -2.165672
v 1.100306 1.523204 -2.164420
v 1.099326 1.523181 -2.163395
v 0.985853 1.512596 -2.268469
v 0.986225 1.500618 -2.269699
v 0.984459 1.523181 -2.265735
v 0.985364 1.523204 -2.266826
v 0.986210 1.512641 -2.270400
v 0.985747 1.500027 -2.272421
v 1.102298 1.487712 -2.165154
v 1.105487 1.485198 -2.163996
v 0.985864 1.487712 -2.268890
v 0.984347 1.485198 -2.271925
v 1.109903 1.485638 -2.169465
v 1.109916 1.471118 -2.168991
v 1.116257 1.473103 -2.180096
v 1.115120 1.487449 -2.178601
v 1.113049 1.501234 -2.176882
v 1.109380 1.500246 -2.169696
v 0.989272 1.485638 -2.276940
v 0.997747 1.487449 -2.283173
v 0.999102 1.473103 -2.284474
v 0.988800 1.471118 -2.276898
v 0.989561 1.500246 -2.276447
v 0.996278 1.501234 -2.280918
v 1.111844 1.458853 -2.168205
v 1.105304 1.457308 -2.158782
v 1.118786 1.459386 -2.180194
v 0.987797 1.458853 -2.278723
v 0.979189 1.457308 -2.271144
v 0.998909 1.459386 -2.286997
v 1.126269 1.457872 -2.193154
v 1.123629 1.473692 -2.191309
v 1.130999 1.458097 -2.206433
v 1.127735 1.475516 -2.202644
v 1.010922 1.457872 -2.295921
v 1.009393 1.473692 -2.293086
v 1.020180 1.475516 -2.298468
v 1.023570 1.458097 -2.302146
v 1.129680 1.463847 -2.219379
v 1.124905 1.471710 -2.232259
v 1.117085 1.487739 -2.225735
v 1.124278 1.481202 -2.214114
v 1.036582 1.463846 -2.302325
v 1.049925 1.471710 -2.299062
v 1.031972 1.481202 -2.296352
v 1.044343 1.487739 -2.290543
v 1.100005 1.503557 -2.231895
v 1.092678 1.504230 -2.240829
v 1.081169 1.511312 -2.232075
v 1.090037 1.511235 -2.226978
v 1.095751 1.513198 -2.217509
v 1.107868 1.501371 -2.221677
v 1.109983 1.492118 -2.237524
v 1.102601 1.494593 -2.248291
v 1.052426 1.503557 -2.274285
v 1.041372 1.501371 -2.280922
v 1.038624 1.513198 -2.268406
v 1.048687 1.511235 -2.263819
v 1.054770 1.511312 -2.255595
v 1.062143 1.504230 -2.268034
v 1.068415 1.494593 -2.278749
v 1.056870 1.492118 -2.284844
v 1.116893 1.496606 -2.210416
v 1.108348 1.509235 -2.206584
v 1.115584 1.505560 -2.195473
v 1.122651 1.491691 -2.199030
v 1.029148 1.496606 -2.288592
v 1.026324 1.509235 -2.279663
v 1.017175 1.491691 -2.293003
v 1.014455 1.505560 -2.285573
v 1.120715 1.489052 -2.188440
v 1.116134 1.502949 -2.185523
v 1.006878 1.489053 -2.289862
v 1.004507 1.502949 -2.284976
v 1.119268 1.478276 -2.245339
v 1.112477 1.482713 -2.257221
v 1.063566 1.478276 -2.294966
v 1.076150 1.482713 -2.289586
v 1.104239 1.484192 -2.266503
v 1.095279 1.484192 -2.274487
v 1.086202 1.495418 -2.264299
v 1.094565 1.495418 -2.256848
v 1.085265 1.504454 -2.248235
v 1.077809 1.504454 -2.254878
v 1.069111 1.510377 -2.245116
v 1.075644 1.510377 -2.239297
v 1.065005 1.512265 -2.228664
v 1.068759 1.512394 -2.223546
v 1.059123 1.512265 -2.233905
v 1.049358 1.511868 -2.222945
v 1.055049 1.511868 -2.217876
v 1.059536 1.511996 -2.213489
v 1.047476 1.510935 -2.208468
v 1.052675 1.510899 -2.204023
v 1.041335 1.510935 -2.213940
v 1.044867 1.396828 -2.148710
v 1.044217 1.398637 -2.147183
v 1.050560 1.395784 -2.150096
v 1.054508 1.399774 -2.147544
v 0.976131 1.396828 -2.209949
v 0.974689 1.398637 -2.209128
v 0.973865 1.399774 -2.219392
v 0.976854 1.395784 -2.215764
v 1.041965 1.400724 -2.146446
v 1.046265 1.403393 -2.145954
v 0.974216 1.400724 -2.206806
v 0.973234 1.403393 -2.211021
v 1.051392 1.407449 -2.144639
v 1.062477 1.403913 -2.146473
v 1.069270 1.409568 -2.145790
v 1.056897 1.413015 -2.143463
v 0.971337 1.407449 -2.215962
v 0.969536 1.413015 -2.221297
v 0.970426 1.409568 -2.233854
v 0.971885 1.403913 -2.227185
v 1.062334 1.420217 -2.143393
v 1.075571 1.417827 -2.145914
v 1.080772 1.428051 -2.146574
v 1.067570 1.429106 -2.144299
v 0.968842 1.420217 -2.226689
v 0.969140 1.429106 -2.231995
v 0.969882 1.428051 -2.245371
v 0.969824 1.417827 -2.240128
v 1.072475 1.439737 -2.146052
v 1.084267 1.439601 -2.147499
v 1.086152 1.453403 -2.149454
v 1.074080 1.451438 -2.148554
v 1.062325 1.439507 -2.145952
v 0.970317 1.439737 -2.237069
v 0.972618 1.451438 -2.238951
v 0.972125 1.453403 -2.251046
v 0.970399 1.439601 -2.248949
v 0.971385 1.439507 -2.226974
v 1.069416 1.463537 -2.151706
v 1.078039 1.467677 -2.154274
v 1.070086 1.479623 -2.160540
v 1.061805 1.474886 -2.156576
v 0.976285 1.463537 -2.234680
v 0.981998 1.474886 -2.227679
v 0.984984 1.479623 -2.236362
v 0.977844 1.467677 -2.243541
v 1.056965 1.392596 -2.152148
v 1.064649 1.395328 -2.150599
v 0.978156 1.392596 -2.222363
v 0.975734 1.395328 -2.229817
v 1.073207 1.398531 -2.150396
v 1.081462 1.404168 -2.150688
v 0.974548 1.398531 -2.238295
v 0.973889 1.404168 -2.246529
v 1.088240 1.414198 -2.150623
v 1.093105 1.426378 -2.150603
v 0.973045 1.414198 -2.253255
v 0.972467 1.426378 -2.258085
v 1.095620 1.438461 -2.151033
v 1.097142 1.448809 -2.151982
v 0.972604 1.438461 -2.260633
v 0.973371 1.448809 -2.262254
v 1.099026 1.455784 -2.153521
v 1.093738 1.462034 -2.154322
v 0.974684 1.455784 -2.264302
v 0.976088 1.462034 -2.259141
v 1.086039 1.473230 -2.159423
v 1.077752 1.484890 -2.166466
v 0.982040 1.473230 -2.252080
v 0.989989 1.484890 -2.244658
v 1.070701 1.492528 -2.173096
v 1.063604 1.496863 -2.178065
v 1.058955 1.492629 -2.173147
v 1.062960 1.488265 -2.168149
v 0.997386 1.492528 -2.238415
v 0.993362 1.488265 -2.230157
v 0.998787 1.492629 -2.226754
v 1.003138 1.496863 -2.231936
v 1.055178 1.498614 -2.180124
v 1.051198 1.492157 -2.172731
v 1.060846 1.503152 -2.185563
v 1.054662 1.507700 -2.189960
v 1.047132 1.499037 -2.181005
v 1.006152 1.498614 -2.223804
v 1.010903 1.503152 -2.230060
v 0.999265 1.492157 -2.219000
v 1.007952 1.499037 -2.215913
v 1.015982 1.507700 -2.224422
v 1.054569 1.484336 -2.164233
v 0.990436 1.484336 -2.221372
v 1.055898 1.439545 -2.146459
v 1.052054 1.439779 -2.147420
v 0.972627 1.439545 -2.220649
v 0.974024 1.439779 -2.216940
v 1.062540 1.505214 -2.188196
v 1.066448 1.504179 -2.188196
v 1.059567 1.509026 -2.187919
v 1.013324 1.505214 -2.232045
v 1.013391 1.509026 -2.229059
v 1.012874 1.504179 -2.235927
v 1.041175 1.499386 -2.182439
v 1.049726 1.506848 -2.192252
v 1.010061 1.499386 -2.210160
v 1.013255 1.499620 -2.205314
v 1.021720 1.507356 -2.216028
v 1.018826 1.506848 -2.219782
v 1.030355 1.429930 -2.156093
v 1.031315 1.431248 -2.157738
v 1.035047 1.429800 -2.152560
v 1.035933 1.430843 -2.155105
v 0.985134 1.429930 -2.196382
v 0.986658 1.431248 -2.197525
v 0.983511 1.430843 -2.201809
v 0.981085 1.429800 -2.200637
v 1.040825 1.431486 -2.150337
v 1.041002 1.432297 -2.152431
v 1.046191 1.434945 -2.149139
v 1.045622 1.435021 -2.151335
v 0.978212 1.431486 -2.206121
v 0.980273 1.432297 -2.206537
v 0.978653 1.435021 -2.211001
v 0.976406 1.434945 -2.211314
v 1.049652 1.440134 -2.148683
v 1.048485 1.439834 -2.150033
v 1.050990 1.446000 -2.149098
v 1.049904 1.444839 -2.150111
v 0.975554 1.440134 -2.214699
v 0.977030 1.439834 -2.213695
v 0.976944 1.444839 -2.215114
v 0.975813 1.446000 -2.216077
v 1.049992 1.451491 -2.150517
v 1.049174 1.450011 -2.151024
v 1.046312 1.455319 -2.152173
v 1.046783 1.453584 -2.152663
v 0.977337 1.451491 -2.215248
v 0.977935 1.450011 -2.214494
v 0.979838 1.453584 -2.212306
v 0.979406 1.455319 -2.211783
v 1.039605 1.456195 -2.153302
v 1.040670 1.454751 -2.153744
v 0.981298 1.456195 -2.205251
v 0.981614 1.454751 -2.206359
v 1.044868 1.432452 -2.153860
v 1.042745 1.432053 -2.153988
v 1.047143 1.434785 -2.152418
v 1.048707 1.434218 -2.154140
v 1.044173 1.430995 -2.155310
v 1.039305 1.429659 -2.157634
v 0.981247 1.432452 -2.210542
v 0.979554 1.434785 -2.212636
v 0.981618 1.432053 -2.208448
v 0.985635 1.429659 -2.205450
v 0.982768 1.430995 -2.210018
v 0.981084 1.434218 -2.214387
v 1.048347 1.438105 -2.151261
v 1.049665 1.439648 -2.151634
v 0.978266 1.438105 -2.213699
v 0.978485 1.439648 -2.215051
v 1.051532 1.441540 -2.152452
v 1.051915 1.445374 -2.152061
v 1.054368 1.445607 -2.154593
v 1.052457 1.439443 -2.154062
v 0.979082 1.441540 -2.217000
v 0.978650 1.445374 -2.217336
v 0.980576 1.439443 -2.218104
v 0.980883 1.445607 -2.220063
v 1.050630 1.448556 -2.152028
v 1.050973 1.450252 -2.153288
v 0.978765 1.448556 -2.216056
v 0.979977 1.450252 -2.216541
v 1.051053 1.452517 -2.154272
v 1.047976 1.454876 -2.154242
v 1.049521 1.455981 -2.156275
v 1.053383 1.451643 -2.155248
v 0.980946 1.452517 -2.216734
v 0.981269 1.454876 -2.213673
v 0.981647 1.451643 -2.219161
v 0.983112 1.455981 -2.215442
v 1.043506 1.455106 -2.154409
v 1.041806 1.455501 -2.155562
v 0.981949 1.455106 -2.209253
v 0.983290 1.455501 -2.207696
v 1.039591 1.455845 -2.156930
v 1.034470 1.454314 -2.157606
v 1.035529 1.455292 -2.160580
v 1.042799 1.457049 -2.157924
v 0.984904 1.455845 -2.205654
v 0.986164 1.454314 -2.200644
v 0.985523 1.457049 -2.208954
v 0.988997 1.455292 -2.202038
v 1.030464 1.451490 -2.158667
v 1.029138 1.450368 -2.160801
v 0.987679 1.451490 -2.196787
v 0.989951 1.450368 -2.195715
v 1.027871 1.448951 -2.163478
v 1.030022 1.451152 -2.164629
v 0.992755 1.448951 -2.194764
v 0.993651 1.451152 -2.197032
v 1.024748 1.440215 -2.167040
v 1.024463 1.437807 -2.166058
v 1.025671 1.437792 -2.169269
v 1.025515 1.441504 -2.169316
v 0.996653 1.440215 -2.192071
v 0.995710 1.437807 -2.191675
v 0.998825 1.441504 -2.193094
v 0.998761 1.437792 -2.193244
v 1.024256 1.436189 -2.165447
v 1.024762 1.435474 -2.166748
v 0.995127 1.436189 -2.191399
v 0.996361 1.435474 -2.192051
v 1.025239 1.434776 -2.167693
v 1.025109 1.433750 -2.166853
v 1.026266 1.433656 -2.169112
v 1.025899 1.435292 -2.169243
v 0.997245 1.434776 -2.192633
v 0.996426 1.433750 -2.192408
v 0.998709 1.435292 -2.193467
v 0.998537 1.433656 -2.193817
v 1.025115 1.433084 -2.165898
v 1.025714 1.432747 -2.166532
v 0.995477 1.433084 -2.192305
v 0.996037 1.432747 -2.192972
v 1.026313 1.432395 -2.167126
v 1.026453 1.432088 -2.165873
v 1.027636 1.431859 -2.168025
v 1.026837 1.432536 -2.168752
v 0.996559 1.432395 -2.193635
v 0.995298 1.432088 -2.193631
v 0.998113 1.432536 -2.194343
v 0.997300 1.431859 -2.195053
v 1.026724 1.432170 -2.164215
v 1.027472 1.432127 -2.164419
v 0.993619 1.432170 -2.193709
v 0.993736 1.432127 -2.194475
v 1.028255 1.431940 -2.164693
v 1.029175 1.431926 -2.162635
v 1.030737 1.431122 -2.164646
v 1.028684 1.431548 -2.166794
v 0.993919 1.431940 -2.195285
v 0.991768 1.431926 -2.195962
v 0.995956 1.431548 -2.195952
v 0.993587 1.431122 -2.197745
v 1.031190 1.431621 -2.160043
v 1.033126 1.431016 -2.159642
v 0.988962 1.431621 -2.197666
v 0.988341 1.431016 -2.199543
v 1.035140 1.430304 -2.158888
v 1.037828 1.430354 -2.156086
v 1.034552 1.430097 -2.161169
v 0.987360 1.430304 -2.201457
v 0.984268 1.430354 -2.203805
v 0.989694 1.430097 -2.201135
v 1.040608 1.431619 -2.154104
v 0.981979 1.431619 -2.206338
v 1.079856 1.543824 -2.170349
v 1.083056 1.543733 -2.168306
v 1.085694 1.539046 -2.173625
v 1.081671 1.539563 -2.176072
v 1.076965 1.540179 -2.177011
v 1.076201 1.544669 -2.170642
v 1.076701 1.547150 -2.166964
v 1.079096 1.547008 -2.165959
v 1.081487 1.546519 -2.165126
v 0.993604 1.543824 -2.247194
v 0.994316 1.544669 -2.243597
v 1.000555 1.540179 -2.245088
v 0.999081 1.539563 -2.249655
v 0.996188 1.539046 -2.253370
v 0.991207 1.543733 -2.250138
v 0.988229 1.546519 -2.248214
v 0.989331 1.547008 -2.245935
v 0.990605 1.547150 -2.243671
v 1.084918 1.544627 -2.165004
v 1.088344 1.538909 -2.170436
v 1.081987 1.548603 -2.161485
v 0.987713 1.544627 -2.251607
v 0.992715 1.538909 -2.255636
v 0.984554 1.548603 -2.248292
v 1.063934 1.533992 -2.167290
v 1.062608 1.534146 -2.170434
v 1.060752 1.525914 -2.176811
v 1.062114 1.525595 -2.173162
v 1.066036 1.542244 -2.162168
v 1.064645 1.542234 -2.164577
v 0.992396 1.533992 -2.231026
v 0.998439 1.525595 -2.229893
v 1.002219 1.525914 -2.228960
v 0.995672 1.534146 -2.230070
v 0.989619 1.542234 -2.231420
v 0.987066 1.542244 -2.232525
v 1.068950 1.550858 -2.156108
v 1.067494 1.550532 -2.158185
v 1.072143 1.557374 -2.150954
v 1.071156 1.557359 -2.152950
v 0.980712 1.550858 -2.234723
v 0.982943 1.550532 -2.233516
v 0.977321 1.557359 -2.236551
v 0.975224 1.557374 -2.237302
v 1.075080 1.559333 -2.148547
v 1.076824 1.558714 -2.147921
v 1.075860 1.558868 -2.149475
v 0.972496 1.559333 -2.239943
v 0.973328 1.558868 -2.240825
v 0.971674 1.558714 -2.241604
v 1.077872 1.558336 -2.147682
v 1.080981 1.555958 -2.148375
v 0.971316 1.558336 -2.242617
v 0.971646 1.555958 -2.245785
v 1.086084 1.548983 -2.151746
v 1.091601 1.540079 -2.156234
v 0.974409 1.548983 -2.251242
v 0.978233 1.540079 -2.257239
v 1.095958 1.531910 -2.160280
v 1.096462 1.531877 -2.161432
v 0.981751 1.531910 -2.262031
v 0.982837 1.531877 -2.262665
v 1.096204 1.531814 -2.165727
v 1.101028 1.523280 -2.168729
v 1.101102 1.523485 -2.174753
v 1.095187 1.531829 -2.171267
v 0.987134 1.531814 -2.262902
v 0.989561 1.523280 -2.268039
v 0.992754 1.531829 -2.262529
v 0.995537 1.523485 -2.268805
v 1.063933 1.534016 -2.176240
v 1.065238 1.541428 -2.168650
v 1.068003 1.542297 -2.171079
v 1.067572 1.533823 -2.182212
v 1.067389 1.526511 -2.192170
v 1.062558 1.526239 -2.184322
v 1.001287 1.534016 -2.232054
v 1.006801 1.533823 -2.236355
v 0.995692 1.542297 -2.235504
v 0.993597 1.541428 -2.232478
v 1.009474 1.526239 -2.231617
v 1.016714 1.526511 -2.237318
v 1.066979 1.548127 -2.162136
v 1.068759 1.550553 -2.161177
v 0.986926 1.548127 -2.233458
v 0.985769 1.550553 -2.235116
v 1.070273 1.552038 -2.160479
v 1.072743 1.555889 -2.155673
v 1.073679 1.552496 -2.160139
v 1.070793 1.548344 -2.165107
v 0.984902 1.552038 -2.236540
v 0.979844 1.555889 -2.238441
v 0.989439 1.548344 -2.237589
v 0.984172 1.552496 -2.239885
v 1.072975 1.546031 -2.168694
v 1.075088 1.549439 -2.164207
v 1.072271 1.540618 -2.175676
v 0.992752 1.546031 -2.240168
v 0.988052 1.549439 -2.241752
v 0.999769 1.540618 -2.240271
v 1.060041 1.516546 -2.181473
v 1.058447 1.517180 -2.184757
v 1.006933 1.516546 -2.228790
v 1.010379 1.517180 -2.227584
v 1.060606 1.518446 -2.192312
v 1.066824 1.519720 -2.200624
v 1.065867 1.514270 -2.209234
v 1.058333 1.512632 -2.198613
v 1.017635 1.518446 -2.230597
v 1.025177 1.519720 -2.237729
v 1.024156 1.512632 -2.229063
v 1.033840 1.514270 -2.237768
v 1.073183 1.533790 -2.185857
v 1.079569 1.533636 -2.186764
v 1.083763 1.526448 -2.197534
v 1.075100 1.526669 -2.196828
v 1.009777 1.533790 -2.242349
v 1.009944 1.533636 -2.248796
v 1.020454 1.526669 -2.245513
v 1.020160 1.526448 -2.254201
v 1.078401 1.550251 -2.161512
v 1.077662 1.553485 -2.157067
v 0.984993 1.550251 -2.244733
v 0.980663 1.553485 -2.243487
v 1.076768 1.556638 -2.152684
v 0.976412 1.556638 -2.242095
v 1.093419 1.532033 -2.176150
v 1.100136 1.523892 -2.180923
v 1.097222 1.524570 -2.187195
v 1.090374 1.532444 -2.180520
v 0.997808 1.532033 -2.261334
v 1.001777 1.523892 -2.268555
v 1.002499 1.532444 -2.258812
v 1.008342 1.524570 -2.266382
v 1.085528 1.533083 -2.184522
v 1.091451 1.525585 -2.193527
v 1.007031 1.533083 -2.254458
v 1.015296 1.525585 -2.261377
v 1.077406 1.520377 -2.206178
v 1.089302 1.520023 -2.206951
v 1.079501 1.515793 -2.214228
v 1.029478 1.520377 -2.248879
v 1.028878 1.520023 -2.260785
v 1.037233 1.515793 -2.251886
v 1.055992 1.510790 -2.201627
v 1.061619 1.512378 -2.210466
v 1.027419 1.510790 -2.227084
v 1.030180 1.510899 -2.224065
v 1.038794 1.511996 -2.231969
v 1.035552 1.512378 -2.233690
v 1.068258 1.512779 -2.218671
v 1.073649 1.513194 -2.220894
v 1.042939 1.512779 -2.241229
v 1.047724 1.512394 -2.242287
v 1.044528 1.513194 -2.246839
v 1.080787 1.513798 -2.221295
v 1.044106 1.513798 -2.253976
v 1.099463 1.518265 -2.200918
v 1.106366 1.516064 -2.191854
v 1.021717 1.518265 -2.270185
v 1.011919 1.516064 -2.276001
v 1.108491 1.514380 -2.183532
v 1.107716 1.513266 -2.176112
v 1.003408 1.514380 -2.277155
v 0.996127 1.513266 -2.275532
v 1.056958 1.419709 -2.172767
v 1.062363 1.423700 -2.169224
v 1.050810 1.417853 -2.176822
v 1.056289 1.420921 -2.185461
v 1.061602 1.422068 -2.181541
v 1.066342 1.426008 -2.178849
v 0.998639 1.419709 -2.224726
v 0.994498 1.423700 -2.229688
v 1.003602 1.426008 -2.234747
v 1.006821 1.422068 -2.230348
v 1.011325 1.420921 -2.225521
v 1.003374 1.417853 -2.219085
v 1.044498 1.418423 -2.181009
v 1.038634 1.421250 -2.184922
v 1.045694 1.423877 -2.192508
v 1.050498 1.420921 -2.188886
v 1.008259 1.418423 -2.213296
v 1.015394 1.420921 -2.220162
v 1.019544 1.423877 -2.215806
v 1.012820 1.421250 -2.207920
v 1.033827 1.426163 -2.188153
v 1.030486 1.432594 -2.190428
v 1.038605 1.433747 -2.197299
v 1.040988 1.427819 -2.195253
v 1.016582 1.426163 -2.203517
v 1.022811 1.427819 -2.211447
v 1.025119 1.433747 -2.209315
v 1.019226 1.432594 -2.200459
v 1.029019 1.439973 -2.191470
v 1.029477 1.447551 -2.191239
v 1.037727 1.446762 -2.198005
v 1.036704 1.440126 -2.198209
v 1.020430 1.439973 -2.199122
v 1.026241 1.440126 -2.207531
v 1.025920 1.446762 -2.208524
v 1.020148 1.447551 -2.199551
v 1.031912 1.454578 -2.189693
v 1.035995 1.460409 -2.187044
v 1.043398 1.457950 -2.194354
v 1.039282 1.453141 -2.196625
v 1.018332 1.454578 -2.201792
v 1.024371 1.453141 -2.209910
v 1.021642 1.457950 -2.213738
v 1.015231 1.460409 -2.205543
v 1.047567 1.449969 -2.199431
v 1.052096 1.452157 -2.198095
v 1.063447 1.441902 -2.198694
v 1.048466 1.444995 -2.200432
v 1.026206 1.449969 -2.218462
v 1.027097 1.444995 -2.219470
v 1.023648 1.441902 -2.234153
v 1.024358 1.452157 -2.222808
v 1.053650 1.456266 -2.195461
v 1.047737 1.461894 -2.191107
v 1.053451 1.463038 -2.187743
v 1.058531 1.455413 -2.193863
v 1.021563 1.456266 -2.224049
v 1.017917 1.461894 -2.217674
v 1.019414 1.455413 -2.228713
v 1.013919 1.463038 -2.222963
v 1.061638 1.457091 -2.190176
v 1.065313 1.453521 -2.189352
v 1.058841 1.463040 -2.183761
v 1.064046 1.460082 -2.180696
v 1.015395 1.457091 -2.231377
v 1.014153 1.453521 -2.234932
v 1.005700 1.460082 -2.232678
v 1.009344 1.463040 -2.227860
v 1.068481 1.452128 -2.185596
v 1.068351 1.456142 -2.177395
v 1.071136 1.450211 -2.175904
v 1.069852 1.447203 -2.186285
v 1.010058 1.452128 -2.237647
v 1.001926 1.456142 -2.236575
v 1.010584 1.447203 -2.239088
v 1.000126 1.450211 -2.239170
v 1.071563 1.443274 -2.183469
v 1.070413 1.438871 -2.185833
v 1.072636 1.443835 -2.174439
v 1.072013 1.437196 -2.175199
v 1.007591 1.443274 -2.240465
v 1.010071 1.438871 -2.239594
v 0.999324 1.437196 -2.239960
v 0.998497 1.443835 -2.240492
v 1.069709 1.433910 -2.184608
v 1.070058 1.430820 -2.176023
v 1.066783 1.431710 -2.188169
v 1.008936 1.433910 -2.238753
v 1.000367 1.430820 -2.238113
v 1.012810 1.431710 -2.236256
v 1.063625 1.427613 -2.188579
v 1.060348 1.428453 -2.192402
v 1.013580 1.427613 -2.233167
v 1.017754 1.428453 -2.230350
v 1.055637 1.426788 -2.193864
v 1.053566 1.430345 -2.196913
v 1.019748 1.426788 -2.225839
v 1.023015 1.430345 -2.224132
v 1.048794 1.431750 -2.198444
v 1.049027 1.436663 -2.199980
v 1.025084 1.431750 -2.219568
v 1.026584 1.436663 -2.219976
v 1.045712 1.440605 -2.200571
v 1.027551 1.440605 -2.216751
v 1.041400 1.464400 -2.183501
v 1.047548 1.466256 -2.179446
v 1.011090 1.464400 -2.210505
v 1.006355 1.466256 -2.216146
v 1.053860 1.465686 -2.175259
v 1.059724 1.462859 -2.171346
v 1.001470 1.465686 -2.221934
v 0.996909 1.462859 -2.227310
v 1.064531 1.457946 -2.168114
v 1.067873 1.451515 -2.165840
v 0.993147 1.457946 -2.231714
v 0.990503 1.451515 -2.234771
v 1.069339 1.444136 -2.164798
v 1.068881 1.436558 -2.165029
v 0.989299 1.444136 -2.236109
v 0.989581 1.436558 -2.235680
v 1.066446 1.429531 -2.166574
v 0.991397 1.429531 -2.233439
v 1.569591 1.467183 -2.763744
v 1.588920 1.491825 -2.787435
v 1.581612 1.498910 -2.788226
v 1.562278 1.475753 -2.765068
v 1.546254 1.459152 -2.744677
v 1.554132 1.449004 -2.742930
v 1.559152 1.436128 -2.745533
v 1.574303 1.456297 -2.766386
v 1.593934 1.482969 -2.790626
v 1.526762 1.467183 -2.801902
v 1.507862 1.449004 -2.784153
v 1.510504 1.459152 -2.776528
v 1.528918 1.475753 -2.794790
v 1.549699 1.498910 -2.816659
v 1.548073 1.491825 -2.823827
v 1.550667 1.482969 -2.829175
v 1.528844 1.456297 -2.806887
v 1.509871 1.436128 -2.789439
v 1.609223 1.521379 -2.811200
v 1.601618 1.527169 -2.811323
v 1.614756 1.514242 -2.815116
v 1.634707 1.547952 -2.838872
v 1.628814 1.553817 -2.834433
v 1.621026 1.558624 -2.834005
v 1.569347 1.521379 -2.846727
v 1.572600 1.514242 -2.852674
v 1.570343 1.527169 -2.839187
v 1.590643 1.558624 -2.861074
v 1.590173 1.553817 -2.868859
v 1.593906 1.547952 -2.875224
v 1.646006 1.587109 -2.856524
v 1.638572 1.591369 -2.855914
v 1.651726 1.581933 -2.860913
v 1.666659 1.615753 -2.881369
v 1.661413 1.620500 -2.877343
v 1.654629 1.624407 -2.876755
v 1.610141 1.587109 -2.888477
v 1.613844 1.581933 -2.894664
v 1.610390 1.591369 -2.881022
v 1.629246 1.624407 -2.899369
v 1.629051 1.620500 -2.906176
v 1.632447 1.615753 -2.911850
v 1.675650 1.653236 -2.896760
v 1.669572 1.656739 -2.896229
v 1.680354 1.648980 -2.900370
v 1.692351 1.679782 -2.917796
v 1.688244 1.683498 -2.914645
v 1.682940 1.686557 -2.914178
v 1.646703 1.653236 -2.922551
v 1.649748 1.648980 -2.927639
v 1.646873 1.656739 -2.916452
v 1.663167 1.686557 -2.931795
v 1.663021 1.683499 -2.937117
v 1.665679 1.679782 -2.941559
v 1.698719 1.709470 -2.930865
v 1.694272 1.712053 -2.930443
v 1.702186 1.706332 -2.933526
v 1.707690 1.724650 -2.945633
v 1.704780 1.727339 -2.943297
v 1.699978 1.724474 -2.939952
v 1.677929 1.709470 -2.949387
v 1.680174 1.706332 -2.953138
v 1.678021 1.712053 -2.944921
v 1.686811 1.724474 -2.951683
v 1.689582 1.727339 -2.956838
v 1.691568 1.724650 -2.959998
v 1.682379 1.645553 -2.906109
v 1.668916 1.611932 -2.887769
v 1.668008 1.609414 -2.894778
v 1.681569 1.643295 -2.912390
v 1.693414 1.674820 -2.928287
v 1.694118 1.676791 -2.922807
v 1.655216 1.645553 -2.930309
v 1.661548 1.643295 -2.930227
v 1.645612 1.609414 -2.914732
v 1.638545 1.611932 -2.914828
v 1.670453 1.676791 -2.943891
v 1.675978 1.674820 -2.943821
v 1.654187 1.577766 -2.867891
v 1.653161 1.575020 -2.875566
v 1.637148 1.543173 -2.846128
v 1.635902 1.539998 -2.854213
v 1.620493 1.577766 -2.897911
v 1.628235 1.575020 -2.897774
v 1.609007 1.539998 -2.878175
v 1.600832 1.543173 -2.878483
v 1.616756 1.508270 -2.822129
v 1.615108 1.504227 -2.830176
v 1.595277 1.475296 -2.797154
v 1.593059 1.469984 -2.804950
v 1.579337 1.508270 -2.855467
v 1.587520 1.504227 -2.854755
v 1.564996 1.469984 -2.829952
v 1.556997 1.475296 -2.831259
v 1.574978 1.446491 -2.772461
v 1.559649 1.424559 -2.752257
v 1.556296 1.416372 -2.760653
v 1.572037 1.439541 -2.780028
v 1.534801 1.446491 -2.808256
v 1.516494 1.424559 -2.790705
v 1.542656 1.439541 -2.806205
v 1.525219 1.416372 -2.788341
v 1.545440 1.438837 -2.727793
v 1.536180 1.450558 -2.729880
v 1.551767 1.424364 -2.731204
v 1.493826 1.438837 -2.773778
v 1.496963 1.450558 -2.764820
v 1.496486 1.424364 -2.780456
v 1.526077 1.454466 -2.736827
v 1.537179 1.462534 -2.751005
v 1.527506 1.462534 -2.759623
v 1.515551 1.454466 -2.746205
v 1.648418 1.574105 -2.882045
v 1.630736 1.538939 -2.861140
v 1.623609 1.538939 -2.867490
v 1.641817 1.574105 -2.887926
v 1.657837 1.608574 -2.905907
v 1.663758 1.608574 -2.900632
v 1.609696 1.502880 -2.837190
v 1.587388 1.468213 -2.811942
v 1.579991 1.468214 -2.818532
v 1.602403 1.502880 -2.843688
v 1.565901 1.437225 -2.787144
v 1.549769 1.413643 -2.768272
v 1.541654 1.413643 -2.775502
v 1.558166 1.437224 -2.794036
v 1.543527 1.401199 -2.760798
v 1.550088 1.403950 -2.752067
v 1.535180 1.401199 -2.768236
v 1.553076 1.412204 -2.740749
v 1.505817 1.412204 -2.782853
v 1.517404 1.403950 -2.781187
v 1.553799 1.478610 -2.770892
v 1.573390 1.501272 -2.793646
v 1.564709 1.501272 -2.801380
v 1.544738 1.478610 -2.778965
v 1.593401 1.529099 -2.816426
v 1.612905 1.560226 -2.838786
v 1.604615 1.560226 -2.846171
v 1.584879 1.529099 -2.824019
v 1.630970 1.592790 -2.860276
v 1.647756 1.625710 -2.880667
v 1.640839 1.625710 -2.886829
v 1.623283 1.592790 -2.867124
v 1.663422 1.657907 -2.899725
v 1.677581 1.687577 -2.917222
v 1.672194 1.687577 -2.922021
v 1.657238 1.657907 -2.905235
v 1.689842 1.712914 -2.932928
v 1.699072 1.729594 -2.944556
v 1.695280 1.729594 -2.947934
v 1.685421 1.712913 -2.936867
v 1.704134 1.733296 -2.949817
v 1.706693 1.730755 -2.952192
v 1.702445 1.730755 -2.955976
v 1.700133 1.733296 -2.953381
v 1.703678 1.703807 -2.937756
v 1.703116 1.702142 -2.942355
v 1.707179 1.716503 -2.949454
v 1.709098 1.722485 -2.949145
v 1.684204 1.703807 -2.955106
v 1.688838 1.702142 -2.955076
v 1.694894 1.722485 -2.961800
v 1.695422 1.716503 -2.959929
v 1.677771 1.642542 -2.917627
v 1.672479 1.642543 -2.922342
v 1.685500 1.674163 -2.936956
v 1.690108 1.674163 -2.932851
v 1.700419 1.701587 -2.946124
v 1.696655 1.701587 -2.949477
v 1.703773 1.721032 -2.957467
v 1.707068 1.721032 -2.954531
v 1.708415 1.728711 -2.955159
v 1.704681 1.728711 -2.958486
v 1.261937 1.218883 -2.360859
v 1.255231 1.215260 -2.370169
v 1.260606 1.206493 -2.360960
v 1.254266 1.203853 -2.369668
v 1.161918 1.218883 -2.449971
v 1.171937 1.215260 -2.444379
v 1.171550 1.203853 -2.443362
v 1.162172 1.206493 -2.448659
v 1.259692 1.182190 -2.330636
v 1.255782 1.180705 -2.314312
v 1.259758 1.183813 -2.346951
v 1.132153 1.182190 -2.444265
v 1.116387 1.180705 -2.438505
v 1.148352 1.183813 -2.446207
v 1.246518 1.180149 -2.301850
v 1.105073 1.180149 -2.427869
v 1.257492 1.184783 -2.359384
v 1.250765 1.182583 -2.366833
v 1.160964 1.184783 -2.445385
v 1.169136 1.182583 -2.439559
v 1.237450 1.174697 -2.368193
v 1.239063 1.193143 -2.370469
v 1.172018 1.174696 -2.426489
v 1.174094 1.193143 -2.428353
v 1.238721 1.204377 -2.371185
v 1.237313 1.213299 -2.371178
v 1.174845 1.204377 -2.428095
v 1.175000 1.213299 -2.426696
v 1.235729 1.224810 -2.371287
v 1.237828 1.234688 -2.374508
v 1.175290 1.224810 -2.425134
v 1.178249 1.234688 -2.427590
v 1.247470 1.238711 -2.383839
v 1.237653 1.229801 -2.387469
v 1.186408 1.238711 -2.438241
v 1.191144 1.229801 -2.428906
v 1.402789 1.227014 -2.584158
v 1.381918 1.227353 -2.558646
v 1.363259 1.227353 -2.575270
v 1.385166 1.227014 -2.599859
v 1.408725 1.227258 -2.626302
v 1.424113 1.227258 -2.612593
v 1.361572 1.229142 -2.534844
v 1.341188 1.231925 -2.511538
v 1.321837 1.231925 -2.528778
v 1.342434 1.229142 -2.551896
v 1.320202 1.235244 -2.487512
v 1.299085 1.238194 -2.464256
v 1.279722 1.238194 -2.481507
v 1.300617 1.235244 -2.504961
v 1.278310 1.239868 -2.443259
v 1.254656 1.237210 -2.422835
v 1.239488 1.237210 -2.436349
v 1.260100 1.239868 -2.459483
v 1.224900 1.227165 -2.401300
v 1.229387 1.226243 -2.393312
v 1.215624 1.227165 -2.409564
v 1.100790 0.983589 -2.373690
v 1.092633 0.985428 -2.366386
v 1.097580 0.983835 -2.378755
v 1.200176 0.984922 -2.286759
v 1.202823 0.985469 -2.288996
v 1.095410 0.984922 -2.380100
v 1.097328 0.985469 -2.382986
v 1.492281 0.990754 -2.605574
v 1.491294 0.992853 -2.599161
v 1.378528 0.990754 -2.706921
v 1.372272 0.992853 -2.705203
v 1.492613 0.994031 -2.597237
v 1.494110 0.994355 -2.596559
v 1.370209 0.994031 -2.706292
v 1.369363 0.994355 -2.707701
v 1.493659 0.993894 -2.593883
v 1.493482 0.993108 -2.589091
v 1.366756 0.993894 -2.706945
v 1.362017 0.993108 -2.706218
v 1.495800 0.992460 -2.582066
v 1.498890 0.992101 -2.576029
v 1.354771 0.992460 -2.707714
v 1.348419 0.992101 -2.710090
v 1.501026 0.992184 -2.574201
v 1.346358 0.992184 -2.712001
v 1.074580 1.369817 -2.191051
v 1.064851 1.367087 -2.198840
v 1.014776 1.369817 -2.244333
v 1.023631 1.367087 -2.235564
v 1.054603 1.366177 -2.207677
v 1.044096 1.366177 -2.217039
v 1.050101 1.363796 -2.223779
v 1.060516 1.363796 -2.214499
v 1.066912 1.359733 -2.222122
v 1.056717 1.359733 -2.231205
v 1.064350 1.352983 -2.239773
v 1.074353 1.352983 -2.230861
v 1.083399 1.342538 -2.241033
v 1.073406 1.342538 -2.249936
v 1.203302 1.008736 -2.280513
v 1.203519 1.009295 -2.281570
v 1.088846 1.008736 -2.382487
v 1.089871 1.009295 -2.382824
v 1.201086 1.008248 -2.279858
v 1.088450 1.008248 -2.380210
v 1.184112 0.993035 -2.278140
v 1.177673 0.991852 -2.280521
v 1.088694 0.993035 -2.363151
v 1.091800 0.991852 -2.357029
v 1.176108 0.989767 -2.283050
v 1.094492 0.989767 -2.355764
v 1.202989 0.985174 -2.286948
v 1.095274 0.985174 -2.382915
v 1.445818 1.227219 -2.645165
v 1.434508 1.227219 -2.655241
v 1.462235 1.232610 -2.686362
v 1.470245 1.232610 -2.679227
v 1.499736 1.249141 -2.712131
v 1.491629 1.249141 -2.719354
v 1.530180 0.984946 -2.578248
v 1.347026 0.984946 -2.741427
v 1.160659 1.229269 -2.306473
v 1.119536 1.229269 -2.343111
v 1.224298 1.223480 -2.385875
v 1.191096 1.223480 -2.415457
v 1.197898 1.226243 -2.421367
v 1.007541 1.398302 -2.170257
v 1.009836 1.397799 -2.168293
v 1.004684 1.398302 -2.172802
v 1.006864 1.404417 -2.175250
v 1.010772 1.404416 -2.171768
v 1.014446 1.403471 -2.168070
v 1.011009 1.396290 -2.167491
v 1.013638 1.398163 -2.166838
v 0.998681 1.396290 -2.178475
v 0.997730 1.398163 -2.181012
v 0.998860 1.403471 -2.181956
v 0.999612 1.397799 -2.177402
v 1.016594 1.399533 -2.166080
v 1.018587 1.403320 -2.166685
v 1.022722 1.401340 -2.165659
v 1.017350 1.397280 -2.165967
v 0.996637 1.399533 -2.183861
v 0.997009 1.403320 -2.185910
v 0.996438 1.397280 -2.184598
v 0.995514 1.401340 -2.189900
v 1.030664 1.418092 -2.193863
v 1.035237 1.417392 -2.190772
v 1.025193 1.414215 -2.177768
v 1.020861 1.415040 -2.182789
v 1.016803 1.415040 -2.186405
v 1.026641 1.418092 -2.197448
v 1.037354 1.417925 -2.209471
v 1.041560 1.417925 -2.205723
v 1.045493 1.417019 -2.201161
v 1.040907 1.415293 -2.188665
v 1.038403 1.412965 -2.182029
v 1.048878 1.414300 -2.194971
v 1.051804 1.408917 -2.186257
v 1.016277 1.415293 -2.210609
v 1.019022 1.417392 -2.205219
v 1.007258 1.414215 -2.193746
v 1.009973 1.412965 -2.207359
v 1.012632 1.408917 -2.221157
v 1.021625 1.414300 -2.219253
v 1.028163 1.417019 -2.216601
v 1.036307 1.410959 -2.176795
v 1.040883 1.407869 -2.176423
v 1.032966 1.405867 -2.169976
v 1.029505 1.410614 -2.172886
v 1.005014 1.410959 -2.204675
v 1.004119 1.407869 -2.209177
v 1.001913 1.410614 -2.197468
v 0.998625 1.405867 -2.200572
v 1.050976 1.413068 -2.215185
v 1.054345 1.412787 -2.209880
v 1.046220 1.413068 -2.219423
v 1.051731 1.404743 -2.225608
v 1.057052 1.404743 -2.220868
v 1.061979 1.405214 -2.214236
v 1.054938 1.411943 -2.202444
v 1.058784 1.408351 -2.201681
v 1.028351 1.411943 -2.226130
v 1.027151 1.408351 -2.229863
v 1.039255 1.405214 -2.234481
v 1.035807 1.412787 -2.226397
v 1.061707 1.405900 -2.200287
v 1.064501 1.402683 -2.206409
v 1.064818 1.400475 -2.197188
v 1.060104 1.405408 -2.192874
v 1.025431 1.405900 -2.232607
v 1.031190 1.402683 -2.236087
v 1.018251 1.405408 -2.230163
v 1.021994 1.400475 -2.235341
v 1.057924 1.394171 -2.221392
v 1.062348 1.394835 -2.216054
v 1.052378 1.394171 -2.226334
v 1.047259 1.384834 -2.220590
v 1.052742 1.384834 -2.215705
v 1.059377 1.385599 -2.210874
v 1.064524 1.396828 -2.209923
v 1.064379 1.393154 -2.206140
v 1.034679 1.396827 -2.236514
v 1.030938 1.393154 -2.235934
v 1.036215 1.385599 -2.231510
v 1.041019 1.394835 -2.235056
v 1.064561 1.391172 -2.203423
v 1.060980 1.386415 -2.203816
v 1.060772 1.388074 -2.195974
v 1.065006 1.393980 -2.198356
v 1.028218 1.391172 -2.235802
v 1.029020 1.386415 -2.232291
v 1.023133 1.393980 -2.235663
v 1.021253 1.388074 -2.231183
v 1.040655 1.380213 -2.202750
v 1.046157 1.380937 -2.199367
v 1.035476 1.380213 -2.207364
v 1.022615 1.377641 -2.192928
v 1.027273 1.377641 -2.188778
v 1.031616 1.378180 -2.183387
v 1.052306 1.383109 -2.198442
v 1.047519 1.382971 -2.191092
v 1.024679 1.383109 -2.223057
v 1.017927 1.382971 -2.217457
v 1.012102 1.378181 -2.200772
v 1.026304 1.380937 -2.217054
v 1.042650 1.381926 -2.184942
v 1.033419 1.378917 -2.179050
v 1.047086 1.383423 -2.185076
v 1.012379 1.381926 -2.211913
v 1.007586 1.378917 -2.202065
v 1.012002 1.383423 -2.216334
v 1.018209 1.374452 -2.180037
v 1.021181 1.374391 -2.176912
v 1.014262 1.374452 -2.183553
v 1.028330 1.376865 -2.175483
v 1.025673 1.375685 -2.175665
v 1.004629 1.376865 -2.196600
v 1.005115 1.375685 -2.193982
v 1.022202 1.374207 -2.174572
v 1.004428 1.374207 -2.190408
v 1.006870 1.374391 -2.189663
v 1.046389 1.392513 -2.177642
v 1.050160 1.391912 -2.179567
v 1.047514 1.396790 -2.179343
v 1.054934 1.398543 -2.184077
v 1.004697 1.392513 -2.214787
v 1.006176 1.391912 -2.218755
v 1.010107 1.398543 -2.224016
v 1.006257 1.396790 -2.216101
v 1.053278 1.391304 -2.181735
v 1.057233 1.394649 -2.185411
v 1.058591 1.391595 -2.187310
v 1.053294 1.388253 -2.182290
v 1.007971 1.391304 -2.222102
v 1.011168 1.394649 -2.226453
v 1.008520 1.388253 -2.222181
v 1.012898 1.391595 -2.228020
v 1.060571 1.397358 -2.189195
v 1.062411 1.395821 -2.191614
v 1.060540 1.400813 -2.189842
v 1.014542 1.397358 -2.230204
v 1.016734 1.395821 -2.232309
v 1.015189 1.400813 -2.230247
v 1.063581 1.393707 -2.194079
v 1.060996 1.390085 -2.191517
v 1.019048 1.393707 -2.233755
v 1.016800 1.390085 -2.230892
v 1.056288 1.387652 -2.186620
v 1.053476 1.386117 -2.185657
v 1.012477 1.387652 -2.225653
v 1.011843 1.386117 -2.222749
v 1.047611 1.383936 -2.182463
v 1.009345 1.383936 -2.216556
v 1.021693 1.395753 -2.166989
v 1.020108 1.396421 -2.166259
v 1.023714 1.396675 -2.167236
v 0.996954 1.395753 -2.189030
v 0.996966 1.396675 -2.191067
v 0.996411 1.396421 -2.187371
v 1.017742 1.395549 -2.166275
v 0.996698 1.395549 -2.185024
v 1.058733 1.403897 -2.188903
v 1.054389 1.403633 -2.185009
v 1.014464 1.403896 -2.228345
v 1.011095 1.403633 -2.223581
v 1.049254 1.401085 -2.181292
v 1.045536 1.402010 -2.179125
v 1.007993 1.401085 -2.218053
v 1.006268 1.402010 -2.214111
v 1.026249 1.396299 -2.168297
v 1.027494 1.398353 -2.167950
v 0.997729 1.396299 -2.193707
v 0.997241 1.398353 -2.194903
v 1.029063 1.401095 -2.167807
v 1.027638 1.404612 -2.167449
v 1.031900 1.400255 -2.169442
v 0.996919 1.401095 -2.196445
v 0.996727 1.404612 -2.194989
v 0.998216 1.400255 -2.199452
v 1.020201 1.407416 -2.169470
v 1.023055 1.408354 -2.170238
v 1.018174 1.409533 -2.172276
v 0.999590 1.407416 -2.187834
v 1.000025 1.408354 -2.190757
v 1.002610 1.409533 -2.186142
v 1.041354 1.403555 -2.175733
v 1.036563 1.400734 -2.172124
v 1.003380 1.403555 -2.209566
v 1.000345 1.400734 -2.204392
v 1.026136 1.408317 -2.169802
v 0.999237 1.408317 -2.193767
v 1.034182 1.398407 -2.170999
v 0.999501 1.398407 -2.201898
v 1.014722 1.410239 -2.175685
v 1.010557 1.410239 -2.179395
v 1.596298 1.057946 -2.664801
v 1.425404 1.057946 -2.817057
v 1.105921 1.512775 -2.169751
v 0.990014 1.512775 -2.273017
v 1.069363 1.503345 -2.191348
v 1.015671 1.503345 -2.239185
v 1.018310 1.499698 -2.200144
v 1.027010 1.507525 -2.210924
v 1.009670 1.489554 -2.188872
v 1.001669 1.479195 -2.178904
v 0.996232 1.468841 -2.171989
v 0.985566 1.410852 -2.154366
v 0.986796 1.415417 -2.156028
v 0.985009 1.406584 -2.153378
v 0.988445 1.419627 -2.158054
v 0.990380 1.423875 -2.160507
v 0.992467 1.428550 -2.163451
v 0.994334 1.434124 -2.166284
v 0.995607 1.441067 -2.168405
v 0.996015 1.449293 -2.169657
v 0.995285 1.458712 -2.169879
v 0.988390 1.394553 -2.157321
v 0.987089 1.396689 -2.156134
v 0.989480 1.391986 -2.158675
v 0.986477 1.398607 -2.154986
v 0.986069 1.400675 -2.154019
v 0.985378 1.403263 -2.153372
v 0.997181 1.377656 -2.166922
v 0.995953 1.379117 -2.165440
v 0.998150 1.377571 -2.167798
v 0.999687 1.382308 -2.169363
v 0.999135 1.381828 -2.168686
v 1.000361 1.382058 -2.170286
v 0.998712 1.379605 -2.168275
v 1.001150 1.382090 -2.171438
v 1.001767 1.383442 -2.172358
v 1.001924 1.387152 -2.172582
v 1.001863 1.392384 -2.173212
v 1.004032 1.374839 -2.178227
v 1.006099 1.372800 -2.181077
v 1.002841 1.377614 -2.176795
v 1.001250 1.378168 -2.175059
v 0.999741 1.377994 -2.173468
v 0.998797 1.378581 -2.172472
v 0.998206 1.379143 -2.171888
v 1.009084 1.367304 -2.190044
v 1.006212 1.366666 -2.184244
v 1.012768 1.368077 -2.196294
v 0.997757 1.378893 -2.171531
v 0.997516 1.377738 -2.171386
v 1.004728 1.366965 -2.179564
v 1.003357 1.368190 -2.175993
v 1.000825 1.370330 -2.173518
v 0.998448 1.372943 -2.172034
v 0.997546 1.375583 -2.171439
v 1.139295 1.227271 -2.333637
v 1.128403 1.237966 -2.326759
v 1.153030 1.217810 -2.344057
v 1.169836 1.214164 -2.361598
v 1.188134 1.217045 -2.386205
v 1.481498 1.453809 -2.733064
v 1.494000 1.452269 -2.745158
v 1.469000 1.457006 -2.720014
v 1.110928 1.462733 -2.309285
v 1.126116 1.455298 -2.324823
v 1.096958 1.472666 -2.294657
v 1.140409 1.451269 -2.339741
v 1.154462 1.450328 -2.355589
v 1.168932 1.452158 -2.373915
v 1.183917 1.452852 -2.393417
v 1.199517 1.448502 -2.412794
v 1.214960 1.443032 -2.431438
v 1.229475 1.440367 -2.448744
v 1.243587 1.440044 -2.465198
v 1.257820 1.441600 -2.481284
v 1.272632 1.444416 -2.497625
v 1.288479 1.447870 -2.514841
v 1.304934 1.451667 -2.532601
v 1.321569 1.455512 -2.550571
v 1.338645 1.459139 -2.569242
v 1.356425 1.462286 -2.589099
v 1.375164 1.464572 -2.610413
v 1.395116 1.465616 -2.633451
v 1.414539 1.465471 -2.655871
v 1.431690 1.464189 -2.675328
v 1.446270 1.462161 -2.692163
v 1.457982 1.459778 -2.706719
v 1.525964 1.345177 -2.771534
v 1.523884 1.326609 -2.769225
v 1.526199 1.360647 -2.772996
v 1.518695 1.300749 -2.765914
v 1.506530 1.273095 -2.754174
v 1.525854 1.377212 -2.773762
v 1.525781 1.391765 -2.774450
v 1.016690 1.368183 -2.202320
v 1.020612 1.367982 -2.208230
v 1.024296 1.367836 -2.214131
v 1.028401 1.367362 -2.220147
v 0.994617 1.381209 -2.163144
v 0.993032 1.383218 -2.161325
v 0.991057 1.384431 -2.161275
v 0.989573 1.385924 -2.161453
v 0.989461 1.388776 -2.160319
v 1.078989 1.312477 -2.277281
v 1.072148 1.328877 -2.268968
v 1.086943 1.293685 -2.286363
v 1.099020 1.272848 -2.298800
v 1.111366 1.255034 -2.311119
v 1.120127 1.245313 -2.319846
v 1.086318 1.484192 -2.282470
v 1.077839 1.495418 -2.271750
v 1.070352 1.504454 -2.261521
v 1.062579 1.510377 -2.250936
v 1.053241 1.512265 -2.239146
v 1.043668 1.511868 -2.228015
v 1.035194 1.510935 -2.219411
v 1.505026 1.454466 -2.755582
v 1.517833 1.462534 -2.768241
v 1.635216 1.574105 -2.893807
v 1.616482 1.538939 -2.873839
v 1.651916 1.608574 -2.911183
v 1.595110 1.502880 -2.850185
v 1.572594 1.468213 -2.825123
v 1.550431 1.437225 -2.800927
v 1.533538 1.413643 -2.782732
v 1.526832 1.401199 -2.775673
v 1.535677 1.478610 -2.787037
v 1.556028 1.501272 -2.809114
v 1.576357 1.529099 -2.831611
v 1.596326 1.560226 -2.853556
v 1.615597 1.592790 -2.873972
v 1.633923 1.625710 -2.892992
v 1.651053 1.657907 -2.910745
v 1.666807 1.687577 -2.926821
v 1.680999 1.712914 -2.940807
v 1.691488 1.729594 -2.951312
v 1.696133 1.733296 -2.956945
v 1.698198 1.730755 -2.959761
v 1.667187 1.642542 -2.927057
v 1.680892 1.674163 -2.941062
v 1.692892 1.701587 -2.952831
v 1.700479 1.721032 -2.960402
v 1.700947 1.728711 -2.961812
v 1.367543 1.227014 -2.615560
v 1.344600 1.227353 -2.591894
v 1.393338 1.227258 -2.640012
v 1.323295 1.229142 -2.568947
v 1.302486 1.231925 -2.546019
v 1.281033 1.235244 -2.522409
v 1.260359 1.238194 -2.498759
v 1.241889 1.239868 -2.475708
v 1.224320 1.237210 -2.449862
v 1.206349 1.227165 -2.417828
v 1.033588 1.366177 -2.226400
v 1.039686 1.363796 -2.233058
v 1.046522 1.359733 -2.240288
v 1.054348 1.352983 -2.248684
v 1.063412 1.342538 -2.258840
v 1.423198 1.227219 -2.665317
v 1.454226 1.232610 -2.693498
v 1.483522 1.249141 -2.726577
v 1.001827 1.398302 -2.175348
v 1.002956 1.404416 -2.178732
v 1.022618 1.418092 -2.201032
v 1.012745 1.415040 -2.190021
v 1.033147 1.417925 -2.213219
v 1.041463 1.413068 -2.223660
v 1.046410 1.404743 -2.230349
v 1.046831 1.394171 -2.231276
v 1.041777 1.384834 -2.225475
v 1.030298 1.380213 -2.211978
v 1.017957 1.377641 -2.197078
v 1.010315 1.374452 -2.187070
v 1.006393 1.410239 -2.183105
vt 0.845510 0.680459
vt 0.840876 0.677786
vt 0.848544 0.674913
vt 0.853992 0.676203
vt 0.834762 0.684539
vt 0.830702 0.680579
vt 0.978608 0.541471
vt 0.987076 0.545764
vt 0.981620 0.547029
vt 0.973960 0.544123
vt 0.963791 0.541292
vt 0.967871 0.537349
vt 0.057181 0.632846
vt 0.054087 0.650056
vt 0.035224 0.645507
vt 0.038549 0.630293
vt 0.039628 0.613743
vt 0.058352 0.614916
vt 0.078125 0.615950
vt 0.076856 0.634527
vt 0.074387 0.652999
vt 0.664294 0.675925
vt 0.666788 0.688892
vt 0.641231 0.689027
vt 0.640036 0.676790
vt 0.639315 0.665185
vt 0.662821 0.663432
vt 0.684654 0.658862
vt 0.687852 0.671869
vt 0.691633 0.685119
vt 0.670289 0.704049
vt 0.642877 0.702977
vt 0.697006 0.700568
vt 0.703968 0.717830
vt 0.676203 0.721337
vt 0.647435 0.719277
vt 0.803381 0.517641
vt 0.830092 0.521119
vt 0.824717 0.536571
vt 0.799879 0.532801
vt 0.774331 0.532678
vt 0.775973 0.518725
vt 0.780530 0.502422
vt 0.809297 0.500351
vt 0.837065 0.503859
vt 0.617493 0.675560
vt 0.618345 0.686785
vt 0.595427 0.685036
vt 0.594701 0.674342
vt 0.594458 0.664131
vt 0.616932 0.665074
vt 0.633559 0.734139
vt 0.623696 0.713322
vt 0.657394 0.739267
vt 0.667629 0.760534
vt 0.643979 0.758520
vt 0.619295 0.757699
vt 0.609986 0.731005
vt 0.601186 0.709661
vt 0.766656 0.487563
vt 0.777080 0.463176
vt 0.800736 0.461157
vt 0.790492 0.482426
vt 0.756795 0.508387
vt 0.734289 0.512062
vt 0.743084 0.490710
vt 0.752391 0.464008
vt 0.619561 0.698950
vt 0.596980 0.696591
vt 0.752664 0.522763
vt 0.751453 0.534929
vt 0.728542 0.536693
vt 0.730087 0.525136
vt 0.569517 0.674636
vt 0.570486 0.686319
vt 0.544276 0.689162
vt 0.542855 0.675761
vt 0.542920 0.662028
vt 0.569414 0.662891
vt 0.515480 0.677546
vt 0.517297 0.692435
vt 0.490625 0.695385
vt 0.488731 0.679249
vt 0.488832 0.662842
vt 0.515516 0.662238
vt 0.573308 0.698465
vt 0.577827 0.712517
vt 0.553726 0.718239
vt 0.548730 0.702549
vt 0.706418 0.523279
vt 0.710930 0.509222
vt 0.703604 0.535428
vt 0.677396 0.532604
vt 0.681842 0.519212
vt 0.686830 0.503517
vt 0.651221 0.781364
vt 0.673687 0.779454
vt 0.677672 0.795731
vt 0.656764 0.801673
vt 0.630682 0.811357
vt 0.626744 0.783403
vt 0.784334 0.440330
vt 0.789891 0.420019
vt 0.810803 0.425962
vt 0.806808 0.442237
vt 0.759844 0.438299
vt 0.763803 0.410342
vt 0.583966 0.734496
vt 0.590175 0.760827
vt 0.560356 0.765431
vt 0.557256 0.740314
vt 0.717061 0.487237
vt 0.723265 0.460900
vt 0.690349 0.481439
vt 0.693439 0.456318
vt 0.522965 0.707448
vt 0.528771 0.724465
vt 0.503392 0.730433
vt 0.496851 0.712129
vt 0.656077 0.514333
vt 0.661875 0.497310
vt 0.650418 0.529352
vt 0.623747 0.526423
vt 0.629963 0.509672
vt 0.636495 0.491361
vt 0.464317 0.679929
vt 0.465832 0.696983
vt 0.442003 0.696960
vt 0.441128 0.679297
vt 0.442084 0.661837
vt 0.464754 0.662823
vt 0.418118 0.677289
vt 0.418319 0.695189
vt 0.394063 0.692002
vt 0.394413 0.674180
vt 0.396644 0.656956
vt 0.419807 0.659821
vt 0.702797 0.803990
vt 0.705250 0.819234
vt 0.686362 0.826915
vt 0.682090 0.810956
vt 0.700506 0.789987
vt 0.722690 0.785998
vt 0.722932 0.799582
vt 0.723529 0.814382
vt 0.835934 0.417712
vt 0.833636 0.431711
vt 0.815227 0.410739
vt 0.819509 0.394784
vt 0.838394 0.402471
vt 0.856673 0.407332
vt 0.856070 0.422128
vt 0.855822 0.435708
vt 0.662343 0.819454
vt 0.666837 0.836532
vt 0.645378 0.848870
vt 0.641304 0.831228
vt 0.795481 0.402242
vt 0.799988 0.385164
vt 0.774448 0.390468
vt 0.778538 0.372823
vt 0.596225 0.786206
vt 0.597015 0.811179
vt 0.566086 0.813265
vt 0.564371 0.789198
vt 0.729310 0.435516
vt 0.730100 0.410545
vt 0.697446 0.432549
vt 0.699146 0.408483
vt 0.531371 0.745991
vt 0.533200 0.769986
vt 0.508303 0.774650
vt 0.506331 0.751633
vt 0.664465 0.475781
vt 0.666281 0.451783
vt 0.639425 0.470158
vt 0.641383 0.447137
vt 0.471690 0.715241
vt 0.478333 0.735040
vt 0.453052 0.737772
vt 0.446921 0.716523
vt 0.604803 0.506579
vt 0.611436 0.486772
vt 0.598953 0.524843
vt 0.575125 0.524884
vt 0.580034 0.505316
vt 0.586155 0.484060
vt 0.421988 0.715689
vt 0.427074 0.738065
vt 0.400613 0.736184
vt 0.396571 0.713046
vt 0.555103 0.506168
vt 0.560178 0.483787
vt 0.551442 0.526671
vt 0.527188 0.529874
vt 0.529688 0.508828
vt 0.533718 0.485686
vt 0.536406 0.793414
vt 0.538582 0.817155
vt 0.514750 0.821244
vt 0.511897 0.797862
vt 0.669474 0.428352
vt 0.671627 0.404608
vt 0.644960 0.423920
vt 0.647788 0.400532
vt 0.482297 0.756558
vt 0.485511 0.778983
vt 0.462374 0.782171
vt 0.457877 0.759905
vt 0.615390 0.465249
vt 0.618589 0.442820
vt 0.590967 0.461922
vt 0.595450 0.439651
vt 0.431909 0.760849
vt 0.436853 0.783371
vt 0.410269 0.782477
vt 0.405228 0.759516
vt 0.564999 0.460998
vt 0.569928 0.438471
vt 0.538319 0.462350
vt 0.543345 0.439385
vt 0.378714 0.755913
vt 0.373988 0.732413
vt 0.383941 0.779266
vt 0.357032 0.775580
vt 0.351842 0.751788
vt 0.347126 0.728012
vt 0.511809 0.465970
vt 0.517020 0.442613
vt 0.507096 0.489473
vt 0.480237 0.493890
vt 0.484940 0.470111
vt 0.490115 0.446317
vt 0.489871 0.801400
vt 0.493860 0.824081
vt 0.472786 0.825587
vt 0.467491 0.803868
vt 0.622930 0.420398
vt 0.626894 0.397712
vt 0.600548 0.417947
vt 0.605822 0.396220
vt 0.442285 0.804852
vt 0.448060 0.826375
vt 0.421395 0.826221
vt 0.415671 0.804271
vt 0.575342 0.416984
vt 0.581097 0.395454
vt 0.548729 0.417587
vt 0.554433 0.395630
vt 0.370444 0.708974
vt 0.368616 0.687772
vt 0.343916 0.704282
vt 0.342520 0.683039
vt 0.503562 0.512916
vt 0.501741 0.534119
vt 0.475646 0.538867
vt 0.477036 0.517623
vt 0.317273 0.699741
vt 0.316262 0.678240
vt 0.319951 0.724232
vt 0.291623 0.720819
vt 0.289693 0.695442
vt 0.289179 0.673549
vt 0.450394 0.522177
vt 0.453064 0.497684
vt 0.449388 0.543680
vt 0.422305 0.548382
vt 0.422815 0.526488
vt 0.424737 0.501111
vt 0.324117 0.748875
vt 0.328777 0.773212
vt 0.298879 0.771293
vt 0.294928 0.746399
vt 0.457217 0.473040
vt 0.461861 0.448700
vt 0.428029 0.475530
vt 0.431966 0.450636
vt 0.260364 0.691409
vt 0.260604 0.669124
vt 0.261315 0.717471
vt 0.229927 0.713804
vt 0.229320 0.687527
vt 0.230223 0.665021
vt 0.393487 0.530533
vt 0.394430 0.504472
vt 0.393730 0.552817
vt 0.363349 0.556929
vt 0.362443 0.534425
vt 0.363043 0.508150
vt 0.196553 0.683813
vt 0.197710 0.661381
vt 0.198193 0.709572
vt 0.168042 0.706350
vt 0.165031 0.680857
vt 0.166161 0.658300
vt 0.329676 0.538146
vt 0.331310 0.512391
vt 0.330834 0.560576
vt 0.299285 0.563658
vt 0.298154 0.541104
vt 0.301159 0.515616
vt 0.369390 0.670238
vt 0.343522 0.665905
vt 0.345999 0.649713
vt 0.371809 0.653496
vt 0.317387 0.661473
vt 0.290430 0.657031
vt 0.292826 0.641698
vt 0.319851 0.645795
vt 0.262069 0.652672
vt 0.231916 0.648392
vt 0.233990 0.632909
vt 0.264289 0.637405
vt 0.199471 0.644314
vt 0.167809 0.640690
vt 0.169729 0.624301
vt 0.201482 0.628368
vt 0.139994 0.637722
vt 0.138640 0.655809
vt 0.114692 0.654225
vt 0.115985 0.635727
vt 0.117599 0.618798
vt 0.141776 0.621158
vt 0.095705 0.635086
vt 0.093912 0.653849
vt 0.097172 0.617130
vt 0.091100 0.676275
vt 0.113617 0.677652
vt 0.116613 0.704435
vt 0.089729 0.701901
vt 0.062579 0.697040
vt 0.069145 0.673599
vt 0.224226 0.545673
vt 0.222857 0.520047
vt 0.249738 0.517519
vt 0.246743 0.544300
vt 0.247815 0.567727
vt 0.227035 0.568099
vt 0.207510 0.568945
vt 0.202271 0.548345
vt 0.195709 0.524902
vt 0.046563 0.668581
vt 0.036457 0.689983
vt 0.010000 0.680459
vt 0.026490 0.661684
vt 0.179688 0.553357
vt 0.159614 0.560250
vt 0.143127 0.541471
vt 0.169586 0.531953
vt 0.187208 0.571884
vt 0.168344 0.576428
vt 0.217567 0.911862
vt 0.213870 0.937502
vt 0.175550 0.942196
vt 0.192720 0.914680
vt 0.196424 0.883258
vt 0.221988 0.882231
vt 0.248361 0.882401
vt 0.248179 0.911493
vt 0.247950 0.935929
vt 0.350527 0.310142
vt 0.354978 0.339764
vt 0.329411 0.338764
vt 0.325676 0.307351
vt 0.308478 0.279855
vt 0.346803 0.284509
vt 0.380885 0.286051
vt 0.381140 0.310485
vt 0.381352 0.339574
vt 0.279895 0.911128
vt 0.280938 0.935322
vt 0.278328 0.882375
vt 0.310818 0.881711
vt 0.312835 0.910232
vt 0.314107 0.934876
vt 0.412857 0.310827
vt 0.411320 0.339578
vt 0.413875 0.286633
vt 0.447042 0.287056
vt 0.445796 0.311699
vt 0.443809 0.340219
vt 0.224438 0.849620
vt 0.204308 0.847369
vt 0.205197 0.815052
vt 0.223776 0.816780
vt 0.245692 0.818328
vt 0.247676 0.850215
vt 0.357461 0.372365
vt 0.356826 0.405199
vt 0.338247 0.406937
vt 0.337331 0.374634
vt 0.380699 0.371754
vt 0.378743 0.403639
vt 0.276640 0.850608
vt 0.274350 0.819523
vt 0.306035 0.820782
vt 0.308628 0.850884
vt 0.409662 0.371343
vt 0.407400 0.402425
vt 0.441649 0.371045
vt 0.439084 0.401147
vt 0.219352 0.788057
vt 0.200473 0.785609
vt 0.191221 0.758427
vt 0.212498 0.761689
vt 0.236968 0.765959
vt 0.241720 0.791025
vt 0.352426 0.433917
vt 0.345588 0.460282
vt 0.324311 0.463551
vt 0.333547 0.436374
vt 0.374792 0.430938
vt 0.370057 0.456001
vt 0.346932 0.908743
vt 0.348489 0.934134
vt 0.344309 0.880255
vt 0.376728 0.878442
vt 0.380228 0.907492
vt 0.382410 0.934201
vt 0.479894 0.313164
vt 0.477300 0.341652
vt 0.481425 0.287772
vt 0.515343 0.287677
vt 0.513189 0.314388
vt 0.509718 0.343442
vt 0.410739 0.907413
vt 0.414025 0.936495
vt 0.406068 0.876652
vt 0.433346 0.874687
vt 0.438307 0.905841
vt 0.451795 0.944601
vt 0.543697 0.314442
vt 0.539058 0.345208
vt 0.546953 0.285354
vt 0.584712 0.277209
vt 0.571264 0.315988
vt 0.566336 0.347151
vt 0.340798 0.851043
vt 0.336879 0.822597
vt 0.366474 0.824390
vt 0.371808 0.850874
vt 0.473817 0.370865
vt 0.469925 0.399313
vt 0.504826 0.371013
vt 0.499517 0.397501
vt 0.270887 0.793205
vt 0.267009 0.769034
vt 0.302712 0.795025
vt 0.403958 0.428742
vt 0.400097 0.452912
vt 0.435782 0.426904
vt 0.204500 0.735492
vt 0.178674 0.732035
vt 0.232752 0.740112
vt 0.337605 0.486476
vt 0.311779 0.489939
vt 0.365856 0.481846
vt 0.400369 0.850089
vt 0.394429 0.825571
vt 0.427486 0.849132
vt 0.533386 0.371777
vt 0.527470 0.396301
vt 0.560501 0.372713
vt 0.332977 0.797086
vt 0.361751 0.799422
vt 0.466044 0.424825
vt 0.494815 0.422472
vt 0.263658 0.743627
vt 0.396761 0.478317
vt 0.137804 0.678988
vt 0.141673 0.705260
vt 0.270929 0.542969
vt 0.274795 0.516699
vt 0.271764 0.566147
vt 0.389083 0.802127
vt 0.522144 0.419749
vt 0.454226 0.848434
vt 0.459615 0.872454
vt 0.478422 0.846988
vt 0.482414 0.869597
vt 0.587241 0.373387
vt 0.592605 0.349358
vt 0.615407 0.352188
vt 0.611438 0.374804
vt 0.462980 0.901038
vt 0.483728 0.894705
vt 0.487333 0.924046
vt 0.469633 0.929012
vt 0.595939 0.320767
vt 0.602562 0.292784
vt 0.620265 0.297731
vt 0.616693 0.327077
vt 0.674874 0.888824
vt 0.679185 0.904317
vt 0.657601 0.916107
vt 0.652530 0.900778
vt 0.648941 0.884419
vt 0.671694 0.872074
vt 0.692088 0.861633
vt 0.694866 0.878567
vt 0.698363 0.894131
vt 0.808063 0.332876
vt 0.804872 0.349624
vt 0.782127 0.337271
vt 0.785727 0.320912
vt 0.790808 0.305587
vt 0.812384 0.317386
vt 0.831557 0.327580
vt 0.828049 0.343141
vt 0.825259 0.360072
vt 0.713296 0.870246
vt 0.717032 0.885359
vt 0.710070 0.853627
vt 0.726541 0.848366
vt 0.730090 0.864359
vt 0.734169 0.878881
vt 0.846474 0.351471
vt 0.843236 0.368086
vt 0.850220 0.336361
vt 0.867353 0.342849
vt 0.863264 0.357367
vt 0.859705 0.373356
vt 0.744488 0.860714
vt 0.747975 0.874821
vt 0.741758 0.845554
vt 0.755619 0.844847
vt 0.757014 0.858975
vt 0.759461 0.872542
vt 0.877661 0.361022
vt 0.874920 0.376179
vt 0.881157 0.346920
vt 0.892642 0.349208
vt 0.890187 0.362773
vt 0.888783 0.376898
vt 0.685037 0.918267
vt 0.703562 0.908137
vt 0.709375 0.921470
vt 0.691623 0.931547
vt 0.670845 0.943221
vt 0.663903 0.929985
vt 0.669461 0.854332
vt 0.647179 0.866832
vt 0.689460 0.844091
vt 0.802625 0.367365
vt 0.780353 0.354858
vt 0.822619 0.377611
vt 0.707512 0.836177
vt 0.724500 0.831120
vt 0.840666 0.385533
vt 0.857653 0.390598
vt 0.740618 0.829089
vt 0.740436 0.813232
vt 0.756342 0.814247
vt 0.755673 0.829367
vt 0.873771 0.392641
vt 0.873584 0.408495
vt 0.888829 0.392376
vt 0.889491 0.407495
vt 0.740486 0.799086
vt 0.756454 0.800526
vt 0.741092 0.785702
vt 0.757236 0.787204
vt 0.873629 0.422638
vt 0.889598 0.421213
vt 0.890377 0.434533
vt 0.874229 0.436019
vt 0.698561 0.775803
vt 0.694416 0.759405
vt 0.723985 0.754351
vt 0.722737 0.772280
vt 0.831687 0.445892
vt 0.827533 0.462286
vt 0.855864 0.449424
vt 0.857107 0.467351
vt 0.685662 0.740368
vt 0.712051 0.735718
vt 0.818766 0.481321
vt 0.845161 0.485975
vt 0.742567 0.772022
vt 0.746367 0.757729
vt 0.763754 0.760669
vt 0.759547 0.773795
vt 0.875701 0.449697
vt 0.892690 0.447943
vt 0.896900 0.461070
vt 0.879500 0.463990
vt 0.774897 0.776544
vt 0.778733 0.765201
vt 0.772480 0.788331
vt 0.908052 0.445213
vt 0.911895 0.456560
vt 0.905624 0.433423
vt 0.771274 0.801230
vt 0.770502 0.815220
vt 0.904415 0.420527
vt 0.903649 0.406538
vt 0.768677 0.830199
vt 0.767384 0.845113
vt 0.901832 0.391558
vt 0.900547 0.376644
vt 0.795222 0.729695
vt 0.789225 0.743153
vt 0.777211 0.736314
vt 0.785459 0.723803
vt 0.794056 0.711719
vt 0.801594 0.716108
vt 0.928376 0.492087
vt 0.918607 0.497955
vt 0.910363 0.485435
vt 0.922382 0.478622
vt 0.934742 0.505683
vt 0.927192 0.510051
vt 0.783590 0.754351
vt 0.769765 0.748271
vt 0.916752 0.467418
vt 0.902916 0.473473
vt 0.753892 0.743391
vt 0.763960 0.729738
vt 0.739888 0.736798
vt 0.753034 0.722310
vt 0.887026 0.478330
vt 0.897093 0.491989
vt 0.886149 0.499403
vt 0.873007 0.484909
vt 0.731005 0.723889
vt 0.724714 0.707659
vt 0.741383 0.694622
vt 0.746411 0.709928
vt 0.864113 0.497807
vt 0.857808 0.514032
vt 0.879512 0.511775
vt 0.874467 0.527076
vt 0.749721 0.668990
vt 0.744161 0.658142
vt 0.758741 0.648090
vt 0.760938 0.658862
vt 0.769105 0.667407
vt 0.755228 0.681411
vt 0.735469 0.680599
vt 0.729635 0.667856
vt 0.882779 0.552720
vt 0.888299 0.540299
vt 0.902154 0.554323
vt 0.893981 0.562864
vt 0.891772 0.573637
vt 0.877212 0.563570
vt 0.862700 0.553841
vt 0.868542 0.541097
vt 0.760115 0.696476
vt 0.772996 0.684959
vt 0.778744 0.697900
vt 0.766207 0.709303
vt 0.893204 0.525238
vt 0.906071 0.536770
vt 0.899315 0.512419
vt 0.911842 0.523838
vt 0.774995 0.717160
vt 0.786004 0.705843
vt 0.908122 0.504577
vt 0.919121 0.515909
vt 0.718075 0.692061
vt 0.712193 0.677620
vt 0.851158 0.529629
vt 0.845268 0.544072
vt 0.707791 0.664827
vt 0.703389 0.652244
vt 0.720202 0.644877
vt 0.724819 0.656214
vt 0.739458 0.648079
vt 0.735045 0.638176
vt 0.748671 0.631782
vt 0.752808 0.640353
vt 0.766825 0.632090
vt 0.771169 0.637382
vt 0.762849 0.624452
vt 0.776568 0.616843
vt 0.780397 0.624113
vt 0.783800 0.629854
vt 0.791853 0.618057
vt 0.795083 0.624211
vt 0.787791 0.610430
vt 0.833236 0.667925
vt 0.833997 0.671935
vt 0.825837 0.672773
vt 0.825186 0.667735
vt 0.826206 0.662653
vt 0.834602 0.664126
vt 0.839083 0.665924
vt 0.839139 0.668702
vt 0.838852 0.671443
vt 0.966281 0.553949
vt 0.967635 0.557752
vt 0.959234 0.559196
vt 0.958229 0.554112
vt 0.958896 0.549077
vt 0.967056 0.549943
vt 0.971910 0.550454
vt 0.972187 0.553195
vt 0.972122 0.555973
vt 0.836793 0.675082
vt 0.827704 0.676845
vt 0.843050 0.673250
vt 0.969865 0.546808
vt 0.960778 0.545012
vt 0.976117 0.548666
vt 0.825046 0.689017
vt 0.816207 0.695151
vt 0.811143 0.691021
vt 0.820709 0.684703
vt 0.958164 0.532838
vt 0.953806 0.537133
vt 0.944250 0.530788
vt 0.949335 0.526677
vt 0.827618 0.646692
vt 0.837884 0.651747
vt 0.835318 0.654918
vt 0.820992 0.650394
vt 0.808293 0.646511
vt 0.816951 0.641364
vt 0.960602 0.575166
vt 0.953988 0.571440
vt 0.968318 0.566962
vt 0.970876 0.570141
vt 0.949936 0.580462
vt 0.941290 0.575290
vt 0.846741 0.656677
vt 0.848417 0.659582
vt 0.979747 0.565250
vt 0.981434 0.562354
vt 0.849473 0.661670
vt 0.855159 0.665929
vt 0.849026 0.665320
vt 0.843155 0.660440
vt 0.982496 0.560272
vt 0.976173 0.561473
vt 0.982064 0.556620
vt 0.988199 0.556042
vt 0.838050 0.661490
vt 0.843297 0.665286
vt 0.829070 0.658201
vt 0.971073 0.560401
vt 0.976334 0.556628
vt 0.962084 0.563657
vt 0.806788 0.635608
vt 0.797348 0.642281
vt 0.787081 0.637944
vt 0.799536 0.630836
vt 0.939780 0.586190
vt 0.930349 0.579497
vt 0.932537 0.590940
vt 0.920089 0.583816
vt 0.815983 0.655608
vt 0.813058 0.661842
vt 0.798128 0.662093
vt 0.801662 0.653588
vt 0.948993 0.566211
vt 0.946085 0.559968
vt 0.934674 0.568196
vt 0.931158 0.559681
vt 0.845095 0.669576
vt 0.851052 0.670406
vt 0.978149 0.552348
vt 0.984110 0.551545
vt 0.856938 0.671065
vt 0.990000 0.550915
vt 0.817201 0.680283
vt 0.806337 0.686198
vt 0.802086 0.679972
vt 0.814531 0.675147
vt 0.950280 0.541540
vt 0.939425 0.535596
vt 0.947593 0.546668
vt 0.935157 0.541810
vt 0.812817 0.668625
vt 0.798823 0.671325
vt 0.945862 0.553185
vt 0.931873 0.550450
vt 0.789055 0.652212
vt 0.784395 0.664141
vt 0.778537 0.651483
vt 0.922072 0.569549
vt 0.917433 0.557608
vt 0.911561 0.570263
vt 0.796813 0.627809
vt 0.786500 0.632714
vt 0.929816 0.593958
vt 0.928090 0.597552
vt 0.916810 0.591901
vt 0.919508 0.589044
vt 0.776420 0.638050
vt 0.772759 0.643287
vt 0.909435 0.583697
vt 0.904186 0.584361
vt 0.905778 0.578455
vt 0.770353 0.650801
vt 0.903382 0.570936
vt 0.785707 0.676796
vt 0.790442 0.688087
vt 0.918769 0.544952
vt 0.923527 0.533670
vt 0.796247 0.695345
vt 0.802431 0.700547
vt 0.929348 0.526426
vt 0.935553 0.521240
vt 0.212831 0.961374
vt 0.248050 0.959837
vt 0.248478 0.986708
vt 0.213272 0.986906
vt 0.175156 0.987826
vt 0.174714 0.965628
vt 0.281513 0.959463
vt 0.314713 0.959434
vt 0.314989 0.987286
vt 0.281881 0.986973
vt 0.349122 0.959275
vt 0.383119 0.959632
vt 0.382562 0.987601
vt 0.349094 0.987501
vt 0.414826 0.961921
vt 0.448198 0.968176
vt 0.447423 0.990000
vt 0.413981 0.988393
vt 0.767907 0.858231
vt 0.769645 0.871204
vt 0.901077 0.363527
vt 0.902824 0.350556
vt 0.772591 0.884818
vt 0.776251 0.899109
vt 0.766694 0.900679
vt 0.762830 0.886363
vt 0.751804 0.888695
vt 0.756127 0.902722
vt 0.743172 0.906406
vt 0.738481 0.892615
vt 0.721797 0.899230
vt 0.726882 0.912852
vt 0.808411 0.704438
vt 0.941551 0.517369
vt 0.190298 0.589094
vt 0.171665 0.591642
vt 0.209975 0.587418
vt 0.211238 0.605995
vt 0.191464 0.607024
vt 0.172739 0.608192
vt 0.797393 0.545770
vt 0.773143 0.544917
vt 0.820940 0.549823
vt 0.817748 0.562835
vt 0.795933 0.558263
vt 0.772434 0.556523
vt 0.750610 0.546156
vt 0.727821 0.547387
vt 0.750054 0.556642
vt 0.727584 0.557598
vt 0.702642 0.547114
vt 0.675983 0.546007
vt 0.702545 0.558859
vt 0.676055 0.559739
vt 0.648609 0.544245
vt 0.621859 0.542561
vt 0.648653 0.559552
vt 0.621968 0.558966
vt 0.597445 0.541900
vt 0.574255 0.542550
vt 0.597889 0.559003
vt 0.575218 0.560006
vt 0.551247 0.544574
vt 0.527541 0.547698
vt 0.552940 0.562040
vt 0.529774 0.564924
vt 0.502518 0.551656
vt 0.476649 0.556003
vt 0.504936 0.568399
vt 0.479125 0.572197
vt 0.450513 0.560448
vt 0.423556 0.564902
vt 0.452976 0.576129
vt 0.425949 0.580238
vt 0.395193 0.569271
vt 0.365040 0.573557
vt 0.397410 0.584538
vt 0.367112 0.589039
vt 0.332595 0.577643
vt 0.300931 0.581267
vt 0.334602 0.593587
vt 0.302848 0.597654
vt 0.273115 0.584234
vt 0.249106 0.586225
vt 0.274893 0.600797
vt 0.250714 0.603153
vt 0.228824 0.586863
vt 0.230287 0.604818
vt 0.818245 0.303440
vt 0.836764 0.313578
vt 0.797116 0.291712
vt 0.804065 0.278479
vt 0.824838 0.290163
vt 0.842586 0.300249
vt 0.840868 0.556867
vt 0.857881 0.565488
vt 0.853263 0.576832
vt 0.836464 0.569458
vt 0.872510 0.573634
vt 0.885845 0.581373
vt 0.881704 0.589947
vt 0.868091 0.583542
vt 0.899847 0.589652
vt 0.913411 0.597641
vt 0.909583 0.604911
vt 0.895869 0.597291
vt 0.924864 0.603702
vt 0.920804 0.611327
vt 0.345739 0.260639
vt 0.380961 0.262143
vt 0.307618 0.256425
vt 0.308037 0.234227
vt 0.346154 0.235108
vt 0.381360 0.235272
vt 0.414425 0.262490
vt 0.447624 0.262496
vt 0.414764 0.234979
vt 0.447872 0.234640
vt 0.482032 0.262630
vt 0.516026 0.262245
vt 0.481976 0.234403
vt 0.515438 0.234278
vt 0.547728 0.259927
vt 0.581093 0.253636
vt 0.546854 0.233456
vt 0.580294 0.231812
vt 0.905780 0.336944
vt 0.896020 0.335390
vt 0.899895 0.321078
vt 0.909452 0.322656
vt 0.884995 0.333049
vt 0.871675 0.329120
vt 0.876376 0.315332
vt 0.889329 0.319027
vt 0.854995 0.322494
vt 0.860089 0.308876
vt 0.330467 0.964450
vt 0.283441 0.984835
vt 0.265496 0.974366
vt 0.314549 0.956140
vt 0.363272 0.924233
vt 0.380610 0.933751
vt 0.669544 0.539641
vt 0.685457 0.531316
vt 0.734519 0.549530
vt 0.716570 0.559987
vt 0.619397 0.508937
vt 0.636734 0.499419
vt 0.087529 0.505440
vt 0.120277 0.517848
vt 0.103917 0.593310
vt 0.068582 0.580986
vt 0.027531 0.568533
vt 0.049993 0.493990
vt 0.355962 0.641718
vt 0.335395 0.644286
vt 0.340986 0.630232
vt 0.363378 0.622792
vt 0.392606 0.616018
vt 0.379506 0.639697
vt 0.381559 0.661028
vt 0.358531 0.659231
vt 0.330483 0.656639
vt 0.644036 0.216893
vt 0.636621 0.197968
vt 0.659013 0.205406
vt 0.664604 0.219460
vt 0.669517 0.231813
vt 0.641469 0.234406
vt 0.618442 0.236206
vt 0.620491 0.214875
vt 0.607392 0.191195
vt 0.396519 0.640915
vt 0.409630 0.631923
vt 0.417810 0.641648
vt 0.402438 0.649627
vt 0.603475 0.216108
vt 0.590371 0.207102
vt 0.597555 0.224821
vt 0.582187 0.216824
vt 0.424387 0.652296
vt 0.426827 0.667325
vt 0.439928 0.647827
vt 0.466258 0.664851
vt 0.575609 0.227471
vt 0.573173 0.242502
vt 0.533744 0.240029
vt 0.560070 0.223003
vt 0.436860 0.612833
vt 0.399796 0.585967
vt 0.398783 0.569120
vt 0.458400 0.607686
vt 0.563141 0.188010
vt 0.541600 0.182865
vt 0.601217 0.144298
vt 0.600203 0.161144
vt 0.350529 0.685030
vt 0.384683 0.684481
vt 0.389297 0.699875
vt 0.361471 0.705958
vt 0.319770 0.705532
vt 0.317399 0.676359
vt 0.649472 0.260204
vt 0.615318 0.259657
vt 0.682601 0.251532
vt 0.680230 0.280703
vt 0.638530 0.281132
vt 0.610704 0.275050
vt 0.415194 0.676236
vt 0.419631 0.690890
vt 0.584807 0.251413
vt 0.580371 0.266067
vt 0.347629 0.586090
vt 0.312585 0.620874
vt 0.266452 0.621412
vt 0.316777 0.575763
vt 0.652369 0.161265
vt 0.683222 0.150937
vt 0.733547 0.196582
vt 0.687414 0.196047
vt 0.311118 0.636308
vt 0.295831 0.638390
vt 0.688881 0.211482
vt 0.704168 0.213562
vt 0.288033 0.657971
vt 0.279680 0.680471
vt 0.243526 0.664299
vt 0.256371 0.641904
vt 0.711966 0.233142
vt 0.743628 0.217074
vt 0.756473 0.239467
vt 0.720319 0.255641
vt 0.399412 0.724054
vt 0.362000 0.744125
vt 0.440682 0.716570
vt 0.410887 0.757392
vt 0.600590 0.299230
vt 0.638002 0.319299
vt 0.589115 0.332568
vt 0.559320 0.291747
vt 0.457638 0.690653
vt 0.473176 0.650796
vt 0.485539 0.651374
vt 0.482383 0.680383
vt 0.474312 0.745536
vt 0.449603 0.762012
vt 0.542364 0.265832
vt 0.526825 0.225976
vt 0.550400 0.337190
vt 0.525690 0.320715
vt 0.517619 0.255563
vt 0.514463 0.226555
vt 0.474151 0.627102
vt 0.466995 0.597888
vt 0.504329 0.626868
vt 0.493523 0.638165
vt 0.525850 0.202283
vt 0.506479 0.213346
vt 0.495674 0.202051
vt 0.533007 0.173070
vt 0.502364 0.676640
vt 0.517702 0.680177
vt 0.501636 0.747342
vt 0.490777 0.737884
vt 0.497639 0.251822
vt 0.482301 0.255361
vt 0.509226 0.313067
vt 0.498368 0.322527
vt 0.458575 0.790124
vt 0.439850 0.783219
vt 0.469705 0.801838
vt 0.431871 0.845974
vt 0.420234 0.830802
vt 0.402431 0.814800
vt 0.541428 0.365306
vt 0.560152 0.358398
vt 0.597571 0.389979
vt 0.579769 0.405984
vt 0.568135 0.421157
vt 0.530300 0.377021
vt 0.414575 0.792558
vt 0.378140 0.804748
vt 0.348112 0.796007
vt 0.379734 0.784680
vt 0.585428 0.367735
vt 0.621862 0.379924
vt 0.620269 0.359854
vt 0.651889 0.371180
vt 0.333656 0.762534
vt 0.308923 0.782379
vt 0.282457 0.752749
vt 0.299706 0.726669
vt 0.666345 0.337705
vt 0.691079 0.357548
vt 0.700295 0.301839
vt 0.717545 0.327918
vt 0.268039 0.705975
vt 0.255992 0.738940
vt 0.225358 0.738017
vt 0.232536 0.695199
vt 0.731962 0.281144
vt 0.767465 0.270366
vt 0.774644 0.313182
vt 0.744009 0.314107
vt 0.482575 0.591031
vt 0.500906 0.567681
vt 0.580216 0.583379
vt 0.526399 0.614592
vt 0.418369 0.563882
vt 0.410355 0.543218
vt 0.517426 0.166213
vt 0.473604 0.189775
vt 0.419787 0.158563
vt 0.499096 0.142863
vt 0.589645 0.118397
vt 0.581631 0.139062
vt 0.360468 0.554785
vt 0.331728 0.560066
vt 0.263948 0.567827
vt 0.335966 0.539133
vt 0.639531 0.129961
vt 0.664033 0.114308
vt 0.736051 0.142998
vt 0.668271 0.135241
vt 0.295980 0.575646
vt 0.259907 0.594760
vt 0.704019 0.150818
vt 0.740093 0.169930
vt 0.231793 0.636808
vt 0.232017 0.625080
vt 0.215233 0.650437
vt 0.201331 0.631498
vt 0.768206 0.211976
vt 0.767983 0.200248
vt 0.798669 0.206664
vt 0.784767 0.225604
vt 0.201588 0.691255
vt 0.196686 0.750165
vt 0.176381 0.766617
vt 0.178687 0.695495
vt 0.798414 0.266420
vt 0.821316 0.270659
vt 0.823627 0.341778
vt 0.803319 0.325328
vt 0.245581 0.786928
vt 0.267563 0.792170
vt 0.257252 0.833857
vt 0.240703 0.838896
vt 0.223978 0.851566
vt 0.221429 0.794192
vt 0.754421 0.362093
vt 0.732439 0.367338
vt 0.778576 0.369354
vt 0.776030 0.426726
vt 0.759301 0.414058
vt 0.742751 0.409021
vt 0.289273 0.811492
vt 0.321584 0.820541
vt 0.299354 0.848715
vt 0.275450 0.842785
vt 0.710729 0.386661
vt 0.724553 0.417952
vt 0.700648 0.423884
vt 0.678417 0.395713
vt 0.199028 0.810029
vt 0.206594 0.864614
vt 0.191616 0.874253
vt 0.181128 0.824335
vt 0.800981 0.385189
vt 0.818884 0.399494
vt 0.808402 0.449408
vt 0.793419 0.439771
vt 0.221821 0.910910
vt 0.209590 0.921212
vt 0.234449 0.895624
vt 0.245257 0.923129
vt 0.238294 0.940982
vt 0.233135 0.958602
vt 0.778192 0.486060
vt 0.790429 0.496359
vt 0.766882 0.533744
vt 0.761723 0.516131
vt 0.754755 0.498284
vt 0.765558 0.470781
vt 0.346969 0.830532
vt 0.367900 0.844481
vt 0.331516 0.879267
vt 0.318141 0.858358
vt 0.653032 0.405706
vt 0.681862 0.433530
vt 0.668487 0.454441
vt 0.632103 0.419658
vt 0.384607 0.863996
vt 0.394154 0.881962
vt 0.354192 0.914150
vt 0.349539 0.893316
vt 0.615397 0.439175
vt 0.650466 0.468494
vt 0.645815 0.489331
vt 0.605852 0.457144
vt 0.316173 0.922926
vt 0.299528 0.925426
vt 0.309067 0.943775
vt 0.267965 0.963026
vt 0.683835 0.498099
vt 0.700479 0.500595
vt 0.732049 0.538187
vt 0.690943 0.518948
vt 0.288600 0.929236
vt 0.267780 0.950553
vt 0.277608 0.930069
vt 0.298812 0.906271
vt 0.711410 0.504401
vt 0.732231 0.525713
vt 0.701194 0.481440
vt 0.722403 0.505231
vt 0.252411 0.952447
vt 0.248095 0.965538
vt 0.259164 0.933086
vt 0.747600 0.527593
vt 0.751927 0.540668
vt 0.740848 0.508243
vt 0.244394 0.877299
vt 0.250936 0.900942
vt 0.254945 0.863605
vt 0.257717 0.883905
vt 0.755611 0.452459
vt 0.749071 0.476101
vt 0.742287 0.459067
vt 0.745058 0.438768
vt 0.270574 0.864846
vt 0.269019 0.885767
vt 0.287084 0.871997
vt 0.279669 0.888509
vt 0.729429 0.440011
vt 0.730985 0.460930
vt 0.720335 0.463674
vt 0.712920 0.447164
vt 0.297823 0.886369
vt 0.281963 0.907549
vt 0.702181 0.461538
vt 0.718043 0.482714
vt 0.265191 0.909724
vt 0.734816 0.484884
vt 0.477468 0.805728
vt 0.512327 0.742419
vt 0.523322 0.740748
vt 0.486714 0.805191
vt 0.445024 0.853798
vt 0.437481 0.853075
vt 0.522537 0.380912
vt 0.487678 0.317603
vt 0.562525 0.428259
vt 0.554983 0.428982
vt 0.513292 0.380375
vt 0.476683 0.315933
vt 0.532108 0.666019
vt 0.548699 0.660827
vt 0.467896 0.241203
vt 0.451305 0.236011
vt 0.573413 0.689921
vt 0.613113 0.635762
vt 0.542680 0.758469
vt 0.426592 0.265105
vt 0.386892 0.210946
vt 0.457326 0.333654
vt 0.659243 0.608533
vt 0.636709 0.561097
vt 0.340762 0.183717
vt 0.363295 0.136282
vt 0.048541 0.637552
vt 0.010000 0.626000
vt 0.080046 0.646898
vt 0.626750 0.522437
vt 0.586642 0.522437
vt 0.373254 0.097621
vt 0.413362 0.097621
vt 0.517691 0.521722
vt 0.427396 0.508377
vt 0.482311 0.096906
vt 0.572604 0.083557
vt 0.323212 0.514266
vt 0.238430 0.543516
vt 0.676787 0.089441
vt 0.761569 0.118686
vt 0.193652 0.559956
vt 0.198583 0.598421
vt 0.152807 0.622063
vt 0.163630 0.550201
vt 0.806348 0.135123
vt 0.801417 0.173588
vt 0.836371 0.125366
vt 0.847195 0.197228
vt 0.199799 0.616495
vt 0.221702 0.607379
vt 0.178063 0.636677
vt 0.800202 0.191662
vt 0.821938 0.211842
vt 0.778298 0.182547
vt 0.143594 0.531794
vt 0.126896 0.603860
vt 0.856406 0.106960
vt 0.879723 0.093014
vt 0.896084 0.168474
vt 0.873105 0.179025
vt 0.168807 0.826732
vt 0.156008 0.816974
vt 0.152210 0.755973
vt 0.163003 0.771230
vt 0.179975 0.876511
vt 0.167247 0.872188
vt 0.831205 0.401893
vt 0.837006 0.346391
vt 0.847799 0.331135
vt 0.844004 0.392136
vt 0.832772 0.447352
vt 0.820043 0.451671
vt 0.201087 0.926918
vt 0.188295 0.924203
vt 0.225599 0.962014
vt 0.218139 0.961623
vt 0.798931 0.502071
vt 0.811724 0.499365
vt 0.781869 0.536781
vt 0.774415 0.537146
vt 0.240859 0.969439
vt 0.247786 0.972256
vt 0.241468 0.975473
vt 0.759183 0.544602
vt 0.758526 0.550624
vt 0.752231 0.547385
vt 0.251816 0.973598
vt 0.269447 0.972336
vt 0.748195 0.548716
vt 0.730569 0.547500
vt 0.309861 0.953880
vt 0.357640 0.922812
vt 0.690145 0.529055
vt 0.642365 0.497992
vt 0.398804 0.889821
vt 0.405363 0.890993
vt 0.601204 0.465004
vt 0.594645 0.466177
vt 0.423905 0.900356
vt 0.464725 0.861935
vt 0.576103 0.475539
vt 0.535282 0.437119
vt 0.133603 0.799954
vt 0.150150 0.859841
vt 0.126036 0.735660
vt 0.866408 0.375115
vt 0.849867 0.435004
vt 0.873971 0.310822
vt 0.170688 0.911272
vt 0.173593 0.934287
vt 0.829334 0.486441
vt 0.826422 0.509459
vt 0.175711 0.950004
vt 0.209626 0.975009
vt 0.824299 0.525178
vt 0.790377 0.550171
vt 0.163285 0.699432
vt 0.153204 0.685482
vt 0.836720 0.274595
vt 0.846800 0.260646
vt 0.122182 0.684644
vt 0.113287 0.657126
vt 0.877821 0.259808
vt 0.886715 0.232290
vt 0.240257 0.990000
vt 0.759756 0.565156
vt 0.096521 0.652646
vt 0.903480 0.227809
vt 0.919955 0.222061
vt 0.506189 0.812899
vt 0.493817 0.388083
vt 0.238892 0.608749
vt 0.761108 0.183918
vt 0.912471 0.080605
vt 0.931418 0.156150
vt 0.950006 0.069155
vt 0.972469 0.143696
vt 0.951460 0.212715
vt 0.990000 0.201163
vt 0.817138 0.411547
vt 0.820879 0.459216
vt 0.803951 0.449191
vt 0.798958 0.414207
vt 0.779498 0.385334
vt 0.793945 0.373928
vt 0.813056 0.355836
vt 0.840782 0.405024
vt 0.848728 0.477893
vt 0.407408 0.817430
vt 0.370133 0.794087
vt 0.381314 0.780018
vt 0.410711 0.799606
vt 0.445794 0.805564
vt 0.455306 0.822982
vt 0.475597 0.850216
vt 0.401955 0.841459
vt 0.352123 0.812491
vt 0.802198 0.508660
vt 0.814733 0.531454
vt 0.764040 0.578387
vt 0.760924 0.544228
vt 0.759676 0.523006
vt 0.792478 0.489605
vt 0.504060 0.805101
vt 0.541461 0.763673
vt 0.575806 0.765931
vt 0.528357 0.815471
vt 0.486019 0.793601
vt 0.520374 0.762695
vt 0.830716 0.560813
vt 0.868096 0.543382
vt 0.878601 0.615951
vt 0.813179 0.601825
vt 0.557414 0.832552
vt 0.598432 0.815235
vt 0.614141 0.879999
vt 0.541429 0.870158
vt 0.789620 0.638242
vt 0.851381 0.664230
vt 0.825206 0.699666
vt 0.764078 0.668402
vt 0.715683 0.637689
vt 0.738850 0.613833
vt 0.635149 0.791776
vt 0.665334 0.766516
vt 0.698252 0.826471
vt 0.662033 0.852150
vt 0.610733 0.740861
vt 0.634874 0.718326
vt 0.864573 0.768894
vt 0.820261 0.818448
vt 0.767852 0.769527
vt 0.797892 0.735811
vt 0.897572 0.721039
vt 0.741370 0.695695
vt 0.718795 0.721361
vt 0.677382 0.680290
vt 0.696240 0.659582
vt 0.697653 0.592410
vt 0.712765 0.570962
vt 0.678911 0.612313
vt 0.645157 0.587172
vt 0.659984 0.570323
vt 0.672980 0.553523
vt 0.589247 0.700201
vt 0.609220 0.681537
vt 0.567430 0.714946
vt 0.549742 0.675938
vt 0.566671 0.663100
vt 0.583829 0.648571
vt 0.720513 0.550978
vt 0.682271 0.539717
vt 0.688140 0.527904
vt 0.722976 0.534148
vt 0.547797 0.723591
vt 0.535814 0.684972
vt 0.530766 0.725038
vt 0.523837 0.690600
vt 0.724503 0.521907
vt 0.692750 0.517823
vt 0.701040 0.510216
vt 0.730054 0.514190
vt 0.764369 0.499265
vt 0.758717 0.508925
vt 0.518604 0.727421
vt 0.510560 0.732458
vt 0.506382 0.703745
vt 0.513895 0.695441
vt 0.506169 0.761568
vt 0.496350 0.767379
vt 0.669385 0.503215
vt 0.679774 0.503022
vt 0.662314 0.513605
vt 0.647770 0.498270
vt 0.656444 0.488609
vt 0.661748 0.478229
vt 0.665613 0.489884
vt 0.674315 0.493037
vt 0.499406 0.672028
vt 0.485094 0.658672
vt 0.494617 0.650049
vt 0.509582 0.664888
vt 0.498961 0.682485
vt 0.489183 0.676755
vt 0.486257 0.667928
vt 0.474776 0.663877
vt 0.689121 0.496015
vt 0.687644 0.488507
vt 0.707981 0.475848
vt 0.702875 0.494587
vt 0.492035 0.691911
vt 0.490657 0.705543
vt 0.471950 0.710629
vt 0.484525 0.690193
vt 0.626079 0.551723
vt 0.638925 0.537058
vt 0.613731 0.565804
vt 0.583587 0.548726
vt 0.593561 0.537216
vt 0.606388 0.520103
vt 0.548051 0.629469
vt 0.562626 0.617481
vt 0.533175 0.642077
vt 0.516851 0.609205
vt 0.533770 0.597068
vt 0.545030 0.588020
vt 0.651537 0.524463
vt 0.633382 0.509989
vt 0.520519 0.654415
vt 0.506216 0.635856
vt 0.652294 0.479418
vt 0.643615 0.488056
vt 0.644042 0.481571
vt 0.651270 0.474515
vt 0.656641 0.467364
vt 0.657900 0.473254
vt 0.476029 0.654331
vt 0.471153 0.653312
vt 0.478242 0.645987
vt 0.484636 0.645661
vt 0.469857 0.659917
vt 0.463940 0.658537
vt 0.649127 0.472706
vt 0.643214 0.476918
vt 0.641989 0.471881
vt 0.649704 0.468263
vt 0.469269 0.651233
vt 0.473616 0.645360
vt 0.464852 0.651728
vt 0.468545 0.644053
vt 0.648186 0.461107
vt 0.653305 0.459639
vt 0.640011 0.465391
vt 0.638199 0.450650
vt 0.647349 0.446601
vt 0.654068 0.448869
vt 0.457680 0.650246
vt 0.461867 0.642196
vt 0.456091 0.655296
vt 0.445242 0.655670
vt 0.443171 0.648987
vt 0.447053 0.640074
vt 0.629805 0.499407
vt 0.616786 0.506114
vt 0.622360 0.497564
vt 0.631728 0.490948
vt 0.495777 0.631768
vt 0.487428 0.633697
vt 0.493643 0.624156
vt 0.502687 0.619086
vt 0.632078 0.483915
vt 0.620170 0.492080
vt 0.621292 0.483983
vt 0.630048 0.477767
vt 0.480431 0.633854
vt 0.474180 0.632175
vt 0.479229 0.622849
vt 0.487716 0.621940
vt 0.626785 0.471928
vt 0.616049 0.480151
vt 0.612058 0.468518
vt 0.625707 0.457655
vt 0.468021 0.629245
vt 0.453703 0.627626
vt 0.464518 0.613801
vt 0.475838 0.617712
vt 0.629350 0.425484
vt 0.640851 0.423035
vt 0.618500 0.428826
vt 0.630159 0.388567
vt 0.641862 0.390265
vt 0.652824 0.393716
vt 0.422206 0.629977
vt 0.424878 0.618966
vt 0.419426 0.641419
vt 0.390416 0.653573
vt 0.386978 0.642599
vt 0.385091 0.630882
vt 0.672515 0.361763
vt 0.661450 0.353351
vt 0.712427 0.322564
vt 0.714545 0.347748
vt 0.715099 0.361296
vt 0.679277 0.371355
vt 0.358322 0.672007
vt 0.344369 0.714534
vt 0.319163 0.711481
vt 0.348964 0.661121
vt 0.367410 0.679843
vt 0.357834 0.715072
vt 0.642788 0.349614
vt 0.617499 0.390357
vt 0.604473 0.396638
vt 0.621931 0.351962
vt 0.641702 0.305623
vt 0.673248 0.308887
vt 0.345942 0.642380
vt 0.347606 0.621359
vt 0.392317 0.604664
vt 0.386454 0.617981
vt 0.304652 0.672312
vt 0.301625 0.640609
vt 0.607523 0.431394
vt 0.602415 0.465428
vt 0.593361 0.470952
vt 0.595987 0.436390
vt 0.427131 0.608071
vt 0.432385 0.596828
vt 0.466945 0.594972
vt 0.461493 0.603960
vt 0.586264 0.448594
vt 0.583102 0.478542
vt 0.569553 0.484090
vt 0.574988 0.459906
vt 0.578731 0.428307
vt 0.591948 0.408660
vt 0.444737 0.587376
vt 0.456387 0.576482
vt 0.480752 0.571453
vt 0.474844 0.584916
vt 0.404561 0.592273
vt 0.424537 0.579606
vt 0.559999 0.466721
vt 0.563380 0.449937
vt 0.552865 0.485727
vt 0.536830 0.485361
vt 0.546802 0.468444
vt 0.552535 0.455287
vt 0.463482 0.561806
vt 0.482635 0.554742
vt 0.446465 0.564866
vt 0.452103 0.554179
vt 0.465357 0.548750
vt 0.482153 0.538772
vt 0.601986 0.579085
vt 0.630714 0.602972
vt 0.615740 0.618988
vt 0.589558 0.592498
vt 0.564829 0.569424
vt 0.574304 0.559119
vt 0.662173 0.630328
vt 0.645434 0.648098
vt 0.496556 0.489208
vt 0.488846 0.487518
vt 0.490441 0.482685
vt 0.501594 0.480043
vt 0.511191 0.481012
vt 0.505631 0.492764
vt 0.502356 0.500797
vt 0.493892 0.495777
vt 0.488107 0.492868
vt 0.487652 0.499638
vt 0.490733 0.508690
vt 0.478738 0.514112
vt 0.478190 0.504299
vt 0.481931 0.492997
vt 0.486282 0.491828
vt 0.491287 0.491117
vt 0.494058 0.496894
vt 0.498861 0.505308
vt 0.450942 0.439389
vt 0.458770 0.431542
vt 0.463527 0.438271
vt 0.455393 0.445397
vt 0.448220 0.450524
vt 0.444075 0.446099
vt 0.442418 0.444483
vt 0.448422 0.437320
vt 0.458667 0.426354
vt 0.437890 0.428754
vt 0.444199 0.420933
vt 0.446842 0.421038
vt 0.439283 0.429904
vt 0.433855 0.435726
vt 0.431982 0.433813
vt 0.430245 0.432060
vt 0.437562 0.426563
vt 0.447878 0.415902
vt 0.454552 0.405018
vt 0.459643 0.396038
vt 0.470072 0.379609
vt 0.459048 0.400486
vt 0.444074 0.416226
vt 0.447930 0.409786
vt 0.402715 0.455777
vt 0.398084 0.460174
vt 0.377013 0.470864
vt 0.393635 0.460703
vt 0.407633 0.449233
vt 0.414146 0.445553
vt 0.413745 0.449354
vt 0.462779 0.395888
vt 0.458487 0.403762
vt 0.469722 0.383598
vt 0.467608 0.390524
vt 0.393388 0.463840
vt 0.401369 0.459725
vt 0.387930 0.468643
vt 0.380995 0.470655
vt 0.452956 0.410418
vt 0.455742 0.407941
vt 0.408174 0.454356
vt 0.405600 0.457061
vt 0.418844 0.445798
vt 0.418907 0.448442
vt 0.456872 0.413861
vt 0.464478 0.408458
vt 0.450406 0.426083
vt 0.411549 0.458329
vt 0.423894 0.452061
vt 0.424041 0.460280
vt 0.405958 0.465780
vt 0.443519 0.433916
vt 0.438751 0.440721
vt 0.436675 0.424731
vt 0.428524 0.430302
vt 0.426491 0.428191
vt 0.436665 0.422098
vt 0.432912 0.417537
vt 0.439963 0.405794
vt 0.421136 0.422757
vt 0.412915 0.413961
vt 0.427542 0.407452
vt 0.440594 0.396021
vt 0.470831 0.405087
vt 0.473784 0.393701
vt 0.480010 0.395228
vt 0.469788 0.413688
vt 0.402533 0.472093
vt 0.391036 0.474833
vt 0.411209 0.471253
vt 0.392458 0.481061
vt 0.474273 0.378954
vt 0.478968 0.371567
vt 0.472771 0.369292
vt 0.476886 0.341367
vt 0.376221 0.475119
vt 0.368686 0.479521
vt 0.338519 0.476811
vt 0.366535 0.473216
vt 0.470954 0.370652
vt 0.474636 0.361861
vt 0.368062 0.471498
vt 0.359111 0.474955
vt 0.475718 0.353116
vt 0.474303 0.358666
vt 0.477057 0.335455
vt 0.478889 0.336655
vt 0.350331 0.475788
vt 0.355935 0.474487
vt 0.333784 0.478700
vt 0.332642 0.476821
vt 0.474299 0.362078
vt 0.475471 0.353515
vt 0.471984 0.374062
vt 0.470787 0.368353
vt 0.359360 0.474580
vt 0.350769 0.475597
vt 0.365753 0.471238
vt 0.371421 0.472654
vt 0.473164 0.345784
vt 0.470096 0.350740
vt 0.471171 0.338147
vt 0.473389 0.335452
vt 0.343085 0.473126
vt 0.348111 0.470142
vt 0.332770 0.473148
vt 0.335446 0.470941
vt 0.473427 0.321587
vt 0.474893 0.311276
vt 0.472706 0.316391
vt 0.469490 0.292590
vt 0.318841 0.472824
vt 0.308468 0.474065
vt 0.289838 0.468360
vt 0.313639 0.471971
vt 0.476753 0.297809
vt 0.472439 0.282563
vt 0.474846 0.275103
vt 0.477239 0.305856
vt 0.294923 0.475678
vt 0.279722 0.471081
vt 0.302957 0.476251
vt 0.272228 0.473339
vt 0.465817 0.271206
vt 0.464617 0.264147
vt 0.464185 0.275118
vt 0.458926 0.260554
vt 0.268506 0.464199
vt 0.261461 0.462906
vt 0.257932 0.457182
vt 0.272468 0.462690
vt 0.462986 0.257135
vt 0.458805 0.251652
vt 0.461582 0.245006
vt 0.467985 0.257203
vt 0.254475 0.461101
vt 0.249038 0.456870
vt 0.254454 0.466089
vt 0.242349 0.459468
vt 0.478555 0.316754
vt 0.478702 0.303986
vt 0.313872 0.477783
vt 0.301122 0.477710
vt 0.451233 0.256785
vt 0.448299 0.254516
vt 0.442402 0.238619
vt 0.451573 0.249445
vt 0.454187 0.265714
vt 0.448645 0.274406
vt 0.254282 0.449438
vt 0.246942 0.449639
vt 0.236247 0.440299
vt 0.252068 0.446484
vt 0.271937 0.447263
vt 0.263159 0.452589
vt 0.458022 0.276691
vt 0.460897 0.281294
vt 0.458258 0.302638
vt 0.453897 0.289578
vt 0.274075 0.456621
vt 0.287096 0.452745
vt 0.300121 0.457371
vt 0.278688 0.459531
vt 0.463933 0.284518
vt 0.464181 0.296580
vt 0.281878 0.462626
vt 0.293942 0.463147
vt 0.464350 0.309083
vt 0.466499 0.313139
vt 0.459359 0.334515
vt 0.458463 0.320147
vt 0.306465 0.463546
vt 0.317687 0.457846
vt 0.332038 0.459065
vt 0.310500 0.465743
vt 0.469047 0.322095
vt 0.466335 0.336833
vt 0.319447 0.468487
vt 0.334314 0.466070
vt 0.465194 0.347923
vt 0.465639 0.352826
vt 0.455783 0.366681
vt 0.457107 0.351207
vt 0.345420 0.465173
vt 0.348788 0.457146
vt 0.364350 0.456109
vt 0.350315 0.465786
vt 0.466065 0.358554
vt 0.463069 0.369677
vt 0.356053 0.466294
vt 0.367272 0.463519
vt 0.458373 0.379548
vt 0.452975 0.384062
vt 0.450725 0.384796
vt 0.377241 0.458938
vt 0.382629 0.451363
vt 0.394156 0.441413
vt 0.381872 0.453727
vt 0.449058 0.393857
vt 0.460465 0.390159
vt 0.391718 0.450054
vt 0.387744 0.461390
vt 0.403794 0.441163
vt 0.465219 0.386235
vt 0.383748 0.466112
vt 0.454026 0.246448
vt 0.452026 0.240974
vt 0.243906 0.452003
vt 0.238464 0.449899
vt 0.449356 0.236390
vt 0.444477 0.232547
vt 0.449408 0.225591
vt 0.454795 0.235364
vt 0.233956 0.447078
vt 0.230159 0.442188
vt 0.232835 0.452459
vt 0.223123 0.446892
vt 0.438865 0.229909
vt 0.438166 0.226682
vt 0.432932 0.229687
vt 0.427093 0.225995
vt 0.227632 0.436547
vt 0.224430 0.435757
vt 0.223969 0.424703
vt 0.227495 0.430656
vt 0.438622 0.223909
vt 0.433367 0.222656
vt 0.438267 0.216513
vt 0.443612 0.221076
vt 0.221638 0.436094
vt 0.220503 0.430857
vt 0.218707 0.440997
vt 0.214253 0.435559
vt 0.425838 0.218259
vt 0.424234 0.213368
vt 0.416800 0.217423
vt 0.401871 0.208231
vt 0.216279 0.423246
vt 0.211439 0.421477
vt 0.206735 0.398990
vt 0.215602 0.414206
vt 0.420915 0.208712
vt 0.407354 0.206260
vt 0.409732 0.202388
vt 0.429237 0.208825
vt 0.206829 0.418045
vt 0.204765 0.404455
vt 0.206798 0.426334
vt 0.200852 0.406621
vt 0.386752 0.203782
vt 0.375992 0.202782
vt 0.374063 0.205359
vt 0.342782 0.207987
vt 0.202723 0.383715
vt 0.201691 0.372961
vt 0.207354 0.339607
vt 0.204311 0.371017
vt 0.362114 0.202487
vt 0.340262 0.206916
vt 0.339657 0.204375
vt 0.374952 0.200628
vt 0.201580 0.358979
vt 0.206055 0.337451
vt 0.199561 0.371712
vt 0.203763 0.336359
vt 0.326442 0.212164
vt 0.318185 0.213616
vt 0.321141 0.216259
vt 0.301965 0.225167
vt 0.211887 0.323481
vt 0.213588 0.315243
vt 0.225656 0.299318
vt 0.216204 0.318256
vt 0.445608 0.217238
vt 0.448358 0.218285
vt 0.442998 0.213756
vt 0.446320 0.211704
vt 0.214820 0.442890
vt 0.215820 0.445647
vt 0.209260 0.443420
vt 0.211399 0.440198
vt 0.436169 0.209314
vt 0.431407 0.206863
vt 0.207137 0.433252
vt 0.204799 0.428457
vt 0.439280 0.206759
vt 0.433431 0.203577
vt 0.447447 0.207822
vt 0.448673 0.210234
vt 0.433169 0.205257
vt 0.412606 0.199413
vt 0.204490 0.436213
vt 0.207721 0.445691
vt 0.205327 0.444392
vt 0.201379 0.430252
vt 0.198069 0.409424
vt 0.203103 0.430117
vt 0.426390 0.203817
vt 0.411993 0.201104
vt 0.201882 0.423378
vt 0.199779 0.409170
vt 0.389245 0.199581
vt 0.376265 0.199209
vt 0.198370 0.386059
vt 0.198054 0.372923
vt 0.283602 0.249867
vt 0.298127 0.234802
vt 0.307115 0.233047
vt 0.290342 0.253010
vt 0.275577 0.274257
vt 0.269740 0.268245
vt 0.264764 0.263079
vt 0.281583 0.245275
vt 0.312882 0.223024
vt 0.320867 0.224507
vt 0.223198 0.310171
vt 0.235398 0.295673
vt 0.233303 0.304603
vt 0.224451 0.318203
vt 0.326291 0.218485
vt 0.336206 0.210588
vt 0.342049 0.211324
vt 0.319495 0.219887
vt 0.218363 0.323571
vt 0.210201 0.333470
vt 0.219866 0.316765
vt 0.210890 0.339138
vt 0.359416 0.205839
vt 0.367843 0.205324
vt 0.205084 0.356411
vt 0.204486 0.364860
vt 0.374483 0.203635
vt 0.394718 0.205169
vt 0.389010 0.208507
vt 0.362119 0.206257
vt 0.202807 0.371495
vt 0.203869 0.391820
vt 0.205581 0.359162
vt 0.207207 0.386221
vt 0.407522 0.212764
vt 0.408526 0.216375
vt 0.211068 0.404862
vt 0.214662 0.405978
vt 0.413904 0.220054
vt 0.419023 0.223880
vt 0.404468 0.218152
vt 0.401730 0.214593
vt 0.218373 0.411323
vt 0.221972 0.416678
vt 0.213340 0.399179
vt 0.216682 0.402323
vt 0.423186 0.227865
vt 0.425638 0.228369
vt 0.225982 0.420866
vt 0.226274 0.423440
vt 0.429411 0.234595
vt 0.440021 0.242513
vt 0.437323 0.251776
vt 0.419204 0.237439
vt 0.232491 0.427265
vt 0.240167 0.438069
vt 0.235631 0.417292
vt 0.249526 0.435719
vt 0.446350 0.251362
vt 0.444912 0.263401
vt 0.248873 0.444536
vt 0.260995 0.443350
vt 0.278527 0.245151
vt 0.293150 0.230490
vt 0.261612 0.259736
vt 0.259454 0.257654
vt 0.276375 0.243047
vt 0.293768 0.223881
vt 0.308148 0.217372
vt 0.313654 0.213424
vt 0.217714 0.305339
vt 0.231205 0.290662
vt 0.213570 0.310668
vt 0.224454 0.291163
vt 0.320023 0.210379
vt 0.310929 0.213935
vt 0.336726 0.202806
vt 0.336843 0.204374
vt 0.210259 0.317042
vt 0.203341 0.333934
vt 0.201981 0.333358
vt 0.213772 0.307983
vt 0.274509 0.242739
vt 0.287235 0.229705
vt 0.258594 0.256404
vt 0.257616 0.256092
vt 0.273283 0.243449
vt 0.291357 0.227626
vt 0.301852 0.218399
vt 0.308611 0.215980
vt 0.218464 0.299047
vt 0.230525 0.285083
vt 0.215709 0.305630
vt 0.226940 0.288116
vt 0.317033 0.210249
vt 0.308820 0.213387
vt 0.329892 0.199146
vt 0.334796 0.200832
vt 0.209985 0.314016
vt 0.199841 0.331538
vt 0.198467 0.326445
vt 0.213068 0.305743
vt 0.358606 0.197578
vt 0.374319 0.197666
vt 0.371922 0.195862
vt 0.405293 0.199985
vt 0.196570 0.355213
vt 0.196304 0.370978
vt 0.197210 0.401790
vt 0.194567 0.368427
vt 0.386312 0.195852
vt 0.369514 0.192506
vt 0.409302 0.194349
vt 0.412364 0.200071
vt 0.194367 0.382835
vt 0.197811 0.409220
vt 0.192337 0.405896
vt 0.191173 0.366019
vt 0.350693 0.194292
vt 0.325635 0.196426
vt 0.319974 0.194978
vt 0.356942 0.188737
vt 0.193299 0.347222
vt 0.195701 0.322231
vt 0.187656 0.353357
vt 0.194617 0.316468
vt 0.338028 0.181198
vt 0.379089 0.175666
vt 0.304263 0.196280
vt 0.282090 0.196239
vt 0.298624 0.175962
vt 0.329883 0.163921
vt 0.180535 0.334384
vt 0.196180 0.300817
vt 0.174418 0.375380
vt 0.163165 0.326344
vt 0.175792 0.295212
vt 0.196323 0.278811
vt 0.255137 0.189761
vt 0.250270 0.201391
vt 0.220420 0.217170
vt 0.214500 0.212109
vt 0.210867 0.208454
vt 0.261443 0.180502
vt 0.283250 0.204994
vt 0.296996 0.203389
vt 0.281780 0.218358
vt 0.267960 0.216210
vt 0.258578 0.214886
vt 0.267373 0.207907
vt 0.204876 0.279645
vt 0.216095 0.264459
vt 0.218108 0.278588
vt 0.202778 0.293316
vt 0.208134 0.263785
vt 0.214863 0.254757
vt 0.307889 0.203842
vt 0.302793 0.208784
vt 0.203079 0.304273
vt 0.208136 0.299328
vt 0.297285 0.216221
vt 0.304254 0.216038
vt 0.287675 0.228746
vt 0.283071 0.226327
vt 0.215669 0.294101
vt 0.215406 0.301077
vt 0.225898 0.280583
vt 0.228842 0.284741
vt 0.301132 0.220097
vt 0.287503 0.232082
vt 0.219493 0.297990
vt 0.232067 0.285433
vt 0.272584 0.243251
vt 0.256863 0.255770
vt 0.255463 0.254538
vt 0.271253 0.242368
vt 0.245051 0.212055
vt 0.245529 0.222643
vt 0.234079 0.232389
vt 0.226391 0.223540
vt 0.254032 0.230730
vt 0.262979 0.234219
vt 0.249981 0.249175
vt 0.243368 0.242419
vt 0.268390 0.238226
vt 0.253134 0.252217
vt 0.489665 0.291572
vt 0.489208 0.302198
vt 0.477853 0.269904
vt 0.484266 0.270602
vt 0.489253 0.272160
vt 0.495053 0.303989
vt 0.496560 0.335904
vt 0.288458 0.488438
vt 0.267542 0.482650
vt 0.266986 0.476226
vt 0.299077 0.488128
vt 0.332670 0.496399
vt 0.300907 0.493955
vt 0.269031 0.487641
vt 0.478936 0.258714
vt 0.479942 0.253788
vt 0.472826 0.252890
vt 0.467875 0.241028
vt 0.255784 0.477050
vt 0.250811 0.477879
vt 0.238245 0.465632
vt 0.250064 0.470804
vt 0.479732 0.249957
vt 0.473953 0.241764
vt 0.478307 0.241228
vt 0.485398 0.255386
vt 0.246975 0.477593
vt 0.238870 0.471670
vt 0.252329 0.483337
vt 0.238258 0.475976
vt 0.468772 0.234006
vt 0.468581 0.229666
vt 0.462360 0.230308
vt 0.457861 0.222228
vt 0.231201 0.466337
vt 0.226860 0.466021
vt 0.219585 0.455213
vt 0.227622 0.459854
vt 0.465735 0.223513
vt 0.458006 0.217121
vt 0.459865 0.214147
vt 0.470231 0.226115
vt 0.220722 0.463047
vt 0.214448 0.455187
vt 0.223285 0.467562
vt 0.211437 0.456939
vt 0.485136 0.359099
vt 0.487339 0.341247
vt 0.490200 0.368919
vt 0.356177 0.485609
vt 0.338293 0.487290
vt 0.365871 0.490873
vt 0.485177 0.315982
vt 0.480066 0.301259
vt 0.312984 0.484535
vt 0.298323 0.479001
vt 0.478474 0.290791
vt 0.475715 0.271274
vt 0.287889 0.477172
vt 0.268351 0.474102
vt 0.472110 0.259838
vt 0.470601 0.254357
vt 0.257000 0.470277
vt 0.251553 0.468629
vt 0.469520 0.249412
vt 0.464801 0.242269
vt 0.246616 0.467455
vt 0.239535 0.462598
vt 0.460020 0.236248
vt 0.458789 0.232232
vt 0.233626 0.457683
vt 0.229624 0.456370
vt 0.457817 0.228112
vt 0.453929 0.223670
vt 0.225498 0.455290
vt 0.221087 0.451336
vt 0.451581 0.220272
vt 0.453103 0.217384
vt 0.217757 0.448901
vt 0.214827 0.450340
vt 0.454677 0.215124
vt 0.453182 0.212260
vt 0.212495 0.451820
vt 0.209656 0.450247
vt 0.451940 0.210710
vt 0.454569 0.210493
vt 0.208125 0.448961
vt 0.207862 0.451573
vt 0.455942 0.208512
vt 0.458305 0.208449
vt 0.453075 0.206691
vt 0.455077 0.201311
vt 0.205869 0.452883
vt 0.205744 0.455235
vt 0.198647 0.451847
vt 0.204083 0.449988
vt 0.361771 0.199711
vt 0.376469 0.197727
vt 0.198667 0.358463
vt 0.196508 0.373050
vt 0.389365 0.197411
vt 0.411785 0.197319
vt 0.195936 0.385944
vt 0.196143 0.408251
vt 0.426018 0.202080
vt 0.429029 0.202437
vt 0.199993 0.422824
vt 0.200185 0.425811
vt 0.425985 0.201303
vt 0.435292 0.202458
vt 0.199018 0.422812
vt 0.200202 0.432119
vt 0.444453 0.203825
vt 0.441420 0.196635
vt 0.201373 0.441315
vt 0.194238 0.438073
vt 0.425867 0.178669
vt 0.402584 0.161947
vt 0.446878 0.165040
vt 0.451022 0.184864
vt 0.176551 0.422176
vt 0.160266 0.398612
vt 0.182263 0.447445
vt 0.162585 0.442710
vt 0.390012 0.143941
vt 0.327871 0.151434
vt 0.323619 0.133991
vt 0.388015 0.120673
vt 0.452088 0.117048
vt 0.447929 0.142725
vt 0.142873 0.385075
vt 0.119725 0.382819
vt 0.133476 0.318299
vt 0.150757 0.323466
vt 0.140358 0.443247
vt 0.114624 0.446568
vt 0.266110 0.170846
vt 0.207355 0.204884
vt 0.200845 0.197775
vt 0.259797 0.158274
vt 0.461971 0.209491
vt 0.465328 0.203062
vt 0.474374 0.210183
vt 0.465712 0.214390
vt 0.206737 0.458898
vt 0.200248 0.462105
vt 0.211571 0.462746
vt 0.207281 0.471266
vt 0.472882 0.188555
vt 0.489907 0.199207
vt 0.483527 0.169061
vt 0.510096 0.182674
vt 0.185723 0.469285
vt 0.196151 0.486531
vt 0.179433 0.506261
vt 0.166197 0.479364
vt 0.497431 0.147334
vt 0.513100 0.121690
vt 0.560825 0.141220
vt 0.534070 0.163697
vt 0.144431 0.492685
vt 0.118946 0.507869
vt 0.160384 0.529829
vt 0.137870 0.556216
vt 0.388783 0.093288
vt 0.322000 0.111254
vt 0.321949 0.083108
vt 0.391408 0.061313
vt 0.463594 0.051328
vt 0.456450 0.086376
vt 0.092441 0.382269
vt 0.060581 0.384686
vt 0.083043 0.314821
vt 0.111009 0.315980
vt 0.084050 0.450443
vt 0.048943 0.457069
vt 0.254612 0.141100
vt 0.190789 0.187328
vt 0.177361 0.172864
vt 0.246709 0.118823
vt 0.529748 0.090191
vt 0.546735 0.053663
vt 0.636599 0.081119
vt 0.589505 0.113521
vt 0.087474 0.523850
vt 0.051223 0.540999
vt 0.110341 0.584544
vt 0.078264 0.631664
vt 0.512886 0.497650
vt 0.519175 0.485758
vt 0.523885 0.496071
vt 0.517198 0.504615
vt 0.513942 0.510305
vt 0.509438 0.505440
vt 0.495698 0.515772
vt 0.502741 0.520024
vt 0.494090 0.526680
vt 0.483729 0.522098
vt 0.503538 0.512309
vt 0.508468 0.516780
vt 0.505429 0.516269
vt 0.510158 0.519373
vt 0.505974 0.529893
vt 0.501029 0.528441
vt 0.495270 0.526913
vt 0.499015 0.512868
vt 0.514356 0.508219
vt 0.510950 0.501843
vt 0.524970 0.497995
vt 0.526523 0.503723
vt 0.528019 0.508651
vt 0.517527 0.512899
vt 0.491639 0.508001
vt 0.489015 0.523252
vt 0.485060 0.519637
vt 0.486778 0.504440
vt 0.506112 0.494517
vt 0.502615 0.489619
vt 0.517711 0.487862
vt 0.521322 0.491782
vt 0.480985 0.439457
vt 0.496090 0.425674
vt 0.500632 0.447842
vt 0.483091 0.452739
vt 0.473810 0.456879
vt 0.468704 0.450630
vt 0.474718 0.426867
vt 0.488131 0.409877
vt 0.437145 0.482992
vt 0.448270 0.471159
vt 0.454693 0.476421
vt 0.450772 0.485547
vt 0.445919 0.502477
vt 0.423312 0.497660
vt 0.407314 0.489303
vt 0.424441 0.476432
vt 0.435934 0.465516
vt 0.461022 0.456145
vt 0.469204 0.464203
vt 0.465084 0.467570
vt 0.456336 0.459025
vt 0.478299 0.463556
vt 0.485305 0.462484
vt 0.471818 0.473865
vt 0.469401 0.472116
vt 0.488980 0.471883
vt 0.500450 0.466387
vt 0.489578 0.490589
vt 0.491805 0.481098
vt 0.476700 0.479769
vt 0.511442 0.462544
vt 0.515328 0.437052
vt 0.526824 0.425113
vt 0.519878 0.459035
vt 0.459991 0.513597
vt 0.456765 0.522038
vt 0.422297 0.527739
vt 0.434497 0.516591
vt 0.464720 0.502654
vt 0.528136 0.462227
vt 0.534747 0.436079
vt 0.544304 0.434754
vt 0.533406 0.466164
vt 0.459254 0.530468
vt 0.463667 0.535216
vt 0.431674 0.545418
vt 0.433089 0.535895
vt 0.538816 0.468536
vt 0.529727 0.484681
vt 0.547482 0.449675
vt 0.465242 0.540894
vt 0.481924 0.531675
vt 0.446474 0.549116
vt 0.559838 0.441801
vt 0.564097 0.426410
vt 0.438367 0.561185
vt 0.422813 0.565017
vt 0.573481 0.390765
vt 0.557020 0.404021
vt 0.560457 0.372066
vt 0.575535 0.348673
vt 0.593923 0.314786
vt 0.589314 0.374181
vt 0.386888 0.573582
vt 0.344654 0.574855
vt 0.368346 0.560302
vt 0.400549 0.557433
vt 0.370069 0.589103
vt 0.310543 0.592663
vt 0.544232 0.413402
vt 0.544170 0.394226
vt 0.410191 0.544847
vt 0.390955 0.544546
vt 0.542351 0.355264
vt 0.524699 0.381724
vt 0.514012 0.340247
vt 0.534128 0.313291
vt 0.557299 0.290064
vt 0.559142 0.336304
vt 0.351942 0.541882
vt 0.309704 0.532976
vt 0.337034 0.513698
vt 0.378690 0.524933
vt 0.332505 0.558171
vt 0.286141 0.555581
vt 0.510613 0.406198
vt 0.502224 0.383261
vt 0.403422 0.511513
vt 0.380395 0.502787
vt 0.603744 0.359567
vt 0.616087 0.308127
vt 0.355260 0.603272
vt 0.303711 0.614802
vt 0.570601 0.323923
vt 0.579605 0.300748
vt 0.319913 0.569399
vt 0.296690 0.578046
vt 0.529775 0.292229
vt 0.513465 0.298556
vt 0.515649 0.270162
vt 0.534628 0.271237
vt 0.288613 0.528226
vt 0.295068 0.512115
vt 0.267528 0.532736
vt 0.266599 0.513826
vt 0.525971 0.253304
vt 0.507513 0.249558
vt 0.495434 0.234090
vt 0.513617 0.233429
vt 0.536607 0.229943
vt 0.544482 0.255397
vt 0.249811 0.523597
vt 0.230026 0.510941
vt 0.230796 0.492829
vt 0.246112 0.505227
vt 0.251637 0.542071
vt 0.226255 0.533810
vt 0.502485 0.214339
vt 0.483937 0.220421
vt 0.526249 0.203860
vt 0.211157 0.499402
vt 0.217331 0.481046
vt 0.200360 0.522903
vt 0.469690 0.419411
vt 0.481775 0.401640
vt 0.417017 0.471076
vt 0.398993 0.482763
vt 0.429252 0.460502
vt 0.495425 0.373989
vt 0.502877 0.341067
vt 0.371132 0.495985
vt 0.337851 0.502752
vt 0.502842 0.304231
vt 0.499772 0.271470
vt 0.301006 0.501749
vt 0.268133 0.498056
vt 0.492833 0.250630
vt 0.483375 0.236230
vt 0.247452 0.490625
vt 0.233151 0.480888
vt 0.473312 0.223073
vt 0.220148 0.470509
vt 0.858424 0.091033
vt 0.912082 0.126176
vt 0.890153 0.178202
vt 0.842764 0.148419
vt 0.786608 0.121083
vt 0.797262 0.063424
vt 0.087221 0.854325
vt 0.144728 0.839106
vt 0.174346 0.886754
vt 0.121988 0.908176
vt 0.059967 0.793014
vt 0.117645 0.782673
vt 0.730265 0.044240
vt 0.719362 0.098024
vt 0.654426 0.026195
vt 0.041096 0.725899
vt 0.094817 0.715035
vt 0.023449 0.649795
vt 0.565218 0.012569
vt 0.474835 0.012196
vt 0.010218 0.559817
vt 0.010000 0.468715
vt 0.956674 0.156976
vt 0.926275 0.200062
vt 0.152166 0.953191
vt 0.195610 0.923258
vt 0.563775 0.246175
vt 0.573826 0.256038
vt 0.561739 0.220606
vt 0.590198 0.222636
vt 0.242286 0.561217
vt 0.252006 0.571443
vt 0.218658 0.587261
vt 0.216752 0.558763
vt 0.583475 0.271769
vt 0.599137 0.264417
vt 0.267632 0.581395
vt 0.260119 0.596896
vt 0.623090 0.258576
vt 0.624038 0.208987
vt 0.662197 0.204593
vt 0.655978 0.257277
vt 0.254416 0.620897
vt 0.253216 0.653750
vt 0.201001 0.659111
vt 0.204920 0.620870
vt 0.695088 0.262638
vt 0.708787 0.210579
vt 0.759462 0.225740
vt 0.740269 0.275506
vt 0.258824 0.693186
vt 0.272009 0.738314
vt 0.222226 0.756575
vt 0.206863 0.705787
vt 0.790347 0.293821
vt 0.809982 0.249619
vt 0.867802 0.284549
vt 0.836196 0.325906
vt 0.770763 0.329408
vt 0.290276 0.788351
vt 0.322157 0.834668
vt 0.281124 0.865876
vt 0.246114 0.807357
vt 0.326118 0.769867
vt 0.870251 0.385499
vt 0.905665 0.367362
vt 0.930374 0.447153
vt 0.890013 0.457455
vt 0.380910 0.869657
vt 0.453751 0.890543
vt 0.443524 0.931014
vt 0.363811 0.905153
vt 0.553124 0.190736
vt 0.583114 0.175202
vt 0.187135 0.549469
vt 0.171501 0.579161
vt 0.615803 0.156343
vt 0.658465 0.146059
vt 0.152685 0.611724
vt 0.142765 0.654382
vt 0.714670 0.154591
vt 0.774024 0.174176
vt 0.151099 0.710950
vt 0.170721 0.770592
vt 0.826430 0.199341
vt 0.873220 0.224152
vt 0.195732 0.823242
vt 0.220570 0.870294
vt 0.905784 0.235541
vt 0.921384 0.286141
vt 0.231387 0.903077
vt 0.281886 0.919440
vt 0.951630 0.364621
vt 0.976799 0.446579
vt 0.360413 0.950781
vt 0.443211 0.977248
vt 0.990000 0.509555
vt 0.989557 0.558993
vt 0.954810 0.554354
vt 0.947630 0.514131
vt 0.506575 0.990000
vt 0.510981 0.947926
vt 0.551656 0.955018
vt 0.556302 0.989667
vt 0.969541 0.601001
vt 0.927591 0.584204
vt 0.942260 0.642127
vt 0.598734 0.969558
vt 0.581777 0.927982
vt 0.641025 0.942011
vt 0.905960 0.529357
vt 0.526002 0.906642
vt 0.758213 0.352540
vt 0.750086 0.365987
vt 0.349129 0.757487
vt 0.363052 0.750320
vt 0.920127 0.681210
vt 0.681463 0.919459
vt 0.721903 0.895965
vt 0.651012 0.422740
vt 0.657484 0.426791
vt 0.663389 0.398246
vt 0.670339 0.406204
vt 0.419665 0.651680
vt 0.422965 0.658554
vt 0.402507 0.670987
vt 0.394769 0.664047
vt 0.686849 0.379779
vt 0.689938 0.387621
vt 0.716301 0.372266
vt 0.714075 0.381209
vt 0.376524 0.687029
vt 0.384118 0.690794
vt 0.377712 0.714543
vt 0.368776 0.716631
vt 0.745765 0.375346
vt 0.740496 0.379466
vt 0.770306 0.391812
vt 0.762871 0.391333
vt 0.372126 0.745713
vt 0.376549 0.740910
vt 0.387490 0.763540
vt 0.388018 0.770987
vt 0.787018 0.416600
vt 0.780883 0.412889
vt 0.791683 0.445885
vt 0.787074 0.438493
vt 0.412395 0.787723
vt 0.409317 0.781450
vt 0.434504 0.788309
vt 0.441798 0.793224
vt 0.784531 0.480170
vt 0.784233 0.472423
vt 0.475752 0.786920
vt 0.468388 0.785306
vt 0.704565 0.395027
vt 0.697074 0.394219
vt 0.717793 0.388433
vt 0.719284 0.399418
vt 0.701249 0.403697
vt 0.687232 0.413845
vt 0.391763 0.705232
vt 0.384979 0.718286
vt 0.390810 0.697873
vt 0.410178 0.687690
vt 0.400430 0.701908
vt 0.396078 0.719753
vt 0.732281 0.382671
vt 0.739245 0.387393
vt 0.379827 0.732825
vt 0.384435 0.739855
vt 0.743985 0.396071
vt 0.758859 0.402306
vt 0.749218 0.415430
vt 0.735362 0.404423
vt 0.392905 0.744582
vt 0.398417 0.759864
vt 0.401585 0.736027
vt 0.411412 0.750408
vt 0.772025 0.409092
vt 0.771524 0.418278
vt 0.405469 0.772788
vt 0.414908 0.772373
vt 0.769538 0.426362
vt 0.778002 0.440344
vt 0.765428 0.440420
vt 0.757757 0.426616
vt 0.422857 0.770004
vt 0.436640 0.779224
vt 0.423074 0.758141
vt 0.436545 0.766674
vt 0.784402 0.459024
vt 0.779281 0.466682
vt 0.455012 0.785185
vt 0.462741 0.780444
vt 0.772833 0.474327
vt 0.758551 0.493753
vt 0.753843 0.481252
vt 0.768332 0.459577
vt 0.471154 0.775008
vt 0.491689 0.760850
vt 0.456524 0.768894
vt 0.479031 0.757242
vt 0.739549 0.506424
vt 0.729095 0.502438
vt 0.503097 0.741978
vt 0.498877 0.731657
vt 0.720205 0.494991
vt 0.729721 0.483912
vt 0.491156 0.722921
vt 0.480306 0.732590
vt 0.687541 0.481681
vt 0.677511 0.483072
vt 0.686326 0.468571
vt 0.695396 0.472130
vt 0.477693 0.689913
vt 0.479288 0.679868
vt 0.468095 0.697745
vt 0.464632 0.688347
vt 0.669940 0.481921
vt 0.672705 0.475750
vt 0.478308 0.672252
vt 0.472093 0.674880
vt 0.675932 0.471183
vt 0.670082 0.470334
vt 0.680781 0.463469
vt 0.682098 0.466274
vt 0.467405 0.678021
vt 0.466825 0.672138
vt 0.462340 0.684009
vt 0.459479 0.682650
vt 0.664919 0.469769
vt 0.668241 0.466742
vt 0.466411 0.666871
vt 0.463448 0.669995
vt 0.671750 0.463880
vt 0.666536 0.463260
vt 0.678378 0.458993
vt 0.679874 0.460917
vt 0.460834 0.673311
vt 0.459995 0.668205
vt 0.458075 0.680728
vt 0.456037 0.679658
vt 0.659978 0.460869
vt 0.662707 0.458829
vt 0.457336 0.661986
vt 0.455010 0.664720
vt 0.665973 0.457340
vt 0.662291 0.448502
vt 0.675002 0.450167
vt 0.674605 0.458782
vt 0.453438 0.668113
vt 0.444731 0.663908
vt 0.453670 0.677323
vt 0.445962 0.676657
vt 0.661447 0.435070
vt 0.667990 0.429503
vt 0.431323 0.662699
vt 0.425647 0.668914
vt 0.673662 0.423478
vt 0.679237 0.407794
vt 0.678129 0.432753
vt 0.419593 0.674329
vt 0.403759 0.679913
vt 0.428790 0.679021
vt 0.688471 0.395207
vt 0.391682 0.689374
vt 0.396605 0.024361
vt 0.321743 0.047894
vt 0.023740 0.389290
vt 0.048299 0.313940
vt 0.242195 0.085853
vt 0.158336 0.152346
vt 0.422265 0.394707
vt 0.434159 0.385104
vt 0.402724 0.403601
vt 0.392004 0.391921
vt 0.423460 0.392666
vt 0.427901 0.372937
vt 0.439494 0.378643
vt 0.440965 0.367779
vt 0.376817 0.439942
vt 0.365916 0.441280
vt 0.371379 0.428258
vt 0.383529 0.434747
vt 0.443695 0.358346
vt 0.431045 0.351950
vt 0.439448 0.332364
vt 0.446012 0.350030
vt 0.356337 0.443832
vt 0.350172 0.431077
vt 0.347919 0.445952
vt 0.330238 0.439157
vt 0.411132 0.389073
vt 0.406704 0.376596
vt 0.409103 0.370716
vt 0.423313 0.406655
vt 0.436788 0.446388
vt 0.398853 0.402719
vt 0.358429 0.359407
vt 0.367794 0.398530
vt 0.366937 0.386995
vt 0.427386 0.374474
vt 0.418461 0.340522
vt 0.393280 0.368359
vt 0.405898 0.320919
vt 0.371951 0.428910
vt 0.373957 0.408380
vt 0.368645 0.410173
vt 0.338396 0.418810
vt 0.319060 0.406181
vt 0.366724 0.394596
vt 0.385835 0.368780
vt 0.401525 0.314449
vt 0.414216 0.302949
vt 0.426372 0.306985
vt 0.408488 0.333329
vt 0.312872 0.401245
vt 0.301457 0.414057
vt 0.331638 0.408588
vt 0.304954 0.425937
vt 0.351898 0.386339
vt 0.321247 0.366964
vt 0.338709 0.339523
vt 0.326416 0.326140
vt 0.331227 0.377540
vt 0.294525 0.351621
vt 0.349518 0.355002
vt 0.350221 0.345391
vt 0.354448 0.350407
vt 0.344962 0.351001
vt 0.351977 0.295404
vt 0.366745 0.322372
vt 0.343976 0.340689
vt 0.312737 0.339026
vt 0.345567 0.322944
vt 0.373433 0.327744
vt 0.340266 0.345053
vt 0.339263 0.313603
vt 0.326968 0.374083
vt 0.322675 0.346197
vt 0.289658 0.366816
vt 0.268248 0.334891
vt 0.327382 0.327342
vt 0.334469 0.333325
vt 0.299167 0.316264
vt 0.271789 0.296359
vt 0.288622 0.318202
vt 0.299370 0.308884
vt 0.318944 0.289052
vt 0.309493 0.299682
vt 0.297377 0.271949
vt 0.335714 0.268581
vt 0.307576 0.305753
vt 0.287752 0.280815
vt 0.321220 0.282334
vt 0.331734 0.305538
vt 0.306329 0.307949
vt 0.281763 0.287668
vt 0.305648 0.332039
vt 0.282790 0.321346
vt 0.302197 0.283095
vt 0.288209 0.246842
vt 0.317024 0.318495
vt 0.302485 0.302420
vt 0.323509 0.260456
vt 0.340897 0.222644
vt 0.300859 0.242982
vt 0.339587 0.246078
vt 0.243968 0.300882
vt 0.245671 0.339176
vt 0.222464 0.338632
vt 0.247566 0.288613
vt 0.365071 0.246470
vt 0.368266 0.213995
vt 0.369582 0.239280
vt 0.245191 0.364306
vt 0.213023 0.365468
vt 0.238625 0.368388
vt 0.304478 0.255921
vt 0.321144 0.233785
vt 0.286633 0.285664
vt 0.353424 0.204632
vt 0.345556 0.216367
vt 0.204085 0.350444
vt 0.215895 0.342681
vt 0.331111 0.224131
vt 0.223771 0.328411
vt 0.233591 0.318682
vt 0.411468 0.249028
vt 0.401097 0.242997
vt 0.417362 0.260214
vt 0.393588 0.278296
vt 0.247386 0.410019
vt 0.241642 0.399719
vt 0.277132 0.393107
vt 0.258442 0.416491
vt 0.386915 0.243540
vt 0.375749 0.269900
vt 0.359245 0.266596
vt 0.375449 0.239072
vt 0.242705 0.385696
vt 0.269093 0.375066
vt 0.238300 0.374223
vt 0.265952 0.358468
vt 0.363946 0.292933
vt 0.351775 0.293216
vt 0.372988 0.302383
vt 0.292287 0.363765
vt 0.292845 0.351744
vt 0.301500 0.373185
vt 0.341173 0.292448
vt 0.337999 0.271919
vt 0.292398 0.341259
vt 0.271840 0.337562
vt 0.355117 0.253200
vt 0.364841 0.252156
vt 0.252388 0.353692
vt 0.251887 0.364268
vt 0.379890 0.234759
vt 0.234283 0.378656
vt 0.446574 0.325962
vt 0.447581 0.335049
vt 0.445647 0.316621
vt 0.323815 0.445985
vt 0.314404 0.445080
vt 0.332896 0.447317
vt 0.448099 0.343753
vt 0.341593 0.447942
vt 0.375612 0.311722
vt 0.396114 0.298278
vt 0.310851 0.375738
vt 0.296914 0.396097
vt 0.415944 0.276571
vt 0.421579 0.279033
vt 0.274916 0.415432
vt 0.277058 0.421367
vt 0.447888 0.303269
vt 0.443207 0.304105
vt 0.301029 0.447054
vt 0.301749 0.442380
vt 0.440214 0.307630
vt 0.434814 0.322162
vt 0.438783 0.292286
vt 0.305452 0.439650
vt 0.320071 0.434500
vt 0.290006 0.437942
vt 0.412648 0.357259
vt 0.424330 0.351883
vt 0.411895 0.376082
vt 0.355759 0.412804
vt 0.350071 0.424680
vt 0.374708 0.412424
vt 0.417787 0.293895
vt 0.430586 0.278495
vt 0.292332 0.416947
vt 0.276401 0.429360
vt 0.426078 0.340691
vt 0.338734 0.426168
vt 0.438731 0.278552
vt 0.276238 0.437453
vt 0.421511 0.405196
vt 0.419201 0.417721
vt 0.770560 0.862381
vt 0.734004 0.798894
vt 0.692798 0.743522
vt 0.656381 0.698736
vt 0.576149 0.605377
vt 0.599735 0.634094
vt 0.555086 0.579294
vt 0.627448 0.664647
vt 0.437221 0.452853
vt 0.443050 0.457545
vt 0.435191 0.450287
vt 0.426807 0.439615
vt 0.427921 0.441045
vt 0.424602 0.439278
vt 0.431841 0.445356
vt 0.422803 0.438316
vt 0.420187 0.438228
vt 0.415656 0.434384
vt 0.406034 0.428409
vt 0.250951 0.281557
vt 0.253874 0.288418
vt 0.246419 0.279412
vt 0.246532 0.276258
vt 0.244154 0.274275
vt 0.244332 0.272240
vt 0.244164 0.271228
vt 0.190697 0.251895
vt 0.202243 0.247099
vt 0.181690 0.258853
vt 0.243437 0.270873
vt 0.242318 0.269603
vt 0.212225 0.240658
vt 0.223046 0.242530
vt 0.231015 0.251653
vt 0.234409 0.260787
vt 0.238216 0.266532
vt 0.172166 0.261986
vt 0.159829 0.256400
vt 0.143596 0.249005
vt 0.121666 0.241230
vt 0.453527 0.463641
vt 0.461787 0.471732
vt 0.461634 0.480887
vt 0.460871 0.487810
vt 0.470811 0.491440
vt 0.489045 0.489576
vt 0.089859 0.234180
vt 0.393387 0.422941
vt 0.391812 0.423636
vt 0.385220 0.414099
vt 0.402520 0.427093
vt 0.396964 0.369705
vt 0.385592 0.353294
vt 0.377330 0.332204
vt 0.367304 0.289922
vt 0.317339 0.296977
vt 0.283312 0.304801
vt 0.260221 0.321765
vt 0.256187 0.302723
vt 0.403914 0.422344
vt 0.820482 0.947486
vt 0.874264 0.941548
vt 0.875546 0.968174
vt 0.846728 0.974090
vt 0.829057 0.989998
vt 0.792861 0.978575
vt 0.724728 0.964582
vt 0.798086 0.904204
vt 0.890121 0.886187
vt 0.079642 0.947487
vt 0.107265 0.978575
vt 0.071069 0.990000
vt 0.053397 0.974092
vt 0.024579 0.968177
vt 0.025858 0.941552
vt 0.010000 0.886190
vt 0.102034 0.904206
vt 0.175397 0.964581
vt 0.522738 0.120990
vt 0.546049 0.065170
vt 0.575093 0.086477
vt 0.557619 0.144086
vt 0.547507 0.193319
vt 0.510446 0.160246
vt 0.474631 0.126133
vt 0.487305 0.090652
vt 0.502245 0.038086
vt 0.707860 0.120989
vt 0.720153 0.160245
vt 0.683092 0.193317
vt 0.672981 0.144087
vt 0.655507 0.086477
vt 0.684552 0.065170
vt 0.728357 0.038083
vt 0.743296 0.090651
vt 0.755968 0.126132
vt 0.703489 0.455826
vt 0.641030 0.463696
vt 0.639728 0.395282
vt 0.697897 0.396508
vt 0.752071 0.373422
vt 0.770047 0.447688
vt 0.791638 0.529959
vt 0.717749 0.535654
vt 0.650337 0.541157
vt 0.196630 0.455822
vt 0.130072 0.447682
vt 0.148052 0.373417
vt 0.202224 0.396505
vt 0.260394 0.395281
vt 0.259089 0.463693
vt 0.249777 0.541155
vt 0.182365 0.535650
vt 0.108477 0.529954
vt 0.732154 0.619942
vt 0.659763 0.625792
vt 0.813541 0.613838
vt 0.836708 0.700268
vt 0.748976 0.712487
vt 0.672037 0.721814
vt 0.167959 0.619940
vt 0.086572 0.613835
vt 0.240349 0.625791
vt 0.228075 0.721813
vt 0.151137 0.712486
vt 0.063406 0.700267
vt 0.772045 0.816406
vt 0.691938 0.832300
vt 0.862205 0.791479
vt 0.128073 0.816404
vt 0.037912 0.791481
vt 0.208179 0.832299
vt 0.581274 0.462959
vt 0.587793 0.544531
vt 0.531193 0.546518
vt 0.526881 0.459685
vt 0.521743 0.383735
vt 0.574491 0.392255
vt 0.318843 0.462957
vt 0.373236 0.459684
vt 0.368919 0.546519
vt 0.312320 0.544531
vt 0.325632 0.392251
vt 0.378381 0.383732
vt 0.485554 0.458545
vt 0.487675 0.547137
vt 0.450056 0.547068
vt 0.450059 0.458306
vt 0.450062 0.380549
vt 0.482783 0.380811
vt 0.620469 0.834916
vt 0.637175 0.954170
vt 0.572824 0.947433
vt 0.557653 0.832003
vt 0.542699 0.727381
vt 0.603397 0.726326
vt 0.279647 0.834915
vt 0.342462 0.832003
vt 0.327302 0.947430
vt 0.262950 0.954167
vt 0.296715 0.726326
vt 0.357412 0.727382
vt 0.593998 0.630729
vt 0.535179 0.633810
vt 0.306113 0.630728
vt 0.364931 0.633810
vt 0.489610 0.634858
vt 0.493835 0.727905
vt 0.450055 0.728287
vt 0.450055 0.635032
vt 0.502771 0.831541
vt 0.512327 0.945760
vt 0.450063 0.946189
vt 0.450058 0.832000
vt 0.553419 0.319426
vt 0.552263 0.353437
vt 0.530760 0.339790
vt 0.535062 0.308931
vt 0.526148 0.263084
vt 0.541750 0.270616
vt 0.551632 0.268533
vt 0.563904 0.324522
vt 0.561387 0.379396
vt 0.677184 0.319426
vt 0.688849 0.270614
vt 0.704450 0.263081
vt 0.695538 0.308929
vt 0.699843 0.339787
vt 0.678343 0.353436
vt 0.669218 0.379394
vt 0.666698 0.324522
vt 0.678967 0.268532
vt 0.521853 0.225687
vt 0.499148 0.228652
vt 0.439221 0.220685
vt 0.489699 0.209375
vt 0.520941 0.205401
vt 0.539487 0.228701
vt 0.708744 0.225685
vt 0.740899 0.209373
vt 0.791378 0.220685
vt 0.731449 0.228648
vt 0.691111 0.228698
vt 0.709657 0.205399
vt 0.585406 0.322812
vt 0.579868 0.272155
vt 0.615300 0.270564
vt 0.615301 0.321457
vt 0.615302 0.379552
vt 0.587652 0.381250
vt 0.577381 0.231492
vt 0.551964 0.229379
vt 0.582573 0.194206
vt 0.615299 0.194373
vt 0.615299 0.232110
vt 0.587526 0.149419
vt 0.597267 0.091284
vt 0.615300 0.090077
vt 0.615299 0.148387
vt 0.435579 0.113264
vt 0.432441 0.127840
vt 0.405889 0.116578
vt 0.402469 0.101652
vt 0.385048 0.081111
vt 0.436840 0.100270
vt 0.470583 0.139479
vt 0.461814 0.148032
vt 0.795021 0.113264
vt 0.828133 0.101655
vt 0.824710 0.116581
vt 0.798158 0.127841
vt 0.768785 0.148031
vt 0.760017 0.139478
vt 0.793760 0.100270
vt 0.845553 0.081115
vt 0.506425 0.175472
vt 0.532892 0.203144
vt 0.494401 0.178937
vt 0.724173 0.175470
vt 0.697706 0.203142
vt 0.736197 0.178935
vt 0.443694 0.071044
vt 0.446674 0.042600
vt 0.406032 0.058642
vt 0.416936 0.042919
vt 0.786907 0.071044
vt 0.783930 0.042601
vt 0.813669 0.042921
vt 0.824570 0.058645
vt 0.545417 0.221989
vt 0.685180 0.221987
vt 0.678634 0.229378
vt 0.463906 0.193073
vt 0.438307 0.171601
vt 0.423704 0.218642
vt 0.406433 0.205006
vt 0.766692 0.193072
vt 0.792289 0.171602
vt 0.824164 0.205007
vt 0.806894 0.218643
vt 0.416148 0.153995
vt 0.390628 0.186201
vt 0.367485 0.171262
vt 0.392592 0.140583
vt 0.814451 0.153996
vt 0.838007 0.140587
vt 0.863113 0.171266
vt 0.839970 0.186203
vt 0.496994 0.292289
vt 0.489641 0.317585
vt 0.432937 0.293824
vt 0.445777 0.275524
vt 0.457515 0.250078
vt 0.498008 0.257833
vt 0.733606 0.292285
vt 0.732590 0.257829
vt 0.773082 0.250072
vt 0.784822 0.275517
vt 0.797663 0.293816
vt 0.740960 0.317580
vt 0.484568 0.234107
vt 0.451933 0.228421
vt 0.746028 0.234102
vt 0.778661 0.228413
vt 0.434220 0.030826
vt 0.454139 0.012341
vt 0.402742 0.032095
vt 0.394906 0.010000
vt 0.796385 0.030827
vt 0.776467 0.012341
vt 0.835700 0.010003
vt 0.827862 0.032098
vt 0.392234 0.046698
vt 0.374425 0.040313
vt 0.838369 0.046702
vt 0.856178 0.040318
vt 0.414564 0.458544
vt 0.412437 0.547138
vt 0.417342 0.380809
vt 0.410500 0.634858
vt 0.406275 0.727905
vt 0.397345 0.831542
vt 0.387799 0.945760
vt 0.645196 0.322811
vt 0.650732 0.272154
vt 0.642953 0.381249
vt 0.653217 0.231492
vt 0.648025 0.194205
vt 0.643073 0.149418
vt 0.633333 0.091285
vt 0.852315 0.628431
vt 0.879177 0.649450
vt 0.862862 0.671914
vt 0.840109 0.642844
vt 0.817356 0.613775
vt 0.825451 0.607413
vt 0.831094 0.601106
vt 0.859528 0.612109
vt 0.887961 0.623112
vt 0.149624 0.490614
vt 0.137418 0.476201
vt 0.160171 0.447131
vt 0.176487 0.469595
vt 0.185271 0.495932
vt 0.156837 0.506935
vt 0.128404 0.517939
vt 0.122761 0.511633
vt 0.114666 0.505271
vt 0.823768 0.653866
vt 0.807263 0.619676
vt 0.840272 0.688056
vt 0.813868 0.696638
vt 0.805226 0.660504
vt 0.796583 0.624370
vt 0.121078 0.465179
vt 0.104573 0.499369
vt 0.093893 0.494675
vt 0.102536 0.458542
vt 0.111178 0.422408
vt 0.137582 0.430989
vt 0.786414 0.661764
vt 0.786723 0.627110
vt 0.786106 0.696417
vt 0.759702 0.687838
vt 0.768995 0.657870
vt 0.778287 0.627902
vt 0.083724 0.457282
vt 0.084032 0.491935
vt 0.075597 0.491144
vt 0.066305 0.461176
vt 0.057012 0.431208
vt 0.083416 0.422628
vt 0.754628 0.649046
vt 0.771883 0.626751
vt 0.737373 0.671341
vt 0.721057 0.648881
vt 0.744592 0.636343
vt 0.768126 0.623803
vt 0.051938 0.470000
vt 0.069193 0.492295
vt 0.065436 0.495243
vt 0.041902 0.482703
vt 0.018367 0.470164
vt 0.034684 0.447704
vt 0.740162 0.620810
vt 0.712690 0.622413
vt 0.712690 0.594655
vt 0.741497 0.604064
vt 0.770303 0.613473
vt 0.767635 0.619207
vt 0.037472 0.498236
vt 0.010000 0.496632
vt 0.064945 0.499839
vt 0.067614 0.505573
vt 0.038807 0.514982
vt 0.010000 0.524390
vt 0.748753 0.587721
vt 0.776028 0.607116
vt 0.721477 0.568326
vt 0.737791 0.545871
vt 0.760963 0.573323
vt 0.784135 0.600774
vt 0.046063 0.531325
vt 0.073338 0.511930
vt 0.081445 0.518272
vt 0.058273 0.545723
vt 0.035102 0.573175
vt 0.018787 0.550719
vt 0.777160 0.562411
vt 0.793947 0.595090
vt 0.760373 0.529733
vt 0.786769 0.521152
vt 0.795635 0.555838
vt 0.804502 0.590522
vt 0.074470 0.556634
vt 0.091256 0.523956
vt 0.101812 0.528524
vt 0.092946 0.563209
vt 0.084080 0.597893
vt 0.057683 0.589312
vt 0.814683 0.554449
vt 0.814841 0.587530
vt 0.814525 0.521367
vt 0.840926 0.529938
vt 0.832347 0.558195
vt 0.823768 0.586452
vt 0.111994 0.564597
vt 0.112151 0.531515
vt 0.121078 0.532594
vt 0.129657 0.560850
vt 0.138237 0.589108
vt 0.111836 0.597679
vt 0.846673 0.567026
vt 0.830090 0.587625
vt 0.863256 0.546426
vt 0.879577 0.568880
vt 0.856556 0.579796
vt 0.833534 0.590710
vt 0.143983 0.552020
vt 0.127400 0.531420
vt 0.130844 0.528335
vt 0.153866 0.539250
vt 0.176888 0.550164
vt 0.160567 0.572618
vt 0.860891 0.595360
vt 0.833829 0.595372
vt 0.887954 0.595349
vt 0.158201 0.523685
vt 0.131139 0.523674
vt 0.185264 0.523696
vt 0.435445 0.933269
vt 0.427782 0.910641
vt 0.449541 0.907309
vt 0.454108 0.924105
vt 0.465111 0.937595
vt 0.449350 0.952679
vt 0.436799 0.963568
vt 0.420095 0.939998
vt 0.411103 0.912579
vt 0.721189 0.809973
vt 0.702526 0.800809
vt 0.707094 0.784012
vt 0.728852 0.787345
vt 0.745531 0.789281
vt 0.736539 0.816701
vt 0.719835 0.840272
vt 0.707284 0.829382
vt 0.691523 0.814298
vt 0.530410 0.924372
vt 0.532977 0.912961
vt 0.553321 0.923306
vt 0.543842 0.937882
vt 0.529237 0.947474
vt 0.518992 0.927005
vt 0.504432 0.898550
vt 0.626224 0.801075
vt 0.612792 0.814585
vt 0.603313 0.800009
vt 0.623658 0.789665
vt 0.652202 0.775253
vt 0.637642 0.803708
vt 0.627397 0.824177
vt 0.510174 0.934764
vt 0.499398 0.930191
vt 0.512947 0.953750
vt 0.495540 0.952940
vt 0.646460 0.811468
vt 0.657236 0.806895
vt 0.661094 0.829643
vt 0.643686 0.830453
vt 0.487684 0.931339
vt 0.478683 0.948481
vt 0.481683 0.921280
vt 0.668950 0.808042
vt 0.677951 0.825185
vt 0.674951 0.797983
vt 0.468863 0.966509
vt 0.491566 0.974063
vt 0.487678 0.989954
vt 0.460250 0.980632
vt 0.687771 0.843213
vt 0.665067 0.850767
vt 0.696382 0.857336
vt 0.668955 0.866657
vt 0.209624 0.713018
vt 0.234643 0.710148
vt 0.235795 0.716764
vt 0.212202 0.719134
vt 0.190017 0.727217
vt 0.185840 0.722028
vt 0.181769 0.711626
vt 0.208389 0.702123
vt 0.236701 0.699504
vt 0.567554 0.430570
vt 0.561711 0.433682
vt 0.543897 0.418416
vt 0.548644 0.413703
vt 0.552853 0.403773
vt 0.574424 0.422157
vt 0.590504 0.445546
vt 0.581232 0.451772
vt 0.574868 0.453606
vt 0.259930 0.713620
vt 0.264583 0.704226
vt 0.290269 0.717556
vt 0.282755 0.724643
vt 0.279853 0.730728
vt 0.258906 0.720215
vt 0.526834 0.401497
vt 0.527255 0.391247
vt 0.523176 0.407092
vt 0.500506 0.405013
vt 0.501496 0.398318
vt 0.498776 0.388246
vt 0.301108 0.744758
vt 0.309966 0.739067
vt 0.316236 0.767660
vt 0.306143 0.770305
vt 0.299456 0.769265
vt 0.295028 0.746985
vt 0.475988 0.403545
vt 0.470230 0.394730
vt 0.478261 0.409608
vt 0.462118 0.424905
vt 0.456011 0.422049
vt 0.448867 0.414587
vt 0.515538 0.973778
vt 0.538410 0.966528
vt 0.544507 0.981419
vt 0.516759 0.990000
vt 0.641095 0.850482
vt 0.639873 0.866703
vt 0.612125 0.858121
vt 0.618223 0.843230
vt 0.203706 0.673819
vt 0.240682 0.671825
vt 0.168716 0.685535
vt 0.148356 0.650773
vt 0.194794 0.635039
vt 0.244310 0.633238
vt 0.594273 0.401830
vt 0.565279 0.378763
vt 0.583783 0.345014
vt 0.623353 0.375094
vt 0.652817 0.414670
vt 0.616253 0.431547
vt 0.276701 0.679879
vt 0.292613 0.645652
vt 0.333922 0.671225
vt 0.308850 0.698524
vt 0.530951 0.364839
vt 0.536994 0.327839
vt 0.493782 0.361800
vt 0.488783 0.325244
vt 0.333518 0.726675
vt 0.364952 0.709903
vt 0.379312 0.758138
vt 0.342719 0.762863
vt 0.457663 0.371271
vt 0.440657 0.339963
vt 0.429697 0.396147
vt 0.402212 0.371281
vt 0.339403 0.800009
vt 0.376356 0.806328
vt 0.358832 0.852985
vt 0.325222 0.834230
vt 0.300306 0.821617
vt 0.313024 0.796115
vt 0.411292 0.428435
vt 0.376948 0.412778
vt 0.435728 0.440370
vt 0.431215 0.468285
vt 0.403508 0.464512
vt 0.364895 0.461173
vt 0.301938 0.863049
vt 0.328456 0.892328
vt 0.288661 0.921495
vt 0.272057 0.884806
vt 0.258251 0.858952
vt 0.281761 0.843049
vt 0.405778 0.501471
vt 0.367066 0.510674
vt 0.434045 0.496577
vt 0.443749 0.523125
vt 0.417755 0.536374
vt 0.383147 0.556993
vt 0.302777 0.795618
vt 0.290409 0.817334
vt 0.285731 0.812552
vt 0.297210 0.791918
vt 0.445157 0.444954
vt 0.451761 0.445929
vt 0.448482 0.469063
vt 0.441874 0.470264
vt 0.273400 0.836116
vt 0.252094 0.849633
vt 0.250309 0.843255
vt 0.270332 0.830250
vt 0.444930 0.495262
vt 0.451028 0.492637
vt 0.459277 0.514760
vt 0.454120 0.518977
vt 0.228230 0.858473
vt 0.231756 0.869046
vt 0.203542 0.871785
vt 0.203145 0.860645
vt 0.205021 0.854318
vt 0.228410 0.851871
vt 0.468485 0.539708
vt 0.459777 0.546608
vt 0.472423 0.534404
vt 0.489972 0.549547
vt 0.487892 0.555889
vt 0.481299 0.564928
vt 0.178379 0.856322
vt 0.175676 0.866839
vt 0.150741 0.852136
vt 0.157418 0.844285
vt 0.162716 0.840656
vt 0.182682 0.851262
vt 0.510344 0.566283
vt 0.507443 0.576625
vt 0.510383 0.559681
vt 0.532546 0.561915
vt 0.534691 0.568088
vt 0.536684 0.578315
vt 0.140736 0.825850
vt 0.132410 0.831118
vt 0.125881 0.804146
vt 0.136123 0.802229
vt 0.142311 0.800130
vt 0.146738 0.823759
vt 0.558277 0.563301
vt 0.563607 0.571588
vt 0.556143 0.557315
vt 0.572923 0.541214
vt 0.576591 0.546486
vt 0.584491 0.553104
vt 0.138110 0.777897
vt 0.127790 0.774918
vt 0.139684 0.748862
vt 0.148674 0.755524
vt 0.155000 0.757652
vt 0.144711 0.777986
vt 0.588473 0.525438
vt 0.599009 0.528062
vt 0.583381 0.521172
vt 0.586269 0.498811
vt 0.592610 0.500640
vt 0.603748 0.500159
vt 0.165001 0.736238
vt 0.158167 0.727478
vt 0.170275 0.740216
vt 0.590251 0.475571
vt 0.600797 0.471965
vt 0.583648 0.475440
vt 0.579052 0.910069
vt 0.579176 0.886271
vt 0.594599 0.882701
vt 0.594599 0.912468
vt 0.585626 0.940851
vt 0.571996 0.932796
vt 0.559481 0.907048
vt 0.558510 0.889689
vt 0.577583 0.786772
vt 0.562035 0.789171
vt 0.562035 0.759404
vt 0.577459 0.762974
vt 0.598125 0.766392
vt 0.597154 0.783751
vt 0.584638 0.809498
vt 0.571008 0.817552
vt 0.571384 0.863531
vt 0.584997 0.855080
vt 0.553866 0.872933
vt 0.542832 0.859385
vt 0.557322 0.843983
vt 0.567624 0.831621
vt 0.585250 0.740234
vt 0.571637 0.731783
vt 0.589009 0.708324
vt 0.599312 0.720685
vt 0.613802 0.736088
vt 0.602768 0.749637
vt 0.537701 0.830172
vt 0.514929 0.822673
vt 0.516013 0.806351
vt 0.543754 0.815074
vt 0.529192 0.848487
vt 0.512349 0.844010
vt 0.618933 0.706875
vt 0.612879 0.691778
vt 0.640620 0.683054
vt 0.641704 0.699377
vt 0.644284 0.720714
vt 0.627442 0.725191
vt 0.520824 0.865753
vt 0.526893 0.875811
vt 0.509171 0.866863
vt 0.635810 0.742457
vt 0.647464 0.743566
vt 0.629741 0.752514
vt 0.536987 0.881764
vt 0.535994 0.893417
vt 0.619647 0.758467
vt 0.620641 0.770120
vt 0.540671 0.904144
vt 0.615963 0.780847
vt 0.557711 0.952129
vt 0.568145 0.964290
vt 0.598923 0.828831
vt 0.588488 0.840991
vt 0.491004 0.823031
vt 0.487050 0.806970
vt 0.494933 0.843180
vt 0.478710 0.849470
vt 0.468230 0.830337
vt 0.459545 0.816170
vt 0.665629 0.699734
vt 0.669583 0.683673
vt 0.697088 0.692872
vt 0.688403 0.707040
vt 0.677924 0.726174
vt 0.661701 0.719883
vt 0.471523 0.915350
vt 0.472611 0.903664
vt 0.685111 0.792054
vt 0.684023 0.780367
vt 0.467876 0.892909
vt 0.448564 0.889929
vt 0.454735 0.873653
vt 0.475633 0.884082
vt 0.688758 0.769613
vt 0.708070 0.766632
vt 0.681001 0.760785
vt 0.701899 0.750356
vt 0.427882 0.886738
vt 0.411185 0.884161
vt 0.419675 0.857041
vt 0.434994 0.863917
vt 0.728752 0.763441
vt 0.721640 0.740619
vt 0.736959 0.733744
vt 0.745449 0.760864
vt 0.449121 0.844652
vt 0.436514 0.833608
vt 0.464153 0.859015
vt 0.707512 0.721355
vt 0.720119 0.710311
vt 0.692481 0.735717
vt 0.498347 0.862237
vt 0.489593 0.870020
vt 0.658287 0.738941
vt 0.667041 0.746723
vt 0.478119 0.872611
vt 0.678515 0.749315
vt 0.237498 0.897834
vt 0.242379 0.937989
vt 0.193257 0.940623
vt 0.200617 0.901080
vt 0.438568 0.566876
vt 0.411414 0.596811
vt 0.467149 0.590407
vt 0.450176 0.626530
vt 0.164122 0.892926
vt 0.145687 0.927690
vt 0.105044 0.899820
vt 0.132103 0.872938
vt 0.501888 0.604365
vt 0.496277 0.643211
vt 0.539396 0.606081
vt 0.545476 0.643651
vt 0.108245 0.843286
vt 0.074014 0.860628
vt 0.060486 0.812449
vt 0.098099 0.806650
vt 0.575955 0.595662
vt 0.593552 0.629764
vt 0.605429 0.571585
vt 0.632511 0.598442
vt 0.100094 0.769156
vt 0.061293 0.763254
vt 0.078317 0.717279
vt 0.114312 0.734522
vt 0.625180 0.539420
vt 0.660078 0.557595
vt 0.633062 0.502865
vt 0.672658 0.509930
vt 0.138059 0.706118
vt 0.108326 0.678740
vt 0.629541 0.466008
vt 0.669658 0.460827
vt 0.175549 0.586440
vt 0.240163 0.581775
vt 0.115951 0.609482
vt 0.385363 0.266306
vt 0.368237 0.323253
vt 0.318551 0.298470
vt 0.331978 0.258391
vt 0.330674 0.216039
vt 0.385363 0.206873
vt 0.665326 0.345343
vt 0.614118 0.304626
vt 0.774082 0.012126
vt 0.833515 0.012126
vt 0.824349 0.066815
vt 0.781997 0.065513
vt 0.741917 0.078941
vt 0.717135 0.029256
vt 0.702177 0.398685
vt 0.065515 0.648593
vt 0.029064 0.700887
vt 0.333305 0.371352
vt 0.285962 0.407354
vt 0.260280 0.358051
vt 0.294738 0.333542
vt 0.721665 0.460166
vt 0.669038 0.064190
vt 0.706848 0.102756
vt 0.682339 0.137215
vt 0.633034 0.111535
vt 0.722148 0.524866
vt 0.010000 0.761983
vt 0.010612 0.825142
vt 0.229413 0.425740
vt 0.169943 0.427022
vt 0.178094 0.371989
vt 0.220414 0.372453
vt 0.702468 0.586372
vt 0.614653 0.168086
vt 0.667940 0.177082
vt 0.668404 0.219402
vt 0.613371 0.227557
vt 0.665326 0.638387
vt 0.028175 0.883445
vt 0.064855 0.932335
vt 0.113376 0.408642
vt 0.064523 0.374717
vt 0.103414 0.334936
vt 0.137400 0.360221
vt 0.616711 0.675430
vt 0.631754 0.284122
vt 0.680172 0.260095
vt 0.705461 0.294081
vt 0.665680 0.332974
vt 0.558542 0.693428
vt 0.116592 0.969863
vt 0.177951 0.990000
vt 0.029570 0.326586
vt 0.010000 0.270435
vt 0.064795 0.261058
vt 0.077444 0.301516
vt 0.495390 0.694512
vt 0.713813 0.367925
vt 0.738880 0.320049
vt 0.779338 0.332696
vt 0.769967 0.387492
vt 0.434153 0.675905
vt 0.120804 0.278384
vt 0.122934 0.250519
vt 0.198681 0.236711
vt 0.144756 0.292328
vt 0.762010 0.276688
vt 0.748066 0.252737
vt 0.803682 0.198810
vt 0.789875 0.274557
vt 0.111888 0.225279
vt 0.063468 0.218795
vt 0.076987 0.178618
vt 0.129874 0.203909
vt 0.815117 0.285602
vt 0.821604 0.334022
vt 0.836484 0.267615
vt 0.861781 0.320501
vt 0.135885 0.177134
vt 0.162857 0.170314
vt 0.100780 0.143680
vt 0.135296 0.119100
vt 0.863260 0.261603
vt 0.870079 0.234631
vt 0.921293 0.262190
vt 0.896713 0.296706
vt 0.183538 0.152300
vt 0.175095 0.104849
vt 0.217432 0.105213
vt 0.209249 0.162502
vt 0.888090 0.213949
vt 0.935544 0.222391
vt 0.877889 0.188239
vt 0.935177 0.180054
vt 0.236658 0.160167
vt 0.251379 0.183405
vt 0.258030 0.117092
vt 0.292046 0.142236
vt 0.880224 0.160830
vt 0.856986 0.146109
vt 0.898152 0.105441
vt 0.923298 0.139457
vt 0.275054 0.197707
vt 0.317947 0.175726
vt 0.273222 0.225071
vt 0.842681 0.122435
vt 0.864662 0.079541
vt 0.815316 0.124268
vt 0.284105 0.250675
vt 0.266419 0.271658
vt 0.789712 0.113385
vt 0.768733 0.131072
vt 0.260285 0.298906
vt 0.233505 0.305381
vt 0.741485 0.137208
vt 0.735009 0.163989
vt 0.212605 0.323932
vt 0.187014 0.313293
vt 0.716458 0.184889
vt 0.727097 0.210480
vt 0.159292 0.316100
vt 0.724293 0.238202
vt 0.242653 0.990000
vt 0.304276 0.970972
vt 0.010030 0.210954
vt 0.027199 0.154044
vt 0.381587 0.639846
vt 0.829445 0.387459
vt 0.886355 0.370288
vt 0.342101 0.589705
vt 0.357893 0.934521
vt 0.398991 0.883621
vt 0.062186 0.105955
vt 0.109513 0.070005
vt 0.318613 0.530281
vt 0.934441 0.335299
vt 0.970391 0.287971
vt 0.313465 0.465705
vt 0.423082 0.820995
vt 0.425915 0.751211
vt 0.166065 0.051673
vt 0.225480 0.050390
vt 0.328189 0.401084
vt 0.988720 0.231419
vt 0.990000 0.172004
vt 0.364903 0.341802
vt 0.406293 0.686117
vt 0.363679 0.634138
vt 0.281997 0.068785
vt 0.330834 0.102662
vt 0.416563 0.298801
vt 0.971603 0.115488
vt 0.937726 0.066653
vt 0.481509 0.278693
vt 0.304671 0.596982
vt 0.365754 0.150750
vt 0.551313 0.281005
vt 0.889637 0.031735
vt 0.083303 0.630613
vt 0.119661 0.626607
vt 0.225855 0.620692
vt 0.121068 0.628661
vt 0.038434 0.639139
vt 0.010000 0.642790
vt 0.036134 0.636345
vt 0.171785 0.515016
vt 0.194836 0.514349
vt 0.259712 0.514349
vt 0.194048 0.515646
vt 0.143215 0.519818
vt 0.126907 0.520413
vt 0.144118 0.517395
vt 0.155958 0.621240
vt 0.118406 0.624780
vt 0.223638 0.615615
vt 0.226388 0.617485
vt 0.216140 0.514194
vt 0.193503 0.516883
vt 0.258163 0.515228
vt 0.256622 0.515965
vt 0.289799 0.619797
vt 0.319333 0.622380
vt 0.414426 0.634289
vt 0.320179 0.624227
vt 0.263978 0.557939
vt 0.246140 0.566308
vt 0.193534 0.585858
vt 0.246182 0.565199
vt 0.349076 0.624030
vt 0.318627 0.620951
vt 0.413343 0.631556
vt 0.412175 0.632432
vt 0.234277 0.580229
vt 0.245505 0.564548
vt 0.195056 0.584899
vt 0.194354 0.584368
vt 0.481733 0.641521
vt 0.518083 0.641454
vt 0.573503 0.642790
vt 0.518820 0.642738
vt 0.152364 0.585191
vt 0.129853 0.583673
vt 0.096744 0.580521
vt 0.130374 0.582939
vt 0.182991 0.490001
vt 0.158160 0.490671
vt 0.085324 0.489093
vt 0.157073 0.489371
vt 0.213971 0.488780
vt 0.233695 0.489371
vt 0.215619 0.490784
vt 0.399112 0.792848
vt 0.354719 0.794563
vt 0.231916 0.796520
vt 0.356544 0.792305
vt 0.455009 0.790870
vt 0.486011 0.793056
vt 0.452221 0.794360
vt 0.133263 0.491437
vt 0.159083 0.491858
vt 0.087324 0.492407
vt 0.085126 0.490905
vt 0.313848 0.791461
vt 0.358104 0.790249
vt 0.231380 0.793428
vt 0.234856 0.790770
vt 0.039689 0.487003
vt 0.029405 0.506228
vt 0.025349 0.563082
vt 0.028248 0.506786
vt 0.157324 0.796405
vt 0.121330 0.796338
vt 0.012999 0.794563
vt 0.122808 0.794505
vt 0.010000 0.515595
vt 0.029912 0.507260
vt 0.026477 0.560579
vt 0.025593 0.560884
vt 0.087661 0.794615
vt 0.123781 0.792956
vt 0.011100 0.797105
vt 0.010000 0.795861
vt 0.066255 0.585387
vt 0.089044 0.594945
vt 0.123451 0.610641
vt 0.089260 0.595927
vt 0.089350 0.775587
vt 0.128127 0.756073
vt 0.185967 0.729211
vt 0.127771 0.757770
vt 0.141047 0.982238
vt 0.205154 0.977677
vt 0.395649 0.968096
vt 0.208160 0.980870
vt 0.061111 0.988990
vt 0.010000 0.990000
vt 0.056524 0.984432
vt 0.260207 0.714696
vt 0.218135 0.716733
vt 0.099534 0.716733
vt 0.219895 0.714618
vt 0.312911 0.708721
vt 0.342203 0.707250
vt 0.310417 0.711622
vt 0.269358 0.972120
vt 0.202492 0.974833
vt 0.390776 0.959076
vt 0.395226 0.964627
vt 0.179568 0.715575
vt 0.221381 0.712673
vt 0.100081 0.714559
vt 0.104570 0.711800
vt 0.512463 0.964606
vt 0.568365 0.966396
vt 0.738153 0.972600
vt 0.570093 0.969533
vt 0.012033 0.707569
vt 0.030722 0.684346
vt 0.095962 0.650152
vt 0.030410 0.686531
vt 0.624514 0.964366
vt 0.566832 0.964061
vt 0.736353 0.963699
vt 0.736936 0.969205
vt 0.010000 0.667709
vt 0.031469 0.685052
vt 0.094144 0.652110
vt 0.093702 0.655612
vt 0.848821 0.979056
vt 0.904857 0.982244
vt 0.990000 0.990000
vt 0.905691 0.984704
vt 0.164950 0.653791
vt 0.200791 0.654604
vt 0.253680 0.657506
vt 0.200097 0.656072
vt 0.601199 0.877535
vt 0.578653 0.877117
vt 0.498034 0.870024
vt 0.578953 0.875625
vt 0.535979 0.875293
vt 0.505536 0.871868
vt 0.526194 0.870066
vt 0.427157 0.524007
vt 0.406617 0.533658
vt 0.342634 0.562757
vt 0.406183 0.532958
vt 0.451121 0.508880
vt 0.466517 0.501334
vt 0.452104 0.510277
vt 0.604758 0.880626
vt 0.579077 0.875840
vt 0.499546 0.875241
vt 0.500890 0.872876
vt 0.386099 0.543584
vt 0.405757 0.532382
vt 0.343154 0.561000
vt 0.341994 0.560098
vt 0.411050 0.867833
vt 0.364867 0.871468
vt 0.295704 0.875840
vt 0.364858 0.870218
vt 0.291890 0.564050
vt 0.281374 0.539043
vt 0.274245 0.501334
vt 0.282036 0.538857
vt 0.383712 0.493955
vt 0.368070 0.502480
vt 0.325757 0.500753
vt 0.368426 0.501925
vt 0.361024 0.474865
vt 0.347919 0.468689
vt 0.360173 0.469919
vt 0.451009 0.610383
vt 0.391925 0.609888
vt 0.218043 0.602973
vt 0.391683 0.608014
vt 0.524718 0.606725
vt 0.569394 0.607388
vt 0.525231 0.609888
vt 0.365883 0.520623
vt 0.368613 0.502396
vt 0.325502 0.501925
vt 0.325157 0.501129
vt 0.332713 0.607593
vt 0.391453 0.606360
vt 0.220275 0.603674
vt 0.221872 0.601808
vt 0.291801 0.487969
vt 0.275388 0.482494
vt 0.251118 0.473721
vt 0.275666 0.482028
vt 0.326779 0.584790
vt 0.377254 0.575051
vt 0.453646 0.562417
vt 0.377872 0.576550
vt 0.346047 0.657830
vt 0.385702 0.660189
vt 0.502515 0.674392
vt 0.385057 0.662204
vt 0.296375 0.656458
vt 0.267193 0.653550
vt 0.297272 0.653267
vt 0.221255 0.813588
vt 0.168599 0.815435
vt 0.010000 0.821136
vt 0.167958 0.812670
vt 0.286908 0.809909
vt 0.327198 0.812177
vt 0.287914 0.814647
vt 0.425344 0.662050
vt 0.386223 0.658388
vt 0.503307 0.672590
vt 0.503257 0.671670
vt 0.114748 0.811954
vt 0.167392 0.810222
vt 0.010370 0.824917
vt 0.010048 0.823723
vt 0.425700 0.683911
vt 0.386768 0.684697
vt 0.272212 0.683403
vt 0.386915 0.682976
vt 0.114714 0.828671
vt 0.166712 0.827787
vt 0.321002 0.828938
vt 0.166924 0.830096
vt 0.347961 0.687799
vt 0.386775 0.686059
vt 0.271454 0.686310
vt 0.271840 0.685895
vt 0.219096 0.831612
vt 0.167003 0.831924
vt 0.321795 0.832288
vt 0.321053 0.832469
vt 0.340627 0.653444
vt 0.377348 0.654905
vt 0.432488 0.653550
vt 0.377483 0.656162
vt 0.421582 0.829372
vt 0.470843 0.826268
vt 0.544694 0.823723
vt 0.470809 0.827965
vt 0.165451 0.537881
vt 0.134267 0.538106
vt 0.042797 0.537108
vt 0.134599 0.537108
vt 0.204338 0.540498
vt 0.227232 0.543248
vt 0.203724 0.542223
vt 0.559157 0.524249
vt 0.544264 0.517001
vt 0.499599 0.517001
vt 0.543852 0.516353
vt 0.528072 0.545685
vt 0.516605 0.549558
vt 0.530720 0.541822
vt 0.103169 0.536406
vt 0.133933 0.538981
vt 0.042149 0.537845
vt 0.042164 0.538319
vt 0.548464 0.499374
vt 0.544451 0.516601
vt 0.499399 0.516076
vt 0.499511 0.515758
vt 0.096042 0.565632
vt 0.125485 0.563063
vt 0.169268 0.563069
vt 0.125266 0.563941
vt 0.459856 0.529962
vt 0.440839 0.537582
vt 0.411864 0.548346
vt 0.440470 0.537065
vt 0.443646 0.918267
vt 0.366848 0.919733
vt 0.155947 0.915857
vt 0.367062 0.916659
vt 0.539681 0.916777
vt 0.597044 0.919099
vt 0.539330 0.921411
vt 0.305581 0.849993
vt 0.253119 0.850268
vt 0.108668 0.850268
vt 0.253007 0.848163
vt 0.371136 0.848724
vt 0.410630 0.851011
vt 0.371328 0.852067
vt 0.290162 0.920854
vt 0.366726 0.922487
vt 0.157904 0.921340
vt 0.149595 0.919664
vt 0.200488 0.846486
vt 0.252939 0.846283
vt 0.104279 0.847723
vt 0.109728 0.845995
vt 0.010000 0.914486
vt 0.043661 0.914048
vt 0.137065 0.912684
vt 0.043473 0.916659
vt 0.010000 0.860026
vt 0.032653 0.868673
vt 0.097777 0.887515
vt 0.032631 0.870480
vt 0.012601 0.909319
vt 0.043721 0.916070
vt 0.135742 0.908487
vt 0.136766 0.911415
vt 0.013881 0.886752
vt 0.032384 0.869158
vt 0.097615 0.888363
vt 0.096834 0.890338
vt 0.234032 0.908443
vt 0.281999 0.905294
vt 0.419832 0.898013
vt 0.282057 0.907037
vt 0.164193 0.888661
vt 0.197071 0.887302
vt 0.293185 0.886414
vt 0.197095 0.888493
vt 0.330038 0.902208
vt 0.281923 0.903942
vt 0.423064 0.898251
vt 0.421376 0.896859
vt 0.229840 0.889545
vt 0.197030 0.889419
vt 0.292192 0.885516
vt 0.291156 0.886612
vt 0.334734 0.902903
vt 0.293799 0.906546
vt 0.232365 0.910419
vt 0.293692 0.905293
vt 0.233544 0.875365
vt 0.205440 0.877343
vt 0.163283 0.877755
vt 0.205410 0.876483
vt 0.585764 0.938055
vt 0.519399 0.940390
vt 0.331080 0.936474
vt 0.519535 0.937722
vt 0.668760 0.935482
vt 0.718375 0.936871
vt 0.668525 0.939799
vt 0.450976 0.700658
vt 0.491782 0.706745
vt 0.522942 0.760879
vt 0.492751 0.708551
vt 0.399067 0.704758
vt 0.367548 0.702171
vt 0.398630 0.700707
vt 0.453072 0.941898
vt 0.519308 0.942796
vt 0.331147 0.942640
vt 0.327656 0.941189
vt 0.559749 0.715908
vt 0.493822 0.710077
vt 0.518079 0.758402
vt 0.519847 0.756760
vt 0.215830 0.940345
vt 0.163195 0.941364
vt 0.011954 0.934440
vt 0.162954 0.939158
vt 0.448717 0.766123
vt 0.415501 0.769077
vt 0.321349 0.777866
vt 0.415516 0.767685
vt 0.110589 0.940087
vt 0.163384 0.943075
vt 0.012533 0.937722
vt 0.010000 0.937428
vt 0.382555 0.771336
vt 0.415511 0.766600
vt 0.320541 0.775742
vt 0.319045 0.775517
vt 0.101949 0.961066
vt 0.145271 0.958238
vt 0.210606 0.959732
vt 0.145694 0.959780
vt 0.262171 0.769216
vt 0.234775 0.766350
vt 0.194253 0.760879
vt 0.235156 0.765417
vt 0.722070 0.371959
vt 0.683393 0.354591
vt 0.679727 0.337964
vt 0.719934 0.365279
vt 0.563999 0.581604
vt 0.557779 0.583781
vt 0.545890 0.543683
vt 0.558392 0.547218
vt 0.565338 0.545643
vt 0.569919 0.581229
vt 0.722773 0.378235
vt 0.680410 0.361051
vt 0.531051 0.728776
vt 0.537729 0.730914
vt 0.565051 0.771117
vt 0.548424 0.767452
vt 0.541965 0.770434
vt 0.524776 0.728074
vt 0.052913 0.737227
vt 0.046993 0.736852
vt 0.051564 0.701264
vt 0.058508 0.702837
vt 0.071013 0.699299
vt 0.059133 0.739401
vt 0.554065 0.525434
vt 0.545687 0.516200
vt 0.548245 0.493454
vt 0.558440 0.518805
vt 0.062831 0.681052
vt 0.058455 0.674423
vt 0.068643 0.649069
vt 0.071206 0.671815
vt 0.566550 0.517077
vt 0.564317 0.492888
vt 0.579151 0.493920
vt 0.576434 0.517179
vt 0.575705 0.545384
vt 0.570841 0.545399
vt 0.574064 0.581604
vt 0.577411 0.581759
vt 0.722610 0.382537
vt 0.722070 0.385835
vt 0.677167 0.375862
vt 0.678513 0.368308
vt 0.502906 0.228076
vt 0.471717 0.230394
vt 0.467455 0.201090
vt 0.499523 0.201836
vt 0.531498 0.205524
vt 0.534412 0.228940
vt 0.535875 0.253160
vt 0.503985 0.254936
vt 0.473280 0.260236
vt 0.674975 0.947907
vt 0.674106 0.916402
vt 0.697523 0.919312
vt 0.701216 0.951286
vt 0.701964 0.983353
vt 0.672661 0.979096
vt 0.642819 0.977536
vt 0.648117 0.946830
vt 0.649886 0.914943
vt 0.494053 0.170418
vt 0.527617 0.176917
vt 0.460804 0.167660
vt 0.308422 0.342437
vt 0.300969 0.309646
vt 0.336642 0.293565
vt 0.341957 0.328242
vt 0.343537 0.365087
vt 0.313346 0.376412
vt 0.732636 0.956751
vt 0.735394 0.990000
vt 0.726131 0.923188
vt 0.308430 0.497994
vt 0.303513 0.531969
vt 0.273319 0.520651
vt 0.274893 0.483805
vt 0.280201 0.449128
vt 0.315876 0.465203
vt 0.382242 0.318056
vt 0.380832 0.280979
vt 0.432352 0.270749
vt 0.421873 0.316623
vt 0.413406 0.357829
vt 0.378295 0.357707
vt 0.234606 0.473628
vt 0.194972 0.472204
vt 0.184485 0.426333
vt 0.236008 0.436552
vt 0.238561 0.513277
vt 0.203451 0.513407
vt 0.455952 0.784128
vt 0.445465 0.816658
vt 0.432290 0.807468
vt 0.440076 0.774769
vt 0.447857 0.739528
vt 0.465358 0.748105
vt 0.482864 0.756149
vt 0.471131 0.792402
vt 0.456433 0.831059
vt 0.161047 0.939730
vt 0.176916 0.930359
vt 0.184729 0.963053
vt 0.171558 0.972251
vt 0.160603 0.986661
vt 0.145875 0.948015
vt 0.134118 0.911767
vt 0.151619 0.903710
vt 0.169113 0.895122
vt 0.190765 0.308968
vt 0.198764 0.309855
vt 0.184702 0.324328
vt 0.179501 0.317285
vt 0.436670 0.827235
vt 0.426297 0.820749
vt 0.437590 0.834412
vt 0.253383 0.257366
vt 0.242123 0.249044
vt 0.247329 0.242003
vt 0.261381 0.256480
vt 0.180363 0.982822
vt 0.179450 0.990000
vt 0.190731 0.976329
vt 0.470224 0.726391
vt 0.488256 0.734685
vt 0.452851 0.717854
vt 0.457570 0.696906
vt 0.473673 0.705848
vt 0.491048 0.714705
vt 0.146739 0.881997
vt 0.164107 0.873449
vt 0.128712 0.890304
vt 0.125910 0.870322
vt 0.143280 0.861454
vt 0.159377 0.852502
vt 0.479676 0.673978
vt 0.496358 0.683710
vt 0.464846 0.664310
vt 0.472444 0.628582
vt 0.486327 0.639291
vt 0.502523 0.650394
vt 0.137261 0.829583
vt 0.152085 0.819906
vt 0.120586 0.839325
vt 0.114409 0.806007
vt 0.130597 0.794895
vt 0.144478 0.784178
vt 0.505161 0.741177
vt 0.509001 0.722303
vt 0.871092 0.267632
vt 0.852780 0.277267
vt 0.847149 0.260844
vt 0.866056 0.252873
vt 0.888323 0.246328
vt 0.892789 0.259567
vt 0.498142 0.761794
vt 0.635281 0.579737
vt 0.650043 0.584770
vt 0.642083 0.603679
vt 0.625661 0.598050
vt 0.111815 0.896809
vt 0.107962 0.877934
vt 0.118843 0.917424
vt 0.643331 0.558037
vt 0.656574 0.562498
vt 0.931222 0.249693
vt 0.927959 0.238422
vt 0.967265 0.231465
vt 0.969328 0.241364
vt 0.483149 0.797765
vt 0.468317 0.833426
vt 0.133860 0.953387
vt 0.148723 0.989037
vt 0.653176 0.519601
vt 0.661466 0.481489
vt 0.671367 0.483545
vt 0.664450 0.522858
vt 0.223757 0.292354
vt 0.216986 0.301273
vt 0.202104 0.290534
vt 0.207301 0.279081
vt 0.990000 0.237742
vt 0.988541 0.228034
vt 0.231709 0.285951
vt 0.239076 0.296089
vt 0.231526 0.302062
vt 0.225528 0.310669
vt 0.665068 0.460813
vt 0.674777 0.462264
vt 0.286364 0.273991
vt 0.269901 0.287257
vt 0.264712 0.275802
vt 0.279599 0.265069
vt 0.288143 0.255676
vt 0.294138 0.264286
vt 0.301686 0.270263
vt 0.294315 0.280398
vt 0.209466 0.315957
vt 0.220295 0.325170
vt 0.214404 0.343607
vt 0.201366 0.331192
vt 0.272086 0.250381
vt 0.282918 0.241173
vt 0.263990 0.235143
vt 0.277033 0.222733
vt 0.194077 0.341120
vt 0.179796 0.336759
vt 0.202855 0.349772
vt 0.194190 0.353504
vt 0.188279 0.347461
vt 0.176989 0.345447
vt 0.256709 0.225213
vt 0.265487 0.216563
vt 0.242427 0.229570
vt 0.239623 0.220881
vt 0.250914 0.218869
vt 0.256824 0.212828
vt 0.184309 0.350937
vt 0.186428 0.355825
vt 0.177346 0.358635
vt 0.175420 0.351177
vt 0.246943 0.215392
vt 0.249062 0.210505
vt 0.238054 0.215151
vt 0.239980 0.207693
vt 0.188238 0.364805
vt 0.196681 0.361993
vt 0.196478 0.368439
vt 0.190343 0.373194
vt 0.184123 0.377250
vt 0.181862 0.368510
vt 0.250875 0.201525
vt 0.252980 0.193137
vt 0.259113 0.197893
vt 0.259315 0.204339
vt 0.244496 0.197819
vt 0.246762 0.189079
vt 0.193300 0.376813
vt 0.186146 0.380929
vt 0.201264 0.369766
vt 0.207516 0.371662
vt 0.197521 0.380244
vt 0.187053 0.385130
vt 0.255936 0.189518
vt 0.263901 0.196568
vt 0.248782 0.185401
vt 0.249692 0.181200
vt 0.260158 0.186088
vt 0.270152 0.194674
vt 0.204928 0.360002
vt 0.212927 0.360089
vt 0.267560 0.206334
vt 0.275561 0.206250
vt 0.221430 0.363361
vt 0.225873 0.349053
vt 0.232870 0.355755
vt 0.227512 0.368912
vt 0.220629 0.377903
vt 0.215048 0.375822
vt 0.284064 0.202981
vt 0.290149 0.197432
vt 0.295505 0.210591
vt 0.288503 0.217291
vt 0.277685 0.190517
vt 0.283268 0.188439
vt 0.229689 0.334517
vt 0.237569 0.343417
vt 0.233519 0.322360
vt 0.242281 0.333159
vt 0.292314 0.231829
vt 0.300197 0.222932
vt 0.304905 0.233193
vt 0.296139 0.243988
vt 0.238849 0.314309
vt 0.247574 0.325278
vt 0.246003 0.308149
vt 0.253533 0.318852
vt 0.301466 0.252042
vt 0.310196 0.241077
vt 0.316150 0.247506
vt 0.308618 0.258205
vt 0.194405 0.396005
vt 0.189672 0.393832
vt 0.195848 0.392506
vt 0.205230 0.398244
vt 0.200222 0.402017
vt 0.195221 0.404174
vt 0.257047 0.170327
vt 0.258487 0.173826
vt 0.252311 0.172499
vt 0.257862 0.162158
vt 0.262863 0.164317
vt 0.267871 0.168092
vt 0.204974 0.386401
vt 0.215152 0.388210
vt 0.267613 0.179934
vt 0.277791 0.178130
vt 0.183920 0.382033
vt 0.181956 0.379537
vt 0.183896 0.384727
vt 0.180983 0.385277
vt 0.246560 0.184296
vt 0.244592 0.186792
vt 0.243620 0.181051
vt 0.246535 0.181602
vt 0.185938 0.391104
vt 0.187618 0.396461
vt 0.248577 0.175226
vt 0.250260 0.169869
vt 0.187529 0.403452
vt 0.183553 0.400782
vt 0.191330 0.409792
vt 0.183409 0.413812
vt 0.250168 0.162879
vt 0.246193 0.165547
vt 0.246048 0.152518
vt 0.253969 0.156539
vt 0.179706 0.396810
vt 0.176011 0.403398
vt 0.173651 0.388941
vt 0.178043 0.386242
vt 0.242345 0.169519
vt 0.238650 0.162930
vt 0.240682 0.180086
vt 0.236287 0.177386
vt 0.165201 0.409995
vt 0.170571 0.421343
vt 0.157492 0.424688
vt 0.153659 0.413038
vt 0.151957 0.401574
vt 0.162454 0.397782
vt 0.227840 0.156332
vt 0.216293 0.153289
vt 0.220126 0.141640
vt 0.233208 0.144986
vt 0.225091 0.168544
vt 0.214592 0.164752
vt 0.148284 0.413897
vt 0.150270 0.425517
vt 0.144714 0.425325
vt 0.144951 0.413294
vt 0.144531 0.399730
vt 0.147480 0.402876
vt 0.210918 0.152430
vt 0.207583 0.153033
vt 0.207346 0.141002
vt 0.212905 0.140810
vt 0.210114 0.163450
vt 0.207167 0.166596
vt 0.143063 0.409246
vt 0.141806 0.413344
vt 0.138031 0.402520
vt 0.141639 0.401810
vt 0.205698 0.157080
vt 0.204274 0.164517
vt 0.200665 0.163806
vt 0.204438 0.152983
vt 0.140734 0.397511
vt 0.142127 0.393461
vt 0.137020 0.395492
vt 0.137831 0.389129
vt 0.203368 0.168815
vt 0.204761 0.172865
vt 0.200465 0.177197
vt 0.199654 0.170834
vt 0.142793 0.383838
vt 0.138712 0.376944
vt 0.143862 0.364348
vt 0.144200 0.381730
vt 0.205427 0.182487
vt 0.201346 0.189381
vt 0.206837 0.184595
vt 0.206496 0.201977
vt 0.126489 0.372745
vt 0.127595 0.385460
vt 0.118990 0.381466
vt 0.114817 0.371939
vt 0.107755 0.358008
vt 0.125956 0.360191
vt 0.189126 0.193581
vt 0.177451 0.194388
vt 0.181625 0.184861
vt 0.190229 0.180866
vt 0.188593 0.206134
vt 0.170392 0.208320
vt 0.160745 0.372104
vt 0.160624 0.360254
vt 0.171737 0.371173
vt 0.168418 0.380274
vt 0.160441 0.384261
vt 0.150758 0.388529
vt 0.149452 0.376555
vt 0.223379 0.194222
vt 0.223078 0.182065
vt 0.231055 0.186052
vt 0.234373 0.195154
vt 0.223259 0.206072
vt 0.212089 0.189770
vt 0.213394 0.177796
vt 0.145742 0.383606
vt 0.146655 0.393196
vt 0.208379 0.182719
vt 0.209289 0.173130
vt 0.147956 0.397360
vt 0.151489 0.395075
vt 0.210592 0.168966
vt 0.214126 0.171250
vt 0.160875 0.391193
vt 0.170964 0.384577
vt 0.223512 0.175133
vt 0.233601 0.181750
vt 0.175323 0.375749
vt 0.176960 0.374082
vt 0.237960 0.190579
vt 0.239594 0.192245
vt 0.178323 0.376151
vt 0.179583 0.371565
vt 0.240960 0.190177
vt 0.242220 0.194763
vt 0.180476 0.372965
vt 0.243113 0.193363
vt 0.127322 0.392128
vt 0.125726 0.398289
vt 0.113685 0.389737
vt 0.116702 0.385831
vt 0.189956 0.174198
vt 0.179336 0.180496
vt 0.176317 0.176591
vt 0.188358 0.168038
vt 0.111349 0.376478
vt 0.109572 0.374205
vt 0.173983 0.189849
vt 0.172207 0.192123
vt 0.126265 0.353585
vt 0.143642 0.355492
vt 0.108761 0.350732
vt 0.107666 0.344637
vt 0.126219 0.347861
vt 0.143766 0.349653
vt 0.188901 0.212739
vt 0.171398 0.215596
vt 0.206279 0.210832
vt 0.206400 0.216671
vt 0.188853 0.218464
vt 0.170300 0.221691
vt 0.160352 0.353597
vt 0.160784 0.347438
vt 0.222986 0.212728
vt 0.223418 0.218887
vt 0.161764 0.338150
vt 0.143884 0.340503
vt 0.143920 0.331606
vt 0.162900 0.329193
vt 0.224398 0.228176
vt 0.225532 0.237133
vt 0.206554 0.234719
vt 0.206518 0.225822
vt 0.163108 0.322909
vt 0.143881 0.325546
vt 0.413922 0.811607
vt 0.400995 0.804382
vt 0.404239 0.790773
vt 0.418675 0.797830
vt 0.225735 0.243417
vt 0.206516 0.240778
vt 0.203099 0.967179
vt 0.198334 0.953406
vt 0.212765 0.946341
vt 0.216021 0.959949
vt 0.125741 0.338765
vt 0.106215 0.334827
vt 0.104982 0.324994
vt 0.124947 0.329824
vt 0.188375 0.227560
vt 0.168854 0.231502
vt 0.187581 0.236501
vt 0.167621 0.241335
vt 0.094135 0.349271
vt 0.097497 0.355391
vt 0.090539 0.356131
vt 0.084360 0.351985
vt 0.073726 0.345714
vt 0.089986 0.342157
vt 0.156772 0.217060
vt 0.146997 0.214349
vt 0.153176 0.210201
vt 0.160134 0.210940
vt 0.152623 0.224176
vt 0.136363 0.220623
vt 0.098327 0.365001
vt 0.090211 0.362542
vt 0.104516 0.368325
vt 0.103217 0.377678
vt 0.097010 0.373739
vt 0.090766 0.369085
vt 0.160962 0.201329
vt 0.167150 0.198004
vt 0.152845 0.203791
vt 0.153400 0.197247
vt 0.159644 0.192592
vt 0.165849 0.188651
vt 0.386543 0.803067
vt 0.388329 0.788643
vt 0.124824 0.323542
vt 0.106155 0.317958
vt 0.369915 0.805655
vt 0.370903 0.789729
vt 0.187461 0.242783
vt 0.230474 0.958628
vt 0.228673 0.944203
vt 0.246099 0.945279
vt 0.247103 0.961207
vt 0.168796 0.248371
vt 0.086839 0.330056
vt 0.069975 0.329026
vt 0.066191 0.311055
vt 0.085432 0.317549
vt 0.149478 0.236278
vt 0.132617 0.237313
vt 0.148073 0.248785
vt 0.128837 0.255286
vt 0.082067 0.360444
vt 0.073948 0.360326
vt 0.086095 0.370424
vt 0.079760 0.372177
vt 0.144702 0.205890
vt 0.136582 0.206011
vt 0.142392 0.194159
vt 0.148727 0.195909
vt 0.094241 0.377565
vt 0.089972 0.380975
vt 0.101395 0.381613
vt 0.100461 0.385812
vt 0.156873 0.188767
vt 0.152601 0.185358
vt 0.163091 0.180518
vt 0.164027 0.184717
vt 0.103538 0.382781
vt 0.105481 0.380078
vt 0.106942 0.384153
vt 0.103628 0.385336
vt 0.166170 0.183548
vt 0.166260 0.180993
vt 0.169573 0.182175
vt 0.168113 0.186251
vt 0.082422 0.386799
vt 0.091796 0.393148
vt 0.081992 0.398254
vt 0.071966 0.388462
vt 0.066188 0.378217
vt 0.072022 0.376124
vt 0.145051 0.179536
vt 0.134593 0.177878
vt 0.144617 0.168083
vt 0.154423 0.173185
vt 0.134654 0.190215
vt 0.128818 0.188124
vt 0.093505 0.396548
vt 0.098397 0.394172
vt 0.092894 0.404273
vt 0.087169 0.402265
vt 0.156135 0.169785
vt 0.149794 0.164070
vt 0.155519 0.162061
vt 0.161027 0.172159
vt 0.101982 0.391413
vt 0.100985 0.395297
vt 0.164611 0.174917
vt 0.163612 0.171033
vt 0.103987 0.399400
vt 0.097833 0.409292
vt 0.108209 0.387256
vt 0.111305 0.404523
vt 0.104673 0.414938
vt 0.166617 0.166930
vt 0.170838 0.179072
vt 0.160460 0.157041
vt 0.167300 0.151394
vt 0.173935 0.161806
vt 0.017822 0.937429
vt 0.013603 0.926503
vt 0.017214 0.917850
vt 0.022724 0.928571
vt 0.031937 0.938014
vt 0.022806 0.949120
vt 0.014101 0.956587
vt 0.011528 0.944898
vt 0.010000 0.934894
vt 0.337157 0.925600
vt 0.346015 0.920698
vt 0.356736 0.926208
vt 0.348084 0.929819
vt 0.339692 0.933423
vt 0.329688 0.931895
vt 0.318000 0.929322
vt 0.325466 0.920616
vt 0.336572 0.911486
vt 0.065394 0.363540
vt 0.058848 0.369330
vt 0.053155 0.356695
vt 0.061122 0.349837
vt 0.128028 0.202801
vt 0.123756 0.216505
vt 0.115789 0.209650
vt 0.121480 0.197014
vt 0.057745 0.335655
vt 0.048586 0.345094
vt 0.044176 0.334927
vt 0.054617 0.323738
vt 0.120385 0.230688
vt 0.117261 0.242606
vt 0.106816 0.231421
vt 0.111223 0.221253
vt 0.088799 0.308968
vt 0.074476 0.299903
vt 0.352147 0.810179
vt 0.336779 0.814427
vt 0.337545 0.794300
vt 0.353028 0.792064
vt 0.151445 0.257366
vt 0.137125 0.266435
vt 0.264882 0.965718
vt 0.263976 0.947601
vt 0.279460 0.949824
vt 0.280254 0.969951
vt 0.029733 0.957900
vt 0.043254 0.949806
vt 0.056051 0.957934
vt 0.036735 0.964714
vt 0.024008 0.974180
vt 0.018358 0.966376
vt 0.316686 0.913689
vt 0.309872 0.906687
vt 0.316652 0.887372
vt 0.324780 0.900168
vt 0.308210 0.925064
vt 0.300406 0.919414
vt 0.055720 0.943371
vt 0.045958 0.934328
vt 0.055373 0.927203
vt 0.064890 0.933999
vt 0.079033 0.937141
vt 0.068447 0.949509
vt 0.331215 0.887702
vt 0.340258 0.897465
vt 0.325077 0.874975
vt 0.337445 0.864389
vt 0.340587 0.878533
vt 0.347383 0.888050
vt 0.041099 0.917616
vt 0.038804 0.901182
vt 0.047210 0.897601
vt 0.049566 0.913139
vt 0.032468 0.920277
vt 0.030450 0.905894
vt 0.357347 0.874777
vt 0.361588 0.882810
vt 0.354980 0.866525
vt 0.370311 0.864602
vt 0.373753 0.873486
vt 0.377271 0.881275
vt 0.052754 0.908289
vt 0.055190 0.912282
vt 0.051419 0.897255
vt 0.054948 0.897514
vt 0.366297 0.890671
vt 0.361447 0.893857
vt 0.362304 0.888233
vt 0.377072 0.888477
vt 0.377331 0.892003
vt 0.376984 0.896212
vt 0.057511 0.908240
vt 0.058023 0.896834
vt 0.062148 0.897316
vt 0.060615 0.912998
vt 0.366346 0.885911
vt 0.377753 0.885402
vt 0.068645 0.917240
vt 0.069936 0.900834
vt 0.078821 0.904275
vt 0.076897 0.919606
vt 0.093141 0.935613
vt 0.087720 0.927062
vt 0.092535 0.915994
vt 0.096701 0.924491
vt 0.100693 0.932780
vt 0.099735 0.942820
vt 0.097763 0.954996
vt 0.088854 0.947846
vt 0.338973 0.850282
vt 0.350095 0.846722
vt 0.358593 0.850888
vt 0.347524 0.855703
vt 0.326741 0.854569
vt 0.319590 0.845660
vt 0.331766 0.843688
vt 0.341806 0.842730
vt 0.086187 0.921524
vt 0.083303 0.923241
vt 0.086909 0.911800
vt 0.089820 0.913294
vt 0.353062 0.857236
vt 0.361292 0.853603
vt 0.362786 0.856516
vt 0.351345 0.860120
vt 0.080928 0.918532
vt 0.082183 0.909906
vt 0.356054 0.862495
vt 0.364680 0.861240
vt 0.082393 0.957495
vt 0.093930 0.965697
vt 0.088533 0.974152
vt 0.075686 0.964843
vt 0.317091 0.861030
vt 0.308889 0.849493
vt 0.309743 0.867737
vt 0.300434 0.854890
vt 0.567177 0.233970
vt 0.599111 0.241343
vt 0.611647 0.266264
vt 0.570671 0.258219
vt 0.564005 0.210613
vt 0.595382 0.216884
vt 0.669072 0.883638
vt 0.644822 0.880149
vt 0.636766 0.839180
vt 0.661691 0.851707
vt 0.686150 0.855430
vt 0.692430 0.886805
vt 0.628341 0.248180
vt 0.623726 0.223514
vt 0.647251 0.228348
vt 0.650594 0.252034
vt 0.659625 0.270228
vt 0.639292 0.270885
vt 0.654846 0.822481
vt 0.650987 0.800230
vt 0.674676 0.803564
vt 0.679515 0.827087
vt 0.632139 0.811537
vt 0.632791 0.791205
vt 0.330046 0.512864
vt 0.328395 0.493558
vt 0.355340 0.489903
vt 0.357454 0.511546
vt 0.358067 0.534603
vt 0.331199 0.534350
vt 0.664848 0.202175
vt 0.686463 0.202837
vt 0.685162 0.229489
vt 0.664772 0.229927
vt 0.645517 0.200575
vt 0.286850 0.668421
vt 0.285699 0.689907
vt 0.258833 0.690163
vt 0.259437 0.667107
vt 0.261546 0.645466
vt 0.288494 0.649116
vt 0.700842 0.785952
vt 0.702447 0.805286
vt 0.673090 0.786042
vt 0.673522 0.765651
vt 0.700173 0.764334
vt 0.325629 0.470518
vt 0.351157 0.466279
vt 0.622059 0.197074
vt 0.594122 0.191788
vt 0.321931 0.443134
vt 0.346900 0.438247
vt 0.705954 0.828745
vt 0.291255 0.626076
vt 0.265724 0.621842
vt 0.269974 0.593810
vt 0.294943 0.598692
vt 0.711247 0.856682
vt 0.561761 0.184616
vt 0.317833 0.410887
vt 0.344730 0.403162
vt 0.718425 0.889044
vt 0.299036 0.566445
vt 0.272137 0.558725
vt 0.453481 0.328998
vt 0.464595 0.290959
vt 0.487088 0.309767
vt 0.478008 0.348275
vt 0.471283 0.387193
vt 0.445106 0.369592
vt 0.163366 0.484586
vt 0.138844 0.503869
vt 0.129755 0.465364
vt 0.152244 0.446550
vt 0.171751 0.525178
vt 0.145578 0.542785
vt 0.375498 0.398191
vt 0.407413 0.398339
vt 0.404461 0.434822
vt 0.374994 0.435055
vt 0.241368 0.553760
vt 0.241878 0.590623
vt 0.212410 0.590397
vt 0.209451 0.553916
vt 0.377552 0.463894
vt 0.404690 0.463950
vt 0.406223 0.488608
vt 0.380781 0.488051
vt 0.239329 0.619462
vt 0.212188 0.619524
vt 0.236104 0.643619
vt 0.210663 0.644182
vt 0.432794 0.467903
vt 0.434380 0.439555
vt 0.461072 0.448972
vt 0.458284 0.476368
vt 0.456686 0.501772
vt 0.432678 0.493048
vt 0.184084 0.623484
vt 0.158597 0.631956
vt 0.155805 0.604561
vt 0.182494 0.595137
vt 0.184208 0.648629
vt 0.160202 0.657360
vt 0.481071 0.490814
vt 0.485360 0.464145
vt 0.511511 0.484355
vt 0.501603 0.509941
vt 0.494724 0.532179
vt 0.476922 0.515425
vt 0.135813 0.646409
vt 0.115285 0.665542
vt 0.105375 0.639959
vt 0.131519 0.619741
vt 0.139969 0.671018
vt 0.122171 0.687779
vt 0.438548 0.406621
vt 0.465474 0.419977
vt 0.178318 0.562205
vt 0.151395 0.575567
vt 0.488784 0.436532
vt 0.492929 0.405411
vt 0.513106 0.422763
vt 0.510603 0.452565
vt 0.128087 0.592129
vt 0.123936 0.561009
vt 0.106273 0.608168
vt 0.103763 0.578367
vt 0.518906 0.532292
vt 0.510198 0.550182
vt 0.527781 0.516390
vt 0.534222 0.557521
vt 0.525080 0.570840
vt 0.097990 0.687899
vt 0.089112 0.671999
vt 0.106703 0.705787
vt 0.091828 0.726451
vt 0.082683 0.713134
vt 0.552233 0.589488
vt 0.722669 0.356890
vt 0.693136 0.330779
vt 0.706519 0.321032
vt 0.729988 0.348799
vt 0.546887 0.598169
vt 0.546117 0.728179
vt 0.572231 0.757709
vt 0.064685 0.745108
vt 0.070028 0.753790
vt 0.554204 0.720861
vt 0.581973 0.744325
vt 0.740483 0.341514
vt 0.719818 0.312883
vt 0.735830 0.304757
vt 0.753937 0.332915
vt 0.542281 0.608337
vt 0.537331 0.621198
vt 0.512896 0.602280
vt 0.518433 0.585280
vt 0.074636 0.763958
vt 0.098477 0.740890
vt 0.104019 0.757891
vt 0.079591 0.776821
vt 0.561484 0.710365
vt 0.570071 0.696909
vt 0.598235 0.715012
vt 0.590116 0.731025
vt 0.503273 0.567678
vt 0.497314 0.587068
vt 0.483658 0.573510
vt 0.488982 0.552319
vt 0.113630 0.723282
vt 0.127918 0.707918
vt 0.133247 0.729107
vt 0.119596 0.742671
vt 0.473345 0.537483
vt 0.469456 0.560319
vt 0.453145 0.548995
vt 0.455281 0.524937
vt 0.143551 0.693076
vt 0.161612 0.680524
vt 0.163755 0.704580
vt 0.147444 0.715910
vt 0.432437 0.516338
vt 0.431278 0.540782
vt 0.406597 0.536044
vt 0.406993 0.511630
vt 0.184456 0.671918
vt 0.209898 0.667203
vt 0.210301 0.691616
vt 0.185620 0.696360
vt 0.382353 0.510727
vt 0.382435 0.534872
vt 0.234538 0.666294
vt 0.234463 0.690438
vt 0.428556 0.569276
vt 0.404447 0.564843
vt 0.449873 0.576822
vt 0.444616 0.609482
vt 0.423820 0.602718
vt 0.400406 0.598685
vt 0.188349 0.724854
vt 0.167035 0.732407
vt 0.212459 0.720413
vt 0.216509 0.754253
vt 0.193094 0.758293
vt 0.172299 0.765065
vt 0.465001 0.586897
vt 0.478396 0.598607
vt 0.459153 0.618279
vt 0.151909 0.742488
vt 0.138516 0.754203
vt 0.157767 0.773869
vt 0.491883 0.610624
vt 0.507784 0.623606
vt 0.125034 0.766227
vt 0.109138 0.779217
vt 0.531268 0.638530
vt 0.771878 0.321648
vt 0.757768 0.295877
vt 0.784955 0.285822
vt 0.794909 0.308091
vt 0.524095 0.662035
vt 0.581328 0.678965
vt 0.607103 0.693071
vt 0.085661 0.794154
vt 0.092841 0.817661
vt 0.594873 0.655932
vt 0.617141 0.665883
vt 0.515930 0.692943
vt 0.824579 0.291964
vt 0.817373 0.272929
vt 0.610982 0.626256
vt 0.630017 0.633460
vt 0.101019 0.848572
vt 0.451067 0.655370
vt 0.443059 0.689123
vt 0.428541 0.682848
vt 0.436634 0.647895
vt 0.165862 0.810959
vt 0.180290 0.803476
vt 0.188400 0.838426
vt 0.173885 0.844710
vt 0.416850 0.641972
vt 0.409933 0.677781
vt 0.389328 0.674303
vt 0.394761 0.638266
vt 0.200074 0.797544
vt 0.222161 0.793830
vt 0.227609 0.829864
vt 0.207004 0.833350
vt 0.373531 0.636990
vt 0.369341 0.673025
vt 0.350083 0.672402
vt 0.352562 0.636656
vt 0.354833 0.596704
vt 0.377702 0.597274
vt 0.243396 0.792546
vt 0.264363 0.792205
vt 0.266853 0.827946
vt 0.247593 0.828577
vt 0.239213 0.752833
vt 0.262084 0.752257
vt 0.331479 0.636003
vt 0.331955 0.671557
vt 0.792802 0.195937
vt 0.829490 0.190761
vt 0.831279 0.207633
vt 0.795166 0.215375
vt 0.753983 0.222864
vt 0.751937 0.200912
vt 0.331074 0.596858
vt 0.707033 0.657979
vt 0.687589 0.655633
vt 0.695310 0.619513
vt 0.712186 0.621283
vt 0.285448 0.791547
vt 0.284984 0.827096
vt 0.285843 0.752407
vt 0.702075 0.698851
vt 0.680119 0.696822
vt 0.798074 0.230558
vt 0.833758 0.221827
vt 0.837271 0.234869
vt 0.802579 0.243878
vt 0.761645 0.253101
vt 0.756382 0.239408
vt 0.672400 0.652737
vt 0.659077 0.648240
vt 0.668065 0.613544
vt 0.681113 0.617047
vt 0.663574 0.694435
vt 0.649876 0.689178
vt 0.366199 0.695953
vt 0.347370 0.694808
vt 0.386108 0.697497
vt 0.383222 0.720427
vt 0.363220 0.719140
vt 0.344867 0.718041
vt 0.250745 0.851502
vt 0.230836 0.853055
vt 0.269574 0.850347
vt 0.272086 0.873575
vt 0.253733 0.874684
vt 0.233734 0.875983
vt 0.331491 0.693650
vt 0.331037 0.717112
vt 0.852769 0.188620
vt 0.877126 0.186751
vt 0.877907 0.198577
vt 0.853899 0.202753
vt 0.714312 0.597999
vt 0.700175 0.596888
vt 0.704334 0.572874
vt 0.716161 0.573639
vt 0.285453 0.849183
vt 0.285916 0.872642
vt 0.855999 0.215690
vt 0.879840 0.210522
vt 0.882459 0.222833
vt 0.858915 0.228390
vt 0.687236 0.594801
vt 0.674531 0.591896
vt 0.680073 0.568347
vt 0.692387 0.570954
vt 0.862175 0.240609
vt 0.885123 0.234659
vt 0.841900 0.247561
vt 0.662309 0.588644
vt 0.668244 0.565692
vt 0.655370 0.608922
vt 0.809554 0.257615
vt 0.772538 0.268028
vt 0.645337 0.641273
vt 0.634944 0.678292
vt 0.326942 0.816291
vt 0.327241 0.795171
vt 0.066169 0.293353
vt 0.058315 0.303128
vt 0.050297 0.296986
vt 0.057736 0.286834
vt 0.977253 0.175178
vt 0.979815 0.185204
vt 0.958518 0.188779
vt 0.956488 0.178757
vt 0.128820 0.272988
vt 0.120964 0.263215
vt 0.290094 0.971801
vt 0.289766 0.950683
vt 0.727635 0.473497
vt 0.724082 0.494268
vt 0.714056 0.492251
vt 0.717606 0.470948
vt 0.120392 0.279509
vt 0.112948 0.269360
vt 0.329524 0.756333
vt 0.341245 0.756496
vt 0.917342 0.182909
vt 0.918617 0.193387
vt 0.287451 0.911855
vt 0.275728 0.912024
vt 0.719969 0.533417
vt 0.709490 0.532158
vt 0.920568 0.204877
vt 0.960681 0.200029
vt 0.962876 0.211280
vt 0.922883 0.216680
vt 0.698001 0.530221
vt 0.686196 0.527918
vt 0.691554 0.487918
vt 0.702806 0.490102
vt 0.041908 0.970270
vt 0.030844 0.979897
vt 0.056230 0.966032
vt 0.025017 0.329948
vt 0.010000 0.327632
vt 0.012020 0.322701
vt 0.023089 0.324027
vt 0.033757 0.319019
vt 0.039388 0.326252
vt 0.304316 0.901515
vt 0.294689 0.912579
vt 0.087654 0.236408
vt 0.102029 0.240098
vt 0.096401 0.247333
vt 0.085730 0.242330
vt 0.074662 0.243662
vt 0.072639 0.238732
vt 0.308554 0.887193
vt 0.049694 0.315362
vt 0.042448 0.308683
vt 0.112338 0.250984
vt 0.105095 0.257666
vt 0.982463 0.196551
vt 0.048248 0.279950
vt 0.040918 0.290531
vt 0.031375 0.284356
vt 0.038833 0.273464
vt 0.984872 0.207829
vt 0.110907 0.286397
vt 0.103572 0.275819
vt 0.706258 0.468313
vt 0.694981 0.465916
vt 0.101494 0.292887
vt 0.094031 0.281998
vt 0.925270 0.227713
vt 0.965079 0.221536
vt 0.675161 0.525540
vt 0.681296 0.485724
vt 0.986847 0.218091
vt 0.239778 0.279639
vt 0.248158 0.273487
vt 0.255780 0.284238
vt 0.247190 0.290165
vt 0.684719 0.463951
vt 0.302378 0.286713
vt 0.309795 0.276191
vt 0.318383 0.282121
vt 0.310756 0.292869
vt 0.254076 0.302197
vt 0.262907 0.296557
vt 0.268717 0.308607
vt 0.260221 0.313050
vt 0.316689 0.264161
vt 0.322836 0.253312
vt 0.331332 0.257758
vt 0.325517 0.269806
vt 0.033648 0.302306
vt 0.024202 0.296729
vt 0.026963 0.312887
vt 0.018279 0.308574
vt 0.096297 0.264046
vt 0.086855 0.269627
vt 0.080927 0.257785
vt 0.089609 0.253469
vt 0.021247 0.318893
vt 0.014422 0.317028
vt 0.083891 0.247465
vt 0.077066 0.249333
vt 0.265746 0.319062
vt 0.263824 0.324050
vt 0.272545 0.317164
vt 0.274956 0.322887
vt 0.328365 0.247301
vt 0.326444 0.242313
vt 0.337576 0.243481
vt 0.335162 0.249203
vt 0.261647 0.329506
vt 0.276933 0.327858
vt 0.070743 0.970270
vt 0.081884 0.979612
vt 0.324272 0.236856
vt 0.339555 0.238511
vt 0.304316 0.872680
vt 0.294974 0.861539
vt 0.395234 0.757137
vt 0.402076 0.722917
vt 0.418238 0.726906
vt 0.411038 0.760201
vt 0.377019 0.756289
vt 0.221741 0.912701
vt 0.205942 0.915773
vt 0.198723 0.882482
vt 0.214882 0.878483
vt 0.239956 0.911842
vt 0.358089 0.756386
vt 0.258886 0.911927
vt 0.405682 0.700727
vt 0.423118 0.705178
vt 0.211264 0.856294
vt 0.193830 0.860755
vt 0.437597 0.710735
vt 0.432461 0.732334
vt 0.179356 0.866321
vt 0.184502 0.887918
vt 0.425240 0.766356
vt 0.191745 0.921937
vt 0.538364 0.399914
vt 0.532504 0.436750
vt 0.518484 0.385704
vt 0.526960 0.347266
vt 0.546809 0.360854
vt 0.566929 0.370314
vt 0.558614 0.410060
vt 0.551863 0.446742
vt 0.078500 0.555525
vt 0.070045 0.516468
vt 0.089890 0.502874
vt 0.098376 0.541309
vt 0.084370 0.592359
vt 0.065013 0.602357
vt 0.058252 0.565677
vt 0.049928 0.525933
vt 0.578123 0.415617
vt 0.586670 0.375969
vt 0.606857 0.379923
vt 0.597396 0.419043
vt 0.588171 0.454208
vt 0.570308 0.451681
vt 0.565807 0.474195
vt 0.548340 0.470560
vt 0.582743 0.475978
vt 0.529868 0.463509
vt 0.530860 0.484636
vt 0.087010 0.619118
vt 0.086023 0.640246
vt 0.068541 0.626175
vt 0.498794 0.367719
vt 0.507396 0.329311
vt 0.118061 0.523319
vt 0.109452 0.484913
vt 0.665509 0.252600
vt 0.672623 0.268397
vt 0.683838 0.250825
vt 0.689314 0.265604
vt 0.650417 0.785315
vt 0.634618 0.778206
vt 0.637405 0.761515
vt 0.652186 0.766985
vt 0.331395 0.563098
vt 0.356991 0.562719
vt 0.715991 0.202819
vt 0.716109 0.227340
vt 0.285513 0.718653
vt 0.259914 0.718276
vt 0.700183 0.734802
vt 0.675661 0.734701
vt 0.380856 0.563481
vt 0.236049 0.719044
vt 0.716233 0.246254
vt 0.721401 0.260457
vt 0.656745 0.734588
vt 0.642539 0.729425
vt 0.738048 0.275929
vt 0.710161 0.282302
vt 0.627061 0.712785
vt 0.620699 0.740673
vt 0.693368 0.288127
vt 0.680098 0.293846
vt 0.614879 0.757468
vt 0.609167 0.770739
vt 0.662767 0.300360
vt 0.645758 0.301510
vt 0.602657 0.788071
vt 0.601511 0.805079
vt 0.623953 0.301412
vt 0.632687 0.319236
vt 0.576393 0.301693
vt 0.593702 0.278217
vt 0.601612 0.826883
vt 0.624811 0.857130
vt 0.601334 0.874443
vt 0.583785 0.818152
vt 0.626217 0.348153
vt 0.633249 0.335732
vt 0.622850 0.366525
vt 0.568094 0.360198
vt 0.572394 0.331675
vt 0.356970 0.902324
vt 0.373404 0.904621
vt 0.368692 0.912972
vt 0.354309 0.910955
vt 0.028512 0.919381
vt 0.026765 0.924318
vt 0.022594 0.912778
vt 0.025976 0.909807
vt 0.355205 0.914910
vt 0.364778 0.917450
vt 0.361808 0.920829
vt 0.350268 0.916658
vt 0.106251 0.372949
vt 0.106910 0.371471
vt 0.168886 0.193380
vt 0.169545 0.194857
vt 0.108450 0.376261
vt 0.171084 0.190067
vt 0.123564 0.410421
vt 0.117390 0.421219
vt 0.134995 0.413909
vt 0.131813 0.425270
vt 0.186196 0.155908
vt 0.180019 0.145111
vt 0.194443 0.141059
vt 0.197627 0.152418
vt 0.138922 0.417689
vt 0.138849 0.426247
vt 0.201553 0.148638
vt 0.201481 0.140080
vt 0.023922 0.922905
vt 0.019753 0.914926
vt 0.351681 0.919501
vt 0.359660 0.923669
vt 0.534906 0.505409
vt 0.081983 0.661020
vt 0.647607 0.335234
vt 0.567786 0.803235
vt 0.567291 0.817593
vt 0.050343 0.672698
vt 0.052568 0.648508
vt 0.046061 0.701021
vt 0.041198 0.701007
vt 0.040459 0.672803
vt 0.037734 0.649545
vt 0.042849 0.737227
vt 0.520475 0.728236
vt 0.534708 0.772332
vt 0.527153 0.773678
vt 0.517175 0.728776
vt 0.039501 0.737383
vt 0.038746 0.571240
vt 0.030187 0.531595
vt 0.046571 0.607302
vt 0.028708 0.609835
vt 0.019473 0.574672
vt 0.010000 0.535554
vt 0.051074 0.629815
vt 0.034141 0.631604
vt 0.554868 0.824626
vt 0.571351 0.878447
vt 0.542827 0.882749
vt 0.536496 0.827994
vt 0.049824 0.807916
vt 0.053623 0.853181
vt 0.019774 0.855983
vt 0.015647 0.819899
vt 0.011987 0.784487
vt 0.046469 0.765312
vt 0.082420 0.744794
vt 0.085992 0.795206
vt 0.089496 0.849234
vt 0.283063 0.530865
vt 0.279707 0.573469
vt 0.245223 0.554291
vt 0.248888 0.518877
vt 0.253018 0.482793
vt 0.286868 0.485599
vt 0.322737 0.489551
vt 0.319228 0.543578
vt 0.315656 0.593991
vt 0.056185 0.893213
vt 0.090976 0.892577
vt 0.090254 0.927831
vt 0.057726 0.928006
vt 0.024799 0.929257
vt 0.023160 0.891715
vt 0.289432 0.445567
vt 0.290979 0.410774
vt 0.323503 0.410953
vt 0.324223 0.446208
vt 0.256407 0.447060
vt 0.258052 0.409518
vt 0.128047 0.889699
vt 0.126684 0.844533
vt 0.162890 0.839939
vt 0.164472 0.885624
vt 0.163665 0.922444
vt 0.126695 0.925871
vt 0.361294 0.449089
vt 0.397716 0.453169
vt 0.396132 0.498853
vt 0.359926 0.494256
vt 0.359947 0.412917
vt 0.396914 0.416348
vt 0.196471 0.881870
vt 0.195543 0.836613
vt 0.226355 0.834032
vt 0.226587 0.878034
vt 0.226784 0.914641
vt 0.196176 0.918792
vt 0.429715 0.456926
vt 0.459831 0.460765
vt 0.459596 0.504767
vt 0.428785 0.502183
vt 0.429423 0.420004
vt 0.460031 0.424158
vt 0.058569 0.958044
vt 0.087199 0.958327
vt 0.085056 0.982068
vt 0.061668 0.981551
vt 0.041600 0.985712
vt 0.036656 0.959793
vt 0.291827 0.380736
vt 0.294928 0.357230
vt 0.318317 0.356715
vt 0.320457 0.380456
vt 0.269911 0.378983
vt 0.274860 0.353066
vt 0.122611 0.958131
vt 0.160482 0.956323
vt 0.152060 0.986364
vt 0.116401 0.982439
vt 0.355866 0.380657
vt 0.393737 0.382469
vt 0.349662 0.356348
vt 0.385317 0.352427
vt 0.194826 0.953502
vt 0.227028 0.949358
vt 0.227389 0.976818
vt 0.192336 0.981524
vt 0.428079 0.385293
vt 0.460280 0.389442
vt 0.425593 0.357272
vt 0.460647 0.361982
vt 0.258201 0.943335
vt 0.257916 0.909491
vt 0.287411 0.905351
vt 0.287101 0.937693
vt 0.287671 0.960813
vt 0.259208 0.969082
vt 0.491450 0.395467
vt 0.520348 0.401112
vt 0.520655 0.433455
vt 0.491163 0.429311
vt 0.492463 0.369720
vt 0.520923 0.377992
vt 0.785689 0.469932
vt 0.772376 0.471186
vt 0.762369 0.438883
vt 0.786741 0.457492
vt 0.798698 0.470830
vt 0.799415 0.483837
vt 0.790482 0.495943
vt 0.082117 0.523121
vt 0.081068 0.510681
vt 0.105440 0.492072
vt 0.095429 0.524380
vt 0.077316 0.549131
vt 0.068387 0.537023
vt 0.069108 0.524013
vt 0.799066 0.452237
vt 0.815254 0.450734
vt 0.820838 0.471889
vt 0.809671 0.471744
vt 0.784848 0.428931
vt 0.806645 0.425417
vt 0.068744 0.505423
vt 0.058136 0.524927
vt 0.046968 0.525070
vt 0.052556 0.503915
vt 0.061167 0.478600
vt 0.082964 0.482117
vt 0.771094 0.397925
vt 0.748330 0.405181
vt 0.736254 0.375895
vt 0.755804 0.365086
vt 0.778561 0.342746
vt 0.793641 0.390552
vt 0.096717 0.451114
vt 0.112007 0.418275
vt 0.131554 0.429086
vt 0.119478 0.458373
vt 0.074171 0.443735
vt 0.089251 0.395932
vt 0.828570 0.448392
vt 0.821897 0.422838
vt 0.834203 0.420271
vt 0.840633 0.445408
vt 0.846264 0.466188
vt 0.833130 0.469661
vt 0.810689 0.386991
vt 0.800526 0.342043
vt 0.817113 0.340564
vt 0.825541 0.384478
vt 0.738522 0.337231
vt 0.722032 0.349824
vt 0.705096 0.328844
vt 0.718726 0.314929
vt 0.733203 0.287402
vt 0.755084 0.309929
vt 0.129289 0.390419
vt 0.149085 0.368118
vt 0.162712 0.382038
vt 0.145775 0.403016
vt 0.112729 0.363114
vt 0.134611 0.340588
vt 0.312783 0.934647
vt 0.313205 0.904822
vt 0.338766 0.907340
vt 0.337792 0.934658
vt 0.338107 0.951281
vt 0.313268 0.954335
vt 0.546027 0.404160
vt 0.571039 0.404151
vt 0.572008 0.431469
vt 0.546449 0.433985
vt 0.546517 0.384472
vt 0.571351 0.387528
vt 0.812067 0.491490
vt 0.808227 0.509732
vt 0.824656 0.494002
vt 0.826520 0.518365
vt 0.055733 0.544670
vt 0.059565 0.562918
vt 0.041268 0.571545
vt 0.043143 0.547183
vt 0.838129 0.492149
vt 0.852345 0.488325
vt 0.857792 0.507726
vt 0.842974 0.511747
vt 0.076831 0.629887
vt 0.080875 0.637772
vt 0.064539 0.642231
vt 0.059323 0.630243
vt 0.057732 0.619442
vt 0.074597 0.621840
vt 0.087542 0.620277
vt 0.091680 0.628464
vt 0.095087 0.636609
vt 0.117410 0.599198
vt 0.134918 0.599554
vt 0.129702 0.611542
vt 0.113365 0.607083
vt 0.099154 0.605920
vt 0.102560 0.597775
vt 0.106698 0.589588
vt 0.119644 0.591151
vt 0.136508 0.588753
vt 0.085736 0.640622
vt 0.082273 0.642294
vt 0.096266 0.640375
vt 0.094849 0.642321
vt 0.108505 0.609933
vt 0.111968 0.611605
vt 0.099392 0.611632
vt 0.097975 0.609686
vt 0.085733 0.644035
vt 0.096266 0.644328
vt 0.095033 0.647900
vt 0.080853 0.646731
vt 0.108507 0.613346
vt 0.097975 0.613639
vt 0.113388 0.616042
vt 0.099207 0.617211
vt 0.076748 0.654031
vt 0.091506 0.655186
vt 0.087294 0.662729
vt 0.074490 0.661577
vt 0.057688 0.664837
vt 0.059194 0.654047
vt 0.117493 0.623342
vt 0.119751 0.630888
vt 0.106947 0.632040
vt 0.102734 0.624497
vt 0.135047 0.623358
vt 0.136552 0.634148
vt 0.075368 0.665280
vt 0.071105 0.667283
vt 0.083932 0.667273
vt 0.080525 0.670125
vt 0.118873 0.634591
vt 0.123136 0.636595
vt 0.113715 0.639436
vt 0.110308 0.636584
vt 0.072687 0.669826
vt 0.080629 0.672692
vt 0.077892 0.675355
vt 0.067715 0.671241
vt 0.121553 0.639137
vt 0.113611 0.642003
vt 0.126526 0.640552
vt 0.116349 0.644666
vt 0.060034 0.676067
vt 0.070105 0.679258
vt 0.062603 0.682852
vt 0.053534 0.681979
vt 0.041956 0.680692
vt 0.048475 0.674104
vt 0.134207 0.645378
vt 0.140707 0.651290
vt 0.131638 0.652163
vt 0.124136 0.648569
vt 0.145765 0.643415
vt 0.152285 0.650003
vt 0.038224 0.674036
vt 0.039084 0.667431
vt 0.030524 0.678664
vt 0.022689 0.672336
vt 0.156017 0.643347
vt 0.155157 0.636742
vt 0.171552 0.641647
vt 0.163717 0.647973
vt 0.043426 0.656100
vt 0.030028 0.657482
vt 0.033790 0.642352
vt 0.046545 0.642283
vt 0.150815 0.625411
vt 0.164213 0.626793
vt 0.147696 0.611594
vt 0.160451 0.611663
vt 0.019826 0.655459
vt 0.014594 0.666041
vt 0.010000 0.661218
vt 0.011086 0.653157
vt 0.011062 0.642450
vt 0.021929 0.642409
vt 0.174415 0.624770
vt 0.179647 0.635352
vt 0.172312 0.611720
vt 0.183179 0.611761
vt 0.183154 0.622468
vt 0.184241 0.630529
vt 0.865854 0.861205
vt 0.873454 0.868458
vt 0.868748 0.878090
vt 0.861059 0.868097
vt 0.853515 0.859100
vt 0.860934 0.852848
vt 0.868626 0.849011
vt 0.873204 0.857058
vt 0.877106 0.862694
vt 0.515255 0.169472
vt 0.523611 0.174391
vt 0.517359 0.181811
vt 0.508363 0.174268
vt 0.498370 0.166579
vt 0.508001 0.161873
vt 0.513763 0.158221
vt 0.519401 0.162122
vt 0.527448 0.166697
vt 0.556799 0.751981
vt 0.562060 0.767142
vt 0.525221 0.763195
vt 0.513527 0.745837
vt 0.508031 0.730695
vt 0.555833 0.736851
vt 0.608614 0.744824
vt 0.605237 0.759965
vt 0.603514 0.773577
vt 0.792720 0.547320
vt 0.793686 0.532189
vt 0.841489 0.526031
vt 0.835992 0.541175
vt 0.824299 0.558531
vt 0.787461 0.562481
vt 0.746008 0.568918
vt 0.744283 0.555304
vt 0.740905 0.540163
vt 0.567599 0.780162
vt 0.603691 0.784673
vt 0.603924 0.797726
vt 0.572315 0.794975
vt 0.545170 0.793993
vt 0.535923 0.778022
vt 0.781923 0.575501
vt 0.777208 0.590317
vt 0.745599 0.593065
vt 0.745831 0.580014
vt 0.813598 0.573361
vt 0.804352 0.589331
vt 0.636338 0.788253
vt 0.638069 0.778925
vt 0.662996 0.782951
vt 0.661262 0.791305
vt 0.659472 0.799437
vt 0.634858 0.798602
vt 0.713185 0.583594
vt 0.688261 0.586652
vt 0.686527 0.578295
vt 0.711453 0.574266
vt 0.714665 0.593943
vt 0.690052 0.594781
vt 0.673483 0.793694
vt 0.671752 0.801273
vt 0.675160 0.785459
vt 0.857948 0.846192
vt 0.865840 0.842409
vt 0.850834 0.850161
vt 0.676040 0.589041
vt 0.674362 0.580805
vt 0.677771 0.596617
vt 0.530270 0.177374
vt 0.526301 0.184491
vt 0.534050 0.169481
vt 0.882702 0.852952
vt 0.885324 0.861935
vt 0.879129 0.844727
vt 0.891248 0.840802
vt 0.893487 0.849457
vt 0.895887 0.859302
vt 0.523501 0.152622
vt 0.531729 0.156193
vt 0.514518 0.150003
vt 0.517149 0.139439
vt 0.526994 0.141836
vt 0.535648 0.144073
vt 0.020259 0.629361
vt 0.011077 0.631693
vt 0.010083 0.623518
vt 0.015140 0.618774
vt 0.023864 0.612441
vt 0.030731 0.627243
vt 0.173981 0.598670
vt 0.183164 0.601002
vt 0.163509 0.596554
vt 0.170376 0.581752
vt 0.179100 0.588085
vt 0.184157 0.592829
vt 0.677782 0.774379
vt 0.665789 0.771557
vt 0.669256 0.758496
vt 0.681065 0.761766
vt 0.876702 0.837978
vt 0.889315 0.833842
vt 0.671740 0.569726
vt 0.668456 0.557113
vt 0.680265 0.553840
vt 0.683733 0.566901
vt 0.538479 0.158617
vt 0.542609 0.146003
vt 0.641523 0.766529
vt 0.645684 0.752304
vt 0.707998 0.561870
vt 0.703836 0.547649
vt 0.491080 0.977045
vt 0.501378 0.959044
vt 0.523716 0.959619
vt 0.512931 0.975006
vt 0.507548 0.987419
vt 0.486328 0.990000
vt 0.480864 0.976818
vt 0.476712 0.990000
vt 0.459293 0.985396
vt 0.462318 0.971929
vt 0.465093 0.951633
vt 0.485487 0.956814
vt 0.858414 0.772447
vt 0.863152 0.785407
vt 0.841936 0.782804
vt 0.836566 0.770386
vt 0.825793 0.754987
vt 0.848132 0.754434
vt 0.714100 0.361982
vt 0.718726 0.381985
vt 0.698335 0.387170
vt 0.695554 0.366874
vt 0.692529 0.353407
vt 0.709945 0.348800
vt 0.556183 0.963428
vt 0.554248 0.976120
vt 0.561969 0.951060
vt 0.604312 0.940114
vt 0.604627 0.950696
vt 0.606341 0.963667
vt 0.793326 0.758775
vt 0.787546 0.746404
vt 0.795250 0.771467
vt 0.743171 0.758994
vt 0.744891 0.746026
vt 0.745208 0.735445
vt 0.641214 0.943694
vt 0.639080 0.932995
vt 0.663886 0.928665
vt 0.665694 0.940057
vt 0.667870 0.953372
vt 0.643698 0.956936
vt 0.708306 0.739025
vt 0.683827 0.735395
vt 0.685636 0.724004
vt 0.710442 0.728325
vt 0.705822 0.752269
vt 0.681652 0.748711
vt 0.677829 0.937960
vt 0.676050 0.926212
vt 0.691662 0.837871
vt 0.702788 0.842612
vt 0.699747 0.849178
vt 0.689034 0.844552
vt 0.676661 0.840312
vt 0.678754 0.833399
vt 0.679968 0.951265
vt 0.538572 0.343663
vt 0.531890 0.346291
vt 0.527268 0.335577
vt 0.533831 0.332538
vt 0.671693 0.733301
vt 0.673472 0.721557
vt 0.669555 0.746606
vt 0.543044 0.356572
vt 0.536130 0.358664
vt 0.685043 0.852624
vt 0.674136 0.848877
vt 0.694605 0.857143
vt 0.690136 0.862902
vt 0.681878 0.861632
vt 0.671379 0.858607
vt 0.523819 0.350281
vt 0.519303 0.340719
vt 0.527566 0.361189
vt 0.517838 0.363946
vt 0.514811 0.353447
vt 0.513541 0.345188
vt 0.710237 0.846468
vt 0.706969 0.853229
vt 0.674893 0.918124
vt 0.662790 0.920552
vt 0.661273 0.912741
vt 0.673483 0.910699
vt 0.716972 0.850538
vt 0.714032 0.859546
vt 0.674631 0.713469
vt 0.686733 0.715891
vt 0.529975 0.325088
vt 0.523214 0.328355
vt 0.516900 0.321293
vt 0.525907 0.318353
vt 0.676040 0.706043
vt 0.688251 0.708082
vt 0.708841 0.881661
vt 0.705578 0.869350
vt 0.718963 0.876935
vt 0.722827 0.893256
vt 0.711893 0.895673
vt 0.704687 0.901363
vt 0.701972 0.889194
vt 0.697130 0.879964
vt 0.494781 0.326483
vt 0.480773 0.323430
vt 0.483190 0.312496
vt 0.499508 0.316361
vt 0.507093 0.329747
vt 0.496481 0.338193
vt 0.487249 0.333351
vt 0.475083 0.330636
vt 0.701435 0.861966
vt 0.693193 0.869317
vt 0.514477 0.333889
vt 0.507125 0.342131
vt 0.740814 0.898522
vt 0.753521 0.900794
vt 0.752264 0.907209
vt 0.743385 0.904314
vt 0.737230 0.904543
vt 0.732064 0.900252
vt 0.737136 0.891011
vt 0.752477 0.894055
vt 0.477921 0.294509
vt 0.476191 0.303259
vt 0.471902 0.298092
vt 0.472132 0.291938
vt 0.469236 0.283059
vt 0.475655 0.281802
vt 0.482393 0.282847
vt 0.485434 0.298188
vt 0.733673 0.877783
vt 0.750567 0.881601
vt 0.730567 0.864226
vt 0.747995 0.868696
vt 0.498662 0.301652
vt 0.494847 0.284758
vt 0.507749 0.287331
vt 0.512219 0.304758
vt 0.729595 0.855503
vt 0.670036 0.898201
vt 0.658184 0.900547
vt 0.654229 0.886394
vt 0.665739 0.884103
vt 0.745987 0.859978
vt 0.679486 0.693543
vt 0.691338 0.695886
vt 0.520942 0.305730
vt 0.516467 0.289339
vt 0.683784 0.679444
vt 0.695293 0.681732
vt 0.638176 0.924450
vt 0.636882 0.915051
vt 0.604957 0.930099
vt 0.605285 0.918330
vt 0.711347 0.719783
vt 0.712642 0.710384
vt 0.744239 0.713663
vt 0.744565 0.725430
vt 0.511271 0.940911
vt 0.521119 0.922761
vt 0.540324 0.926889
vt 0.532412 0.943577
vt 0.488528 0.936786
vt 0.467975 0.930472
vt 0.470395 0.909225
vt 0.490206 0.916699
vt 0.838250 0.736290
vt 0.817106 0.738937
vt 0.809200 0.722244
vt 0.828409 0.718130
vt 0.721769 0.402013
vt 0.723447 0.422100
vt 0.703639 0.429577
vt 0.701217 0.408330
vt 0.438089 0.913629
vt 0.442088 0.890450
vt 0.434049 0.937218
vt 0.399357 0.921183
vt 0.404478 0.894629
vt 0.409848 0.868706
vt 0.671333 0.425177
vt 0.667293 0.401588
vt 0.675330 0.448356
vt 0.643092 0.470102
vt 0.637722 0.444180
vt 0.632601 0.417626
vt 0.384237 0.825151
vt 0.377942 0.852855
vt 0.346739 0.841872
vt 0.352917 0.807851
vt 0.359861 0.777170
vt 0.390836 0.800126
vt 0.420506 0.824914
vt 0.415183 0.845791
vt 0.617481 0.513657
vt 0.624081 0.538682
vt 0.593102 0.561637
vt 0.586158 0.530957
vt 0.579984 0.496937
vt 0.611186 0.485954
vt 0.648427 0.493017
vt 0.653750 0.513893
vt 0.445657 0.868852
vt 0.448986 0.849130
vt 0.473408 0.867739
vt 0.472122 0.887526
vt 0.678901 0.469953
vt 0.682230 0.489675
vt 0.705363 0.451276
vt 0.706650 0.471063
vt 0.490824 0.895182
vt 0.490723 0.875794
vt 0.531674 0.903517
vt 0.540498 0.886092
vt 0.555252 0.890078
vt 0.548752 0.908137
vt 0.724069 0.443618
vt 0.723965 0.463006
vt 0.817857 0.698875
vt 0.800775 0.703487
vt 0.794277 0.685425
vt 0.809031 0.681445
vt 0.574614 0.906831
vt 0.570738 0.923536
vt 0.577131 0.890461
vt 0.603475 0.889927
vt 0.604713 0.904409
vt 0.774912 0.702170
vt 0.772397 0.685799
vt 0.778786 0.718877
vt 0.744812 0.699745
vt 0.746051 0.685263
vt 0.634362 0.902635
vt 0.631293 0.888654
vt 0.715163 0.697971
vt 0.718232 0.683990
vt 0.628298 0.873001
vt 0.650520 0.871203
vt 0.601801 0.874498
vt 0.600834 0.859080
vt 0.626536 0.857375
vt 0.648430 0.856409
vt 0.721227 0.668337
vt 0.747726 0.669837
vt 0.699003 0.666541
vt 0.701095 0.651750
vt 0.722990 0.652717
vt 0.748693 0.654419
vt 0.793602 0.063554
vt 0.769081 0.074778
vt 0.759980 0.049200
vt 0.788367 0.033101
vt 0.821388 0.010000
vt 0.815982 0.051543
vt 0.811373 0.092687
vt 0.791778 0.101930
vt 0.772275 0.108307
vt 0.074219 0.116745
vt 0.051839 0.104737
vt 0.046431 0.063194
vt 0.079453 0.086292
vt 0.107841 0.102392
vt 0.098742 0.127970
vt 0.095548 0.161499
vt 0.076044 0.155122
vt 0.056448 0.145878
vt 0.269937 0.698305
vt 0.283929 0.674414
vt 0.315362 0.691274
vt 0.303368 0.713120
vt 0.294727 0.743436
vt 0.261745 0.731435
vt 0.227811 0.723265
vt 0.233633 0.688021
vt 0.246379 0.656023
vt 0.503176 0.640496
vt 0.494984 0.607366
vt 0.527968 0.595369
vt 0.536606 0.625683
vt 0.548600 0.647530
vt 0.517165 0.664387
vt 0.479615 0.682776
vt 0.466868 0.650778
vt 0.461047 0.615534
vt 0.336054 0.731375
vt 0.327624 0.758469
vt 0.346748 0.711556
vt 0.377042 0.735559
vt 0.367637 0.753296
vt 0.569292 0.607430
vt 0.579986 0.627250
vt 0.560865 0.580336
vt 0.600878 0.585511
vt 0.610283 0.603247
vt 0.397583 0.778752
vt 0.405389 0.762365
vt 0.431758 0.790473
vt 0.425734 0.805670
vt 0.630827 0.560055
vt 0.638634 0.576442
vt 0.658978 0.533136
vt 0.665002 0.548333
vt 0.451955 0.832134
vt 0.456217 0.818624
vt 0.477232 0.840907
vt 0.474295 0.852764
vt 0.685202 0.506671
vt 0.689464 0.520180
vt 0.707539 0.486039
vt 0.710476 0.497895
vt 0.490241 0.862457
vt 0.492335 0.851851
vt 0.544060 0.874381
vt 0.544848 0.864801
vt 0.558449 0.864927
vt 0.557692 0.876696
vt 0.723486 0.476343
vt 0.725579 0.486949
vt 0.805469 0.669727
vt 0.791838 0.672040
vt 0.791080 0.660271
vt 0.804681 0.660145
vt 0.741659 0.087987
vt 0.746122 0.117132
vt 0.715763 0.127289
vt 0.711602 0.102294
vt 0.701096 0.083545
vt 0.731121 0.066162
vt 0.126165 0.141182
vt 0.156225 0.155486
vt 0.152064 0.180480
vt 0.121703 0.170320
vt 0.136702 0.119353
vt 0.166730 0.136737
vt 0.679260 0.117050
vt 0.683826 0.138957
vt 0.650192 0.150770
vt 0.645462 0.131438
vt 0.637956 0.116078
vt 0.670148 0.100162
vt 0.188568 0.170246
vt 0.222367 0.184641
vt 0.217637 0.203970
vt 0.184002 0.192151
vt 0.197680 0.153359
vt 0.229875 0.169280
vt 0.610957 0.142942
vt 0.604178 0.128641
vt 0.614924 0.160939
vt 0.584660 0.168528
vt 0.581610 0.151348
vt 0.575322 0.137616
vt 0.256873 0.196150
vt 0.252904 0.214146
vt 0.263655 0.181852
vt 0.292511 0.190832
vt 0.286220 0.204561
vt 0.283168 0.221742
vt 0.613638 0.182455
vt 0.648615 0.174167
vt 0.643773 0.199228
vt 0.608911 0.205345
vt 0.576502 0.210296
vt 0.582402 0.188914
vt 0.254188 0.235663
vt 0.258912 0.258555
vt 0.224051 0.252430
vt 0.219212 0.227367
vt 0.285423 0.242130
vt 0.291320 0.263515
vt 0.680326 0.166046
vt 0.710680 0.159140
vt 0.701612 0.194035
vt 0.673459 0.195382
vt 0.187501 0.219243
vt 0.157146 0.212332
vt 0.194366 0.248579
vt 0.166212 0.247227
vt 0.741698 0.154487
vt 0.768513 0.151252
vt 0.759122 0.199148
vt 0.731896 0.195459
vt 0.126126 0.207679
vt 0.099309 0.204441
vt 0.135927 0.248647
vt 0.108700 0.252337
vt 0.786523 0.149659
vt 0.800374 0.152426
vt 0.792793 0.211169
vt 0.778665 0.204636
vt 0.081299 0.202851
vt 0.067446 0.205618
vt 0.089155 0.257825
vt 0.075026 0.264355
vt 0.823304 0.913354
vt 0.823030 0.904782
vt 0.829595 0.904664
vt 0.830639 0.910365
vt 0.830756 0.916212
vt 0.825475 0.920796
vt 0.819967 0.924614
vt 0.817745 0.916841
vt 0.813712 0.908165
vt 0.463102 0.212020
vt 0.455663 0.209847
vt 0.460248 0.204566
vt 0.466094 0.204685
vt 0.471795 0.205729
vt 0.471678 0.212294
vt 0.468292 0.221612
vt 0.459615 0.217577
vt 0.451842 0.215354
vt 0.825658 0.898642
vt 0.829783 0.890757
vt 0.844319 0.892960
vt 0.834901 0.900202
vt 0.812825 0.901106
vt 0.814341 0.893844
vt 0.477817 0.209667
vt 0.476257 0.200424
vt 0.483499 0.191006
vt 0.485702 0.205543
vt 0.482612 0.220984
vt 0.475351 0.222500
vt 0.837834 0.907735
vt 0.844856 0.906719
vt 0.840695 0.917971
vt 0.835069 0.917024
vt 0.468727 0.197490
vt 0.459437 0.200253
vt 0.458490 0.194627
vt 0.469742 0.190468
vt 0.828180 0.923957
vt 0.832088 0.926722
vt 0.823802 0.931079
vt 0.821835 0.927841
vt 0.452502 0.207141
vt 0.448618 0.213485
vt 0.445380 0.211518
vt 0.449740 0.203233
vt 0.820023 0.928936
vt 0.818072 0.926716
vt 0.820896 0.932267
vt 0.817207 0.930595
vt 0.447520 0.215297
vt 0.449740 0.217249
vt 0.445862 0.218113
vt 0.444189 0.214424
vt 0.816592 0.920840
vt 0.815775 0.919622
vt 0.455616 0.218730
vt 0.456834 0.219547
vt 0.814851 0.923862
vt 0.813610 0.922113
vt 0.816092 0.933406
vt 0.811247 0.935795
vt 0.452595 0.220471
vt 0.454344 0.221711
vt 0.440658 0.224071
vt 0.443051 0.219227
vt 0.812262 0.923769
vt 0.808520 0.931914
vt 0.806172 0.928080
vt 0.808948 0.919737
vt 0.452688 0.223059
vt 0.444540 0.226799
vt 0.456719 0.226374
vt 0.448374 0.229149
vt 0.799207 0.937990
vt 0.798995 0.931744
vt 0.800358 0.943982
vt 0.790284 0.947521
vt 0.790250 0.941524
vt 0.790101 0.935574
vt 0.438463 0.236111
vt 0.432472 0.234959
vt 0.444709 0.236325
vt 0.440880 0.245218
vt 0.434927 0.245068
vt 0.428930 0.245032
vt 0.799223 0.920793
vt 0.798912 0.910248
vt 0.789109 0.924727
vt 0.784047 0.913795
vt 0.455660 0.236099
vt 0.466206 0.236412
vt 0.462653 0.251276
vt 0.451724 0.246212
vt 0.785652 0.931315
vt 0.786296 0.939980
vt 0.784445 0.945966
vt 0.784290 0.929683
vt 0.445136 0.249668
vt 0.446765 0.251030
vt 0.430485 0.250872
vt 0.436471 0.249022
vt 0.783056 0.931504
vt 0.782573 0.940199
vt 0.778700 0.936036
vt 0.779327 0.924998
vt 0.444947 0.252264
vt 0.451451 0.255994
vt 0.440412 0.256619
vt 0.436252 0.252745
vt 0.768389 0.921105
vt 0.769347 0.932582
vt 0.761596 0.928794
vt 0.758032 0.920060
vt 0.768149 0.909908
vt 0.455340 0.266933
vt 0.456386 0.277290
vt 0.447654 0.273725
vt 0.443863 0.265973
vt 0.466540 0.267174
vt 0.786891 0.943675
vt 0.786290 0.948649
vt 0.432776 0.248427
vt 0.427802 0.249026
vt 0.782469 0.958694
vt 0.782585 0.948698
vt 0.784557 0.958899
vt 0.784700 0.969541
vt 0.780609 0.969196
vt 0.773705 0.968503
vt 0.777573 0.958206
vt 0.778500 0.947669
vt 0.417755 0.252844
vt 0.407255 0.254702
vt 0.406910 0.250610
vt 0.417552 0.250756
vt 0.427753 0.252731
vt 0.428782 0.256817
vt 0.418244 0.257740
vt 0.407945 0.261607
vt 0.781970 0.943826
vt 0.778573 0.941847
vt 0.432625 0.253348
vt 0.434601 0.256745
vt 0.769365 0.938609
vt 0.768134 0.944226
vt 0.756726 0.936017
vt 0.759532 0.932650
vt 0.437839 0.265953
vt 0.443795 0.275787
vt 0.440428 0.278594
vt 0.432223 0.267184
vt 0.754825 0.924031
vt 0.753337 0.921858
vt 0.452414 0.280496
vt 0.454590 0.281984
vt 0.768641 0.904114
vt 0.783829 0.905989
vt 0.768583 0.897599
vt 0.783933 0.899321
vt 0.472335 0.266682
vt 0.470462 0.251494
vt 0.477130 0.251391
vt 0.478849 0.266741
vt 0.798431 0.904448
vt 0.798816 0.897589
vt 0.472006 0.236893
vt 0.478865 0.236508
vt 0.833735 0.877424
vt 0.816834 0.881229
vt 0.819784 0.868274
vt 0.837121 0.863802
vt 0.848306 0.876439
vt 0.499035 0.201591
vt 0.512657 0.198206
vt 0.508182 0.215542
vt 0.495227 0.218493
vt 0.500023 0.187021
vt 0.799984 0.884902
vt 0.801426 0.871584
vt 0.784013 0.886566
vt 0.783973 0.873171
vt 0.491552 0.235342
vt 0.504870 0.233900
vt 0.503280 0.251354
vt 0.489885 0.251312
vt 0.752293 0.923629
vt 0.751736 0.933474
vt 0.750591 0.930721
vt 0.751109 0.919228
vt 0.452816 0.283027
vt 0.442971 0.283584
vt 0.457218 0.284212
vt 0.445725 0.284729
vt 0.750490 0.920525
vt 0.749572 0.926889
vt 0.747635 0.924680
vt 0.749116 0.916313
vt 0.455920 0.284831
vt 0.460133 0.286206
vt 0.451765 0.287685
vt 0.449557 0.285748
vt 0.662340 0.869744
vt 0.660603 0.855985
vt 0.764423 0.862680
vt 0.783923 0.863791
vt 0.766457 0.871805
vt 0.513768 0.270903
vt 0.504643 0.268869
vt 0.512660 0.251404
vt 0.687184 0.665088
vt 0.688921 0.651329
vt 0.661318 0.842058
vt 0.649520 0.841514
vt 0.652464 0.825997
vt 0.664117 0.827790
vt 0.803436 0.862409
vt 0.821841 0.859456
vt 0.688206 0.637403
vt 0.685408 0.623134
vt 0.697061 0.621341
vt 0.700005 0.636858
vt 0.514048 0.231891
vt 0.517004 0.213485
vt 0.668111 0.813453
vt 0.656099 0.811447
vt 0.838153 0.854967
vt 0.681413 0.608797
vt 0.693425 0.606791
vt 0.521492 0.197172
vt 0.857587 0.880493
vt 0.863654 0.887445
vt 0.861158 0.900115
vt 0.854603 0.894857
vt 0.495969 0.177740
vt 0.489017 0.171672
vt 0.481605 0.180723
vt 0.476350 0.174167
vt 0.852119 0.908561
vt 0.857948 0.913160
vt 0.852723 0.922020
vt 0.847617 0.920780
vt 0.467900 0.183205
vt 0.463302 0.177374
vt 0.455679 0.187704
vt 0.454442 0.182598
vt 0.632468 0.811921
vt 0.629803 0.826490
vt 0.602633 0.828212
vt 0.603420 0.812914
vt 0.717056 0.607262
vt 0.719721 0.621831
vt 0.746104 0.608256
vt 0.746892 0.623550
vt 0.627571 0.842047
vt 0.601506 0.843807
vt 0.721954 0.637389
vt 0.748020 0.639146
vt 0.577463 0.875965
vt 0.577260 0.862039
vt 0.772066 0.671304
vt 0.772268 0.657381
vt 0.563841 0.157257
vt 0.557811 0.144719
vt 0.565772 0.172588
vt 0.545493 0.852462
vt 0.543703 0.837457
vt 0.557266 0.833171
vt 0.558788 0.850240
vt 0.303988 0.210476
vt 0.302056 0.225809
vt 0.310021 0.197940
vt 0.804035 0.647806
vt 0.790739 0.645581
vt 0.792260 0.628513
vt 0.805823 0.632799
vt 0.561518 0.190740
vt 0.554233 0.209836
vt 0.537614 0.819431
vt 0.527715 0.800556
vt 0.552538 0.813571
vt 0.306308 0.243961
vt 0.313589 0.263063
vt 0.811910 0.614770
vt 0.796985 0.608910
vt 0.821807 0.595895
vt 0.577542 0.846783
vt 0.577451 0.830308
vt 0.771985 0.642124
vt 0.772074 0.625650
vt 0.575588 0.812733
vt 0.773935 0.608075
vt 0.714786 0.909155
vt 0.722421 0.907010
vt 0.726910 0.918327
vt 0.719802 0.921226
vt 0.714455 0.922625
vt 0.708606 0.913975
vt 0.467287 0.320536
vt 0.455220 0.315519
vt 0.458115 0.308411
vt 0.469433 0.312901
vt 0.462467 0.326715
vt 0.453818 0.320867
vt 0.729524 0.907872
vt 0.736601 0.910371
vt 0.736830 0.916376
vt 0.732621 0.917284
vt 0.468574 0.305798
vt 0.466072 0.298721
vt 0.459161 0.302700
vt 0.460070 0.298491
vt 0.739652 0.924289
vt 0.735708 0.927111
vt 0.742194 0.920897
vt 0.745977 0.928200
vt 0.744008 0.931476
vt 0.452154 0.295669
vt 0.455548 0.293128
vt 0.449332 0.299613
vt 0.444969 0.291312
vt 0.448245 0.289343
vt 0.728571 0.931750
vt 0.737486 0.937752
vt 0.727903 0.942069
vt 0.719084 0.932431
vt 0.444696 0.306749
vt 0.444011 0.316237
vt 0.434377 0.307416
vt 0.438690 0.297833
vt 0.134563 0.577512
vt 0.126799 0.582176
vt 0.116702 0.577876
vt 0.124502 0.574132
vt 0.131961 0.570585
vt 0.141055 0.571597
vt 0.152302 0.573059
vt 0.145810 0.579683
vt 0.741496 0.939980
vt 0.733074 0.946226
vt 0.746956 0.932588
vt 0.743847 0.941360
vt 0.736069 0.948643
vt 0.436465 0.293823
vt 0.443858 0.288364
vt 0.430219 0.302244
vt 0.427802 0.299249
vt 0.435086 0.291472
vt 0.059677 0.608201
vt 0.048430 0.610372
vt 0.041938 0.603748
vt 0.053185 0.602286
vt 0.062279 0.601274
vt 0.069738 0.604818
vt 0.077538 0.608565
vt 0.067442 0.612865
vt 0.038721 0.610558
vt 0.039768 0.617173
vt 0.031144 0.605984
vt 0.155519 0.579869
vt 0.163096 0.575295
vt 0.154472 0.586484
vt 0.043910 0.628472
vt 0.150330 0.597783
vt 0.075477 0.618208
vt 0.071056 0.616642
vt 0.080481 0.613634
vt 0.084065 0.615958
vt 0.118763 0.587519
vt 0.110176 0.585269
vt 0.113760 0.582945
vt 0.123185 0.585953
vt 0.766090 0.955155
vt 0.759799 0.964477
vt 0.747676 0.958056
vt 0.754235 0.949128
vt 0.421294 0.269225
vt 0.411971 0.275514
vt 0.427318 0.281082
vt 0.418389 0.287639
vt 0.747429 0.944146
vt 0.741377 0.952516
vt 0.432299 0.287889
vt 0.423929 0.293940
vt 0.747743 0.929358
vt 0.447088 0.287577
vt 0.743698 0.913067
vt 0.463379 0.291623
vt 0.767765 0.885069
vt 0.491379 0.267560
vt 0.667645 0.224034
vt 0.638482 0.223626
vt 0.693843 0.227915
vt 0.686033 0.260286
vt 0.661503 0.252792
vt 0.632101 0.248840
vt 0.200176 0.277231
vt 0.173977 0.281106
vt 0.229339 0.276828
vt 0.235714 0.302045
vt 0.206312 0.305989
vt 0.181783 0.313480
vt 0.602632 0.227195
vt 0.594985 0.249721
vt 0.560921 0.250597
vt 0.569207 0.230260
vt 0.265187 0.280408
vt 0.272828 0.302937
vt 0.298610 0.283482
vt 0.306891 0.303821
vt 0.547294 0.227824
vt 0.540442 0.246872
vt 0.516319 0.783633
vt 0.504449 0.766337
vt 0.320525 0.281057
vt 0.327371 0.300107
vt 0.833202 0.578972
vt 0.845071 0.561673
vt 0.585730 0.273512
vt 0.623231 0.274669
vt 0.617332 0.292584
vt 0.579682 0.290536
vt 0.545298 0.288656
vt 0.551574 0.272458
vt 0.282076 0.326728
vt 0.288117 0.343755
vt 0.250469 0.345794
vt 0.244577 0.327877
vt 0.316230 0.325688
vt 0.322501 0.341888
vt 0.364634 0.937677
vt 0.367645 0.911914
vt 0.394942 0.945379
vt 0.391501 0.960113
vt 0.363118 0.953005
vt 0.597879 0.401133
vt 0.628183 0.393431
vt 0.600889 0.426896
vt 0.596362 0.385804
vt 0.624743 0.378696
vt 0.430571 0.959299
vt 0.427045 0.973369
vt 0.663812 0.379507
vt 0.660284 0.365438
vt 0.532972 0.268779
vt 0.527620 0.284977
vt 0.492491 0.746119
vt 0.486610 0.730145
vt 0.334834 0.322015
vt 0.340180 0.338215
vt 0.857029 0.541454
vt 0.862909 0.525481
vt 0.257264 0.873572
vt 0.256994 0.831654
vt 0.287328 0.831021
vt 0.286981 0.870490
vt 0.490506 0.465230
vt 0.520222 0.468315
vt 0.520570 0.507784
vt 0.490235 0.507148
vt 0.314300 0.871405
vt 0.316883 0.834528
vt 0.341928 0.875616
vt 0.547544 0.467402
vt 0.575172 0.463192
vt 0.550125 0.504279
vt 0.372276 0.882606
vt 0.605518 0.456204
vt 0.044063 0.732591
vt 0.010000 0.751449
vt 0.010597 0.717309
vt 0.044049 0.702483
vt 0.078851 0.684554
vt 0.079388 0.711302
vt 0.277296 0.606190
vt 0.312621 0.627483
vt 0.312084 0.654230
vt 0.277282 0.636298
vt 0.243830 0.621470
vt 0.243236 0.587329
vt 0.115377 0.695684
vt 0.114597 0.669895
vt 0.153299 0.659703
vt 0.153289 0.686181
vt 0.155177 0.722101
vt 0.118550 0.730443
vt 0.348610 0.643104
vt 0.386522 0.652611
vt 0.386533 0.679089
vt 0.347830 0.668894
vt 0.351783 0.608345
vt 0.388410 0.616691
vt 0.193712 0.683771
vt 0.196529 0.655685
vt 0.191983 0.719959
vt 0.426946 0.655024
vt 0.429762 0.683111
vt 0.425218 0.618836
vt 0.257946 0.779761
vt 0.289816 0.785377
vt 0.225862 0.776981
vt 0.491185 0.559042
vt 0.523058 0.553427
vt 0.459101 0.561818
vt 0.321454 0.794705
vt 0.554696 0.544101
vt 0.193012 0.776576
vt 0.158916 0.779128
vt 0.426248 0.562220
vt 0.392152 0.559664
vt 0.122759 0.785549
vt 0.355995 0.553240
vt 0.652221 0.280155
vt 0.675295 0.288456
vt 0.666286 0.305347
vt 0.645159 0.297910
vt 0.215588 0.333357
vt 0.192515 0.341653
vt 0.222645 0.351115
vt 0.201520 0.358546
vt 0.697298 0.299303
vt 0.709855 0.271289
vt 0.686275 0.314877
vt 0.170513 0.352497
vt 0.157960 0.324481
vt 0.181533 0.368074
vt 0.768465 0.261556
vt 0.785083 0.275304
vt 0.747120 0.246259
vt 0.099353 0.314742
vt 0.120699 0.299447
vt 0.082734 0.328490
vt 0.721326 0.235176
vt 0.146494 0.288365
vt 0.839128 0.931419
vt 0.848418 0.932015
vt 0.839727 0.941943
vt 0.830356 0.937438
vt 0.445043 0.196190
vt 0.439022 0.204962
vt 0.434519 0.195589
vt 0.444446 0.186900
vt 0.826613 0.939805
vt 0.834792 0.946109
vt 0.831918 0.948835
vt 0.824365 0.941458
vt 0.436654 0.208704
vt 0.435001 0.210952
vt 0.427627 0.203396
vt 0.430351 0.200523
vt 0.820716 0.944398
vt 0.826716 0.953140
vt 0.820192 0.958732
vt 0.813786 0.949412
vt 0.432061 0.214600
vt 0.427044 0.221529
vt 0.417727 0.215119
vt 0.423319 0.208597
vt 0.802306 0.955201
vt 0.808531 0.964688
vt 0.795537 0.968375
vt 0.791419 0.958119
vt 0.421255 0.233008
vt 0.418335 0.243895
vt 0.408076 0.239772
vt 0.411769 0.226780
vt 0.786687 0.958647
vt 0.788874 0.969108
vt 0.417804 0.248626
vt 0.407343 0.246436
vt 0.817414 0.158262
vt 0.832575 0.106791
vt 0.857458 0.115169
vt 0.837289 0.163876
vt 0.821388 0.218300
vt 0.806678 0.215655
vt 0.799593 0.280989
vt 0.814558 0.281857
vt 0.072479 0.614195
vt 0.080418 0.611256
vt 0.121761 0.583506
vt 0.113822 0.580567
vt 0.566676 0.938017
vt 0.782845 0.733362
vt 0.039241 0.501572
vt 0.045916 0.476021
vt 0.034677 0.522839
vt 0.021543 0.519366
vt 0.027178 0.498589
vt 0.033609 0.473454
vt 0.057123 0.440174
vt 0.067288 0.395226
vt 0.042270 0.437661
vt 0.050701 0.393750
vt 0.029671 0.545327
vt 0.024817 0.564919
vt 0.010000 0.560893
vt 0.015455 0.541498
vt 0.050405 0.211450
vt 0.035242 0.159983
vt 0.061141 0.268844
vt 0.046431 0.271488
vt 0.030529 0.217067
vt 0.010358 0.168361
vt 0.068224 0.334175
vt 0.053259 0.335046
vt 0.819495 0.855495
vt 0.731085 0.868448
vt 0.723426 0.846673
vt 0.808622 0.831849
vt 0.876601 0.815188
vt 0.890160 0.842070
vt 0.904097 0.871952
vt 0.830538 0.881182
vt 0.738210 0.891391
vt 0.821392 0.599625
vt 0.892759 0.608539
vt 0.880950 0.636230
vt 0.812061 0.623918
vt 0.726108 0.614552
vt 0.732344 0.592332
vt 0.737973 0.568980
vt 0.830762 0.573287
vt 0.904756 0.577829
vt 0.634040 0.878575
vt 0.629449 0.857875
vt 0.637331 0.900137
vt 0.534286 0.906973
vt 0.533691 0.886255
vt 0.531331 0.866187
vt 0.634862 0.588431
vt 0.636745 0.566700
vt 0.631631 0.609386
vt 0.533204 0.607444
vt 0.534237 0.587262
vt 0.533474 0.566549
vt 0.435541 0.890679
vt 0.433742 0.871510
vt 0.435461 0.910666
vt 0.340514 0.912048
vt 0.340280 0.893074
vt 0.338261 0.875120
vt 0.436018 0.589234
vt 0.434611 0.569296
vt 0.435505 0.608480
vt 0.340024 0.611206
vt 0.340820 0.593153
vt 0.339779 0.574206
vt 0.248877 0.894694
vt 0.246559 0.878185
vt 0.249371 0.912127
vt 0.165759 0.911851
vt 0.165191 0.896525
vt 0.162411 0.882008
vt 0.249535 0.597618
vt 0.248832 0.580194
vt 0.248355 0.614247
vt 0.164171 0.616183
vt 0.165934 0.601508
vt 0.165434 0.586177
vt 0.093169 0.899800
vt 0.089402 0.888832
vt 0.093662 0.911948
vt 0.043526 0.912105
vt 0.042973 0.903798
vt 0.053156 0.895800
vt 0.093874 0.603179
vt 0.093503 0.591026
vt 0.090893 0.614388
vt 0.054253 0.610016
vt 0.043528 0.602763
vt 0.043486 0.594435
vt 0.247885 0.928796
vt 0.338782 0.930204
vt 0.336085 0.947329
vt 0.245085 0.944528
vt 0.161217 0.940290
vt 0.164382 0.926488
vt 0.246213 0.563667
vt 0.242344 0.548166
vt 0.332988 0.539299
vt 0.336831 0.556206
vt 0.163049 0.571669
vt 0.158936 0.558120
vt 0.433262 0.929638
vt 0.430438 0.947828
vt 0.532440 0.926703
vt 0.530007 0.945853
vt 0.431157 0.550512
vt 0.427129 0.532550
vt 0.526648 0.528031
vt 0.530336 0.546979
vt 0.637827 0.920966
vt 0.636955 0.941244
vt 0.742323 0.913748
vt 0.744126 0.935291
vt 0.635888 0.545884
vt 0.633698 0.525704
vt 0.741055 0.524794
vt 0.740640 0.546407
vt 0.838737 0.906251
vt 0.914173 0.901678
vt 0.919976 0.929579
vt 0.843481 0.929850
vt 0.837339 0.547746
vt 0.912916 0.547523
vt 0.840565 0.523892
vt 0.916933 0.519313
vt 0.934206 0.831568
vt 0.918946 0.801049
vt 0.948876 0.783904
vt 0.964907 0.813932
vt 0.988436 0.855025
vt 0.948668 0.865070
vt 0.937377 0.616227
vt 0.969134 0.631881
vt 0.955057 0.662866
vt 0.924101 0.647653
vt 0.949672 0.581875
vt 0.990000 0.589381
vt 0.906333 0.775078
vt 0.865750 0.791079
vt 0.856022 0.763556
vt 0.893809 0.746416
vt 0.921412 0.729297
vt 0.935567 0.758468
vt 0.428231 0.965665
vt 0.528388 0.964956
vt 0.526816 0.985973
vt 0.425879 0.985074
vt 0.330379 0.981103
vt 0.333468 0.963671
vt 0.636240 0.961124
vt 0.744135 0.955562
vt 0.743611 0.977562
vt 0.635398 0.982778
vt 0.844055 0.951463
vt 0.920136 0.953497
vt 0.917332 0.978056
vt 0.843189 0.974765
vt 0.955083 0.959121
vt 0.957025 0.933237
vt 0.982450 0.939271
vt 0.976059 0.965822
vt 0.970247 0.990000
vt 0.949942 0.983961
vt 0.954805 0.900103
vt 0.980027 0.900752
vt 0.953568 0.546523
vt 0.953679 0.513316
vt 0.978674 0.505689
vt 0.978699 0.544280
vt 0.800152 0.809096
vt 0.717141 0.824704
vt 0.711229 0.799210
vt 0.792779 0.782729
vt 0.624899 0.836432
vt 0.527928 0.845373
vt 0.523464 0.821125
vt 0.619884 0.811421
vt 0.430749 0.851972
vt 0.335194 0.857125
vt 0.330917 0.836777
vt 0.426576 0.829484
vt 0.243078 0.861794
vt 0.158108 0.867767
vt 0.152208 0.852072
vt 0.238130 0.843521
vt 0.084833 0.877840
vt 0.036294 0.893629
vt 0.027884 0.886439
vt 0.077922 0.865853
vt 0.023540 0.904400
vt 0.022697 0.912362
vt 0.010000 0.912798
vt 0.013460 0.900752
vt 0.092269 0.923515
vt 0.088196 0.933831
vt 0.051935 0.927353
vt 0.041838 0.919832
vt 0.091297 0.579586
vt 0.086505 0.569588
vt 0.041253 0.586846
vt 0.050786 0.578619
vt 0.241926 0.959401
vt 0.237994 0.975028
vt 0.152559 0.966690
vt 0.157310 0.953225
vt 0.084120 0.943829
vt 0.078643 0.954186
vt 0.028387 0.936180
vt 0.035304 0.929456
vt 0.022756 0.919661
vt 0.013733 0.923626
vt 0.913174 0.674378
vt 0.871666 0.660983
vt 0.943401 0.689099
vt 0.931136 0.719113
vt 0.902504 0.703780
vt 0.863720 0.689072
vt 0.423741 0.514899
vt 0.523775 0.509075
vt 0.329275 0.523169
vt 0.325020 0.505985
vt 0.420105 0.495690
vt 0.520829 0.488206
vt 0.631692 0.505914
vt 0.739762 0.504564
vt 0.629447 0.484360
vt 0.737826 0.482642
vt 0.839764 0.502286
vt 0.915576 0.495432
vt 0.837413 0.479086
vt 0.911220 0.471101
vt 0.950102 0.487607
vt 0.970613 0.479597
vt 0.943401 0.463144
vt 0.963285 0.455834
vt 0.805074 0.647168
vt 0.721263 0.636879
vt 0.799413 0.673955
vt 0.717018 0.662704
vt 0.628496 0.631078
vt 0.531187 0.628436
vt 0.625130 0.656365
vt 0.528339 0.652929
vt 0.433830 0.628176
vt 0.338187 0.629368
vt 0.431174 0.650894
vt 0.335302 0.649961
vt 0.246017 0.630839
vt 0.160875 0.630690
vt 0.242338 0.649413
vt 0.156086 0.646760
vt 0.087119 0.625681
vt 0.037592 0.613390
vt 0.081080 0.638130
vt 0.029721 0.621164
vt 0.024104 0.603555
vt 0.022694 0.595676
vt 0.014311 0.607925
vt 0.010000 0.596159
vt 0.238177 0.533544
vt 0.154138 0.545486
vt 0.148466 0.532384
vt 0.233182 0.518226
vt 0.081736 0.559905
vt 0.034046 0.577713
vt 0.026666 0.571501
vt 0.075536 0.549965
vt 0.022231 0.588389
vt 0.012947 0.585087
vn 0.7136 0.6489 -0.2640
vn 0.6391 0.6888 -0.3421
vn 0.5009 0.7541 -0.4248
vn 0.5570 0.7423 -0.3725
vn 0.7765 0.5999 -0.1926
vn 0.7035 0.6579 -0.2690
vn 0.1802 0.6488 -0.7393
vn 0.3060 0.7423 -0.5962
vn 0.3644 0.7541 -0.5464
vn 0.2663 0.6888 -0.6742
vn 0.1863 0.6578 -0.7297
vn 0.1021 0.5999 -0.7935
vn 0.1879 0.9819 -0.0258
vn 0.4709 0.8702 0.1450
vn 0.4509 0.8444 0.2893
vn 0.1019 0.9893 0.1049
vn -0.0185 0.9996 0.0208
vn 0.0875 0.9913 -0.0982
vn 0.1107 0.9860 -0.1243
vn 0.1948 0.9793 -0.0541
vn 0.4265 0.8966 0.1189
vn 0.3201 0.9200 -0.2261
vn 0.4795 0.8758 -0.0551
vn 0.3147 0.9492 -0.0023
vn 0.2144 0.9658 -0.1455
vn 0.1719 0.9660 -0.1929
vn 0.2550 0.9236 -0.2862
vn 0.3408 0.8588 -0.3825
vn 0.4109 0.8534 -0.3209
vn 0.5835 0.7986 -0.1475
vn 0.6240 0.7698 0.1343
vn 0.4351 0.8781 0.1991
vn 0.7312 0.6817 0.0256
vn 0.8211 0.5592 0.1145
vn 0.7253 0.6371 0.2607
vn 0.5780 0.7274 0.3700
vn -0.2051 0.7698 -0.6044
vn -0.1095 0.6817 -0.7234
vn 0.0795 0.7986 -0.5965
vn -0.0003 0.8758 -0.4827
vn -0.0339 0.9492 -0.3128
vn -0.2478 0.8781 -0.4093
vn -0.4340 0.7274 -0.5316
vn -0.3424 0.6371 -0.6906
vn -0.2082 0.5592 -0.8025
vn 0.0875 0.9939 -0.0664
vn 0.0931 0.9956 0.0100
vn -0.0509 0.9987 -0.0017
vn -0.0206 0.9998 0.0080
vn -0.0113 0.9999 0.0127
vn 0.0787 0.9930 -0.0883
vn 0.5648 0.6138 0.5517
vn 0.3896 0.8072 0.4435
vn 0.6954 0.5607 0.4495
vn 0.7504 0.4590 0.4757
vn 0.6355 0.5199 0.5708
vn 0.5567 0.5383 0.6326
vn 0.4978 0.6241 0.6022
vn 0.3249 0.8346 0.4448
vn -0.6130 0.6138 -0.4976
vn -0.6401 0.5199 -0.5656
vn -0.5588 0.4590 -0.6907
vn -0.5264 0.5607 -0.6391
vn -0.4854 0.8072 -0.3360
vn -0.4792 0.8346 -0.2716
vn -0.6555 0.6241 -0.4253
vn -0.6925 0.5384 -0.4802
vn 0.1743 0.9633 0.2040
vn 0.0524 0.9880 0.1455
vn -0.2227 0.9633 -0.1497
vn -0.0207 0.9956 -0.0913
vn 0.0075 0.9987 0.0504
vn -0.1506 0.9880 -0.0353
vn -0.0342 0.9989 0.0329
vn -0.0181 0.9998 0.0081
vn 0.1500 0.9887 -0.0002
vn 0.0713 0.9967 -0.0398
vn 0.0482 0.9974 -0.0541
vn -0.0355 0.9986 0.0398
vn 0.1712 0.9787 -0.1132
vn 0.2918 0.9564 -0.0135
vn 0.3107 0.9497 0.0391
vn 0.1630 0.9830 -0.0842
vn 0.1125 0.9856 -0.1263
vn 0.1308 0.9805 -0.1468
vn 0.1430 0.9815 0.1269
vn 0.3981 0.8171 0.4169
vn 0.5161 0.7701 0.3749
vn 0.3270 0.9347 0.1396
vn -0.1425 0.9816 -0.1275
vn -0.4599 0.8172 -0.3475
vn -0.0060 0.9998 0.0188
vn -0.0170 0.9887 -0.1490
vn -0.1763 0.9347 -0.3087
vn -0.4318 0.7701 -0.4697
vn 0.6627 0.4281 0.6144
vn 0.7642 0.3481 0.5430
vn 0.7051 0.1357 0.6960
vn 0.6225 0.2449 0.7433
vn 0.6065 0.2455 0.7562
vn 0.5992 0.4521 0.6607
vn -0.6866 0.4280 -0.5877
vn -0.8100 0.2449 -0.5329
vn -0.7725 0.1357 -0.6204
vn -0.6272 0.3481 -0.6967
vn -0.7252 0.4521 -0.5193
vn -0.8209 0.2456 -0.5155
vn 0.5170 0.6136 0.5968
vn 0.5589 0.5180 0.6476
vn 0.6445 0.4699 0.6031
vn 0.6007 0.5922 0.5371
vn -0.6523 0.6136 -0.4450
vn -0.7076 0.5179 -0.4808
vn -0.6026 0.5922 -0.5350
vn -0.6733 0.4699 -0.5709
vn 0.4632 0.8735 0.1500
vn 0.6062 0.7199 0.3380
vn 0.6291 0.6907 0.3566
vn 0.4925 0.8463 0.2029
vn -0.2022 0.8735 -0.4428
vn -0.4055 0.7199 -0.5633
vn -0.0201 0.9564 -0.2914
vn -0.0746 0.9497 -0.3042
vn -0.2582 0.8463 -0.4659
vn -0.4266 0.6907 -0.5839
vn 0.1024 0.9947 -0.0024
vn 0.2743 0.9527 0.1308
vn 0.2399 0.9460 0.2180
vn 0.0472 0.9961 0.0742
vn -0.0191 0.9996 0.0214
vn 0.0440 0.9978 -0.0494
vn 0.0072 0.9911 0.1328
vn 0.2153 0.9338 0.2858
vn 0.2067 0.9222 0.3268
vn -0.0115 0.9861 0.1657
vn -0.0907 0.9907 0.1018
vn -0.0662 0.9950 0.0743
vn 0.6267 -0.2540 0.7367
vn 0.4521 -0.4216 0.7861
vn 0.3341 -0.2502 0.9087
vn 0.5371 -0.0977 0.8378
vn 0.7802 0.0100 0.6254
vn 0.8278 -0.0696 0.5567
vn 0.7049 -0.3422 0.6213
vn 0.5589 -0.5328 0.6354
vn -0.8039 -0.2540 -0.5378
vn -0.7110 0.0100 -0.7031
vn -0.8940 -0.0977 -0.4373
vn -0.9411 -0.2502 -0.2274
vn -0.8328 -0.4216 -0.3587
vn -0.6954 -0.5328 -0.4822
vn -0.6983 -0.3422 -0.6288
vn -0.6482 -0.0696 -0.7583
vn 0.4668 0.0382 0.8835
vn 0.2510 -0.1130 0.9614
vn 0.2526 -0.1073 0.9616
vn 0.4712 0.0479 0.8807
vn -0.9313 0.0382 -0.3622
vn -0.9839 -0.1130 -0.1388
vn -0.9291 0.0479 -0.3668
vn -0.9843 -0.1073 -0.1403
vn 0.6100 0.4205 0.6716
vn 0.6620 0.2767 0.6965
vn 0.7392 0.2351 0.6311
vn 0.6946 0.3488 0.6291
vn -0.7373 0.4205 -0.5287
vn -0.7680 0.2767 -0.5776
vn -0.7048 0.3488 -0.6177
vn -0.7119 0.2351 -0.6618
vn 0.6828 0.5573 0.4724
vn 0.7341 0.4081 0.5427
vn 0.7628 0.3573 0.5389
vn 0.7093 0.5255 0.4698
vn -0.5478 0.5574 -0.6238
vn -0.6235 0.4081 -0.6669
vn -0.5483 0.5255 -0.6506
vn -0.6231 0.3573 -0.6958
vn 0.4756 0.8322 0.2851
vn 0.6194 0.6698 0.4096
vn 0.6009 0.6484 0.4675
vn 0.4539 0.8127 0.3654
vn -0.3379 0.8322 -0.4397
vn -0.4781 0.6698 -0.5681
vn -0.1615 0.9527 -0.2574
vn -0.2441 0.9460 -0.2133
vn -0.4152 0.8127 -0.4089
vn -0.5335 0.6484 -0.5431
vn 0.4348 0.7920 0.4286
vn 0.5821 0.6278 0.5167
vn 0.5685 0.6121 0.5497
vn 0.4259 0.7745 0.4677
vn -0.4758 0.7920 -0.3827
vn -0.5802 0.6278 -0.5189
vn -0.3087 0.9338 -0.1810
vn -0.3484 0.9222 -0.1677
vn -0.5135 0.7745 -0.3693
vn -0.6114 0.6120 -0.5016
vn 0.7773 0.2667 0.5697
vn 0.8108 0.1706 0.5600
vn 0.8352 0.1033 0.5402
vn 0.8015 0.2017 0.5629
vn -0.6553 0.2667 -0.7067
vn -0.6495 0.1706 -0.7410
vn -0.6513 0.2017 -0.7315
vn -0.6326 0.1033 -0.7675
vn 0.7050 0.4987 0.5043
vn 0.7579 0.3184 0.5694
vn 0.7484 0.2880 0.5974
vn 0.6930 0.4746 0.5427
vn -0.5820 0.4986 -0.6424
vn -0.6528 0.3183 -0.6874
vn -0.6188 0.4746 -0.6260
vn -0.6795 0.2880 -0.6748
vn 0.6798 0.4528 0.5769
vn 0.7391 0.2669 0.6185
vn 0.7302 0.2532 0.6346
vn 0.6665 0.4380 0.6033
vn -0.6512 0.4529 -0.6089
vn -0.6994 0.2669 -0.6631
vn -0.6759 0.4380 -0.5927
vn -0.7144 0.2532 -0.6524
vn 0.6620 0.4306 0.6135
vn 0.5662 0.6029 0.5620
vn 0.7284 0.2417 0.6411
vn 0.7404 0.2294 0.6319
vn 0.6788 0.4225 0.6006
vn 0.5876 0.5909 0.5528
vn -0.6855 0.4306 -0.5871
vn -0.7206 0.2418 -0.6499
vn -0.6234 0.6027 -0.4981
vn -0.6167 0.5909 -0.5201
vn -0.6747 0.4225 -0.6052
vn -0.7128 0.2294 -0.6628
vn 0.7916 0.1505 0.5922
vn 0.8230 0.0381 0.5667
vn 0.7913 -0.0048 0.6114
vn 0.7753 0.1139 0.6212
vn -0.6793 0.1504 -0.7183
vn -0.6576 0.0381 -0.7524
vn -0.7062 0.1139 -0.6988
vn -0.6983 -0.0047 -0.7158
vn 0.7629 0.0953 0.6395
vn 0.7659 -0.0185 0.6426
vn 0.7628 -0.0244 0.6462
vn 0.7588 0.0847 0.6458
vn -0.7229 0.0954 -0.6843
vn -0.7264 -0.0185 -0.6870
vn -0.7287 0.0846 -0.6796
vn -0.7296 -0.0244 -0.6835
vn 0.4291 0.7619 0.4852
vn 0.2106 0.9138 0.3473
vn 0.4530 0.7462 0.4879
vn 0.2279 0.9053 0.3584
vn -0.5314 0.7618 -0.3706
vn -0.3692 0.9138 -0.1692
vn -0.3823 0.9053 -0.1852
vn -0.5366 0.7462 -0.3940
vn 0.4880 0.7208 0.4922
vn 0.2584 0.8927 0.3692
vn 0.6157 0.5708 0.5432
vn 0.6307 0.5468 0.5507
vn 0.5158 0.6904 0.5073
vn 0.2920 0.8771 0.3813
vn -0.5451 0.7208 -0.4282
vn -0.6104 0.5708 -0.5491
vn -0.3966 0.8926 -0.2145
vn -0.4123 0.8772 -0.2462
vn -0.5632 0.6904 -0.4540
vn -0.6196 0.5468 -0.5632
vn 0.6991 0.4121 0.5844
vn 0.7539 0.2196 0.6192
vn 0.7603 0.2122 0.6139
vn 0.7073 0.4001 0.5828
vn -0.6608 0.4122 -0.6272
vn -0.7017 0.2193 -0.6778
vn -0.6599 0.4004 -0.6357
vn -0.6971 0.2125 -0.6848
vn 0.5266 0.6658 0.5287
vn 0.3188 0.8648 0.3879
vn 0.6267 0.5244 0.5764
vn 0.5930 0.5159 0.6182
vn 0.5097 0.6633 0.5479
vn 0.3275 0.8654 0.3792
vn -0.5857 0.6657 -0.4623
vn -0.6445 0.5244 -0.5564
vn -0.4220 0.8649 -0.2720
vn -0.4143 0.8654 -0.2817
vn -0.6029 0.6633 -0.4434
vn -0.6824 0.5158 -0.5180
vn 0.4753 0.6926 0.5425
vn 0.3182 0.8826 0.3461
vn 0.5415 0.5354 0.6481
vn 0.4947 0.5875 0.6404
vn 0.4474 0.7422 0.4990
vn 0.3077 0.9064 0.2894
vn -0.5936 0.6927 -0.4098
vn -0.7061 0.5354 -0.4634
vn -0.3804 0.8826 -0.2763
vn -0.3229 0.9064 -0.2723
vn -0.5471 0.7422 -0.3870
vn -0.6930 0.5875 -0.4178
vn -0.0158 0.9834 0.1807
vn -0.0119 0.9820 0.1887
vn -0.1031 0.9879 0.1158
vn -0.1001 0.9886 0.1124
vn 0.0014 0.9817 0.1905
vn 0.0226 0.9823 0.1859
vn -0.0862 0.9916 0.0968
vn -0.0988 0.9889 0.1109
vn 0.0482 0.9839 0.1718
vn 0.0732 0.9867 0.1452
vn -0.0381 0.9984 0.0428
vn -0.0657 0.9951 0.0738
vn 0.0915 0.9898 0.1094
vn 0.1081 0.9918 0.0679
vn 0.0181 0.9996 -0.0203
vn -0.0098 0.9999 0.0110
vn 0.1276 0.9915 0.0268
vn 0.3084 0.9237 0.2273
vn 0.3249 0.9284 0.1802
vn 0.1476 0.9890 -0.0065
vn 0.0723 0.9941 -0.0812
vn 0.0466 0.9975 -0.0523
vn 0.1704 0.9848 -0.0337
vn 0.3650 0.9193 0.1469
vn 0.0949 0.9898 -0.1065
vn 0.5585 0.7709 0.3061
vn 0.4849 0.7955 0.3633
vn 0.5846 0.6364 0.5031
vn 0.6850 0.6020 0.4104
vn 0.7538 0.5772 0.3141
vn 0.6437 0.7234 0.2496
vn -0.3683 0.7709 -0.5196
vn -0.4865 0.6020 -0.6332
vn -0.5670 0.6364 -0.5229
vn -0.4167 0.7955 -0.4399
vn -0.2164 0.9284 -0.3021
vn -0.1879 0.9193 -0.3457
vn -0.1671 0.8966 -0.4100
vn -0.3220 0.7234 -0.6107
vn -0.3987 0.5772 -0.7127
vn 0.7155 0.6584 0.2336
vn 0.8036 0.5513 0.2240
vn 0.8934 0.4243 0.1475
vn 0.7516 0.5669 0.3371
vn -0.3143 0.6584 -0.6839
vn -0.4213 0.5669 -0.7079
vn -0.2493 0.4243 -0.8705
vn -0.3149 0.5513 -0.7725
vn -0.1982 0.8701 -0.4512
vn -0.3392 0.8444 -0.4147
vn 0.5130 -0.5886 0.6248
vn 0.3248 -0.8824 0.3404
vn -0.0974 -0.9696 0.2244
vn 0.0027 -0.7024 0.7118
vn 0.1018 -0.2691 0.9577
vn 0.5570 -0.2891 0.7786
vn 0.6979 -0.2580 0.6681
vn 0.6326 -0.5024 0.5894
vn 0.3893 -0.8435 0.3700
vn -0.6796 -0.5886 -0.4378
vn -0.8374 -0.2891 -0.4638
vn -0.9631 -0.2691 0.0089
vn -0.7074 -0.7024 0.0792
vn -0.2117 -0.9696 0.1226
vn -0.3755 -0.8824 -0.2835
vn -0.4123 -0.8435 -0.3442
vn -0.6582 -0.5024 -0.5606
vn -0.7440 -0.2580 -0.6164
vn 0.6501 -0.4882 0.5822
vn 0.3760 -0.8381 0.3952
vn 0.7372 -0.2572 0.6248
vn 0.7440 -0.2690 0.6116
vn 0.6410 -0.5031 0.5796
vn 0.3558 -0.8424 0.4046
vn -0.6531 -0.4882 -0.5789
vn -0.7053 -0.2575 -0.6605
vn -0.4359 -0.8381 -0.3282
vn -0.4429 -0.8424 -0.3070
vn -0.6495 -0.5032 -0.5701
vn -0.6931 -0.2690 -0.6688
vn 0.5989 -0.0790 0.7969
vn 0.3104 -0.0147 0.9505
vn 0.3943 0.0849 0.9150
vn 0.6465 0.0003 0.7629
vn 0.7471 -0.0497 0.6629
vn 0.7243 -0.1221 0.6786
vn -0.8605 -0.0790 -0.5033
vn -0.8322 0.0003 -0.5545
vn -0.9543 0.0849 -0.2865
vn -0.9799 -0.0147 -0.1991
vn -0.7573 -0.1221 -0.6415
vn -0.7441 -0.0497 -0.6662
vn 0.7623 -0.1390 0.6322
vn 0.7710 -0.0671 0.6333
vn 0.7805 -0.0673 0.6215
vn 0.7752 -0.1412 0.6158
vn -0.7156 -0.1390 -0.6846
vn -0.7177 -0.0671 -0.6931
vn -0.7008 -0.1412 -0.6992
vn -0.7071 -0.0673 -0.7039
vn 0.6670 0.0742 0.7413
vn 0.4524 0.1698 0.8755
vn 0.4880 0.2993 0.8199
vn 0.6459 0.2143 0.7327
vn 0.7258 0.1972 0.6590
vn 0.7541 0.0391 0.6556
vn -0.8131 0.0742 -0.5774
vn -0.8021 0.2143 -0.5573
vn -0.8706 0.2993 -0.3905
vn -0.9217 0.1698 -0.3488
vn -0.7380 0.0391 -0.6737
vn -0.7381 0.1972 -0.6452
vn 0.6200 -0.5219 0.5859
vn 0.3405 -0.8465 0.4092
vn 0.7336 -0.2859 0.6165
vn 0.7118 -0.3073 0.6316
vn 0.5915 -0.5376 0.6009
vn 0.3340 -0.8461 0.4154
vn -0.6533 -0.5219 -0.5485
vn -0.6968 -0.2856 -0.6580
vn -0.4456 -0.8465 -0.2912
vn -0.4511 -0.8461 -0.2840
vn -0.6649 -0.5376 -0.5185
vn -0.7092 -0.3073 -0.6345
vn 0.5816 -0.5458 0.6032
vn 0.3688 -0.8460 0.3850
vn 0.6912 -0.3303 0.6427
vn 0.6908 -0.3445 0.6357
vn 0.6142 -0.5394 0.5761
vn 0.4648 -0.8437 0.2688
vn -0.6660 -0.5458 -0.5084
vn -0.7180 -0.3304 -0.6127
vn -0.4248 -0.8460 -0.3221
vn -0.3205 -0.8437 -0.4308
vn -0.6429 -0.5394 -0.5439
vn -0.7111 -0.3447 -0.6128
vn 0.7748 -0.1425 0.6159
vn 0.7824 -0.0592 0.6200
vn 0.7771 -0.0472 0.6276
vn 0.7660 -0.1453 0.6262
vn -0.7009 -0.1425 -0.6989
vn -0.7058 -0.0592 -0.7059
vn -0.7101 -0.1453 -0.6889
vn -0.7125 -0.0471 -0.7000
vn 0.7744 0.0325 0.6319
vn 0.7549 0.2051 0.6230
vn 0.7796 0.0320 0.6255
vn -0.7167 0.0325 -0.6966
vn -0.7056 0.2051 -0.6782
vn -0.7110 0.0320 -0.7025
vn 0.5959 0.3799 0.7075
vn 0.5029 0.4422 0.7426
vn 0.6633 0.3699 0.6506
vn -0.7714 0.3799 -0.5106
vn -0.7955 0.4422 -0.4142
vn -0.7225 0.3699 -0.5841
vn 0.7539 -0.1490 0.6399
vn 0.7691 -0.0341 0.6382
vn 0.7469 -0.1502 0.6477
vn -0.7224 -0.1487 -0.6753
vn -0.7224 -0.0341 -0.6906
vn -0.7293 -0.1503 -0.6675
vn 0.7773 0.0400 0.6279
vn 0.7698 0.0546 0.6360
vn -0.7133 0.0403 -0.6997
vn -0.7203 0.0548 -0.6914
vn 0.6997 0.3838 0.6026
vn -0.6790 0.3838 -0.6258
vn 0.4453 0.7846 0.4314
vn 0.4986 0.6363 0.5886
vn -0.4797 0.7846 -0.3927
vn -0.6420 0.6363 -0.4276
vn -0.2612 0.9237 -0.2802
vn 0.7615 0.0714 0.6443
vn -0.7275 0.0714 -0.6823
vn 0.7578 -0.1456 0.6360
vn 0.7267 -0.3334 0.6007
vn 0.8076 -0.1243 0.5764
vn 0.8185 -0.2842 0.4993
vn -0.7189 -0.1456 -0.6796
vn -0.6802 -0.3335 -0.6528
vn -0.5901 -0.2842 -0.7557
vn -0.6655 -0.1243 -0.7360
vn 0.6901 -0.5051 0.5183
vn 0.8378 -0.4188 0.3503
vn 0.8527 -0.5126 -0.1009
vn 0.6313 -0.6510 0.4215
vn -0.5942 -0.5051 -0.6260
vn -0.4912 -0.6510 -0.5786
vn 0.0022 -0.5126 -0.8587
vn -0.4443 -0.4188 -0.7920
vn -0.2393 -0.4203 0.8753
vn -0.3894 -0.5027 0.7718
vn -0.4162 -0.5568 0.7189
vn -0.3000 -0.4829 0.8227
vn -0.1619 -0.3751 0.9128
vn -0.1076 -0.3241 0.9399
vn 0.0209 -0.4088 0.9124
vn -0.1071 -0.4901 0.8651
vn -0.2962 -0.5805 0.7585
vn -0.8420 -0.4203 0.3383
vn -0.9213 -0.3240 0.2149
vn -0.8881 -0.3751 0.2657
vn -0.7827 -0.4829 0.3926
vn -0.6663 -0.5567 0.4961
vn -0.7218 -0.5027 0.4757
vn -0.7194 -0.5805 0.3814
vn -0.8470 -0.4901 0.2058
vn -0.9088 -0.4088 0.0842
vn 0.0455 -0.6204 0.7830
vn -0.1785 -0.7074 0.6839
vn 0.1803 -0.5582 0.8098
vn 0.2974 -0.6944 0.6552
vn 0.1386 -0.7448 0.6527
vn -0.1045 -0.8084 0.5793
vn -0.7830 -0.6204 0.0448
vn -0.8252 -0.5582 -0.0860
vn -0.6588 -0.7074 0.2559
vn -0.5634 -0.8084 0.1704
vn -0.6644 -0.7448 -0.0627
vn -0.6850 -0.6945 -0.2201
vn 0.1792 -0.8499 0.4955
vn -0.0578 -0.8927 0.4469
vn 0.3593 -0.7923 0.4931
vn 0.3584 -0.8427 0.4017
vn 0.1800 -0.9114 0.3701
vn -0.0245 -0.9473 0.3193
vn -0.5128 -0.8499 -0.1210
vn -0.5311 -0.7923 -0.3002
vn -0.4373 -0.8927 0.1088
vn -0.3144 -0.9473 0.0611
vn -0.3883 -0.9114 -0.1362
vn -0.4403 -0.8427 -0.3099
vn -0.5149 -0.5392 0.6665
vn -0.4636 -0.6222 0.6308
vn -0.5182 -0.6270 0.5817
vn -0.5580 -0.5445 0.6263
vn -0.5366 -0.5910 0.6023
vn -0.5042 -0.5865 0.6339
vn 0.0473 -0.2275 0.9726
vn 0.0194 -0.2495 0.9682
vn 0.1542 -0.3414 0.9272
vn -0.9716 -0.2275 0.0649
vn -0.9640 -0.2495 0.0920
vn -0.9388 -0.3414 -0.0465
vn 0.2990 -0.5098 0.8067
vn 0.4216 -0.6405 0.6419
vn -0.8357 -0.5098 -0.2043
vn -0.6862 -0.6404 -0.3451
vn 0.4969 -0.7154 0.4913
vn 0.6298 -0.5839 0.5123
vn 0.6273 -0.5933 0.5045
vn 0.4979 -0.7463 0.4417
vn -0.5452 -0.7154 -0.4371
vn -0.5813 -0.5839 -0.5667
vn -0.4961 -0.7463 -0.4438
vn -0.5733 -0.5933 -0.5651
vn 0.7558 -0.3774 0.5351
vn 0.7408 -0.3762 0.5565
vn 0.8508 -0.1174 0.5122
vn 0.8223 -0.1410 0.5513
vn -0.6185 -0.3774 -0.6893
vn -0.6380 -0.3761 -0.6719
vn -0.6421 -0.1410 -0.7535
vn -0.6066 -0.1174 -0.7863
vn 0.8419 0.2492 0.4786
vn 0.8397 0.3835 0.3846
vn 0.9163 0.2571 0.3071
vn 0.8835 0.1602 0.4403
vn -0.5722 0.2492 -0.7813
vn -0.4786 0.3835 -0.7899
vn -0.5389 0.1602 -0.8270
vn -0.4103 0.2570 -0.8750
vn 0.8014 0.4979 0.3315
vn 0.8903 0.4193 0.1778
vn -0.4214 0.4979 -0.7579
vn -0.2790 0.4193 -0.8639
vn 0.8943 0.0879 0.4388
vn 0.9066 0.1465 0.3958
vn 0.8700 0.1435 0.4716
vn 0.8641 0.0458 0.5012
vn -0.5387 0.0879 -0.8379
vn -0.5972 0.0458 -0.8008
vn -0.5685 0.1435 -0.8101
vn -0.4974 0.1465 -0.8550
vn 0.7830 0.0171 0.6217
vn 0.8083 0.1333 0.5735
vn 0.7317 -0.1484 0.6653
vn -0.7077 0.0171 -0.7063
vn -0.6626 0.1333 -0.7370
vn -0.7450 -0.1484 -0.6503
vn 0.6638 -0.3477 0.6622
vn 0.5719 -0.5749 0.5852
vn -0.7341 -0.3477 -0.5832
vn -0.6470 -0.5749 -0.5008
vn 0.4534 -0.7558 0.4725
vn 0.3256 -0.8655 0.3807
vn -0.5215 -0.7558 -0.3961
vn -0.4156 -0.8655 -0.2797
vn 0.8229 0.0314 0.5673
vn 0.8149 0.0999 0.5709
vn 0.8546 0.0823 0.5127
vn 0.8703 0.0623 0.4886
vn 0.8837 0.2366 0.4039
vn 0.8400 0.1466 0.5224
vn -0.6582 0.0314 -0.7522
vn -0.5854 0.0624 -0.8084
vn -0.6076 0.0823 -0.7900
vn -0.6608 0.0999 -0.7439
vn -0.6155 0.1466 -0.7744
vn -0.5029 0.2366 -0.8314
vn 0.8092 0.1811 0.5589
vn 0.8573 0.1543 0.4912
vn -0.6482 0.1811 -0.7396
vn -0.5865 0.1543 -0.7951
vn 0.9018 0.1247 0.4137
vn 0.8990 0.1103 0.4238
vn 0.9631 0.1930 0.1877
vn 0.9648 0.2427 0.1012
vn -0.5146 0.1247 -0.8483
vn -0.5244 0.1103 -0.8443
vn -0.2115 0.2426 -0.9468
vn -0.2971 0.1930 -0.9351
vn 0.9360 0.3512 -0.0253
vn 0.8619 0.5004 -0.0818
vn 0.8060 0.5418 -0.2385
vn 0.8952 0.4055 -0.1851
vn -0.0824 0.3512 -0.9327
vn -0.0178 0.5004 -0.8656
vn 0.0810 0.4055 -0.9105
vn 0.1442 0.5418 -0.8280
vn 0.5504 0.7647 -0.3352
vn 0.4270 0.8349 -0.3473
vn 0.1339 0.9612 -0.2411
vn 0.2632 0.9139 -0.3092
vn 0.3673 0.8462 -0.3860
vn 0.6747 0.6601 -0.3303
vn 0.7064 0.6605 -0.2543
vn 0.5711 0.7504 -0.3327
vn 0.2697 0.7647 -0.5853
vn 0.2505 0.6602 -0.7081
vn 0.3412 0.8462 -0.4093
vn 0.2769 0.9139 -0.2970
vn 0.2241 0.9612 -0.1607
vn 0.2960 0.8349 -0.4641
vn 0.2649 0.7504 -0.6056
vn 0.1715 0.6605 -0.7310
vn 0.7938 0.5408 -0.2782
vn 0.6496 0.6944 -0.3095
vn 0.8164 0.5715 -0.0832
vn 0.9245 0.3811 0.0034
vn 0.1851 0.5408 -0.8205
vn 0.2328 0.6944 -0.6809
vn -0.1097 0.3811 -0.9180
vn -0.0112 0.5715 -0.8205
vn 0.9155 0.1797 0.3601
vn 0.8892 0.3945 0.2318
vn -0.4629 0.1798 -0.8680
vn -0.3325 0.3945 -0.8566
vn 0.7691 0.6264 -0.1269
vn 0.6230 0.7378 -0.2598
vn 0.0377 0.6264 -0.7786
vn 0.1864 0.7378 -0.6488
vn 0.4660 0.7879 -0.4026
vn 0.4046 0.7938 -0.4541
vn 0.4052 0.7931 -0.4548
vn 0.4498 0.7875 -0.4213
vn 0.3557 0.8619 -0.3615
vn 0.3325 0.8661 -0.3732
vn 0.1808 0.9624 -0.2029
vn 0.1749 0.9624 -0.2079
vn 0.0159 0.9989 -0.0452
vn -0.0500 0.9949 -0.0878
vn 0.0326 0.9988 -0.0366
vn -0.0347 0.9986 0.0389
vn -0.0422 0.9985 0.0353
vn -0.0868 0.9961 0.0148
vn -0.1184 0.9833 0.1384
vn -0.1175 0.9796 0.1632
vn -0.1188 0.9839 0.1333
vn 0.2972 0.7976 -0.5249
vn 0.4155 0.7725 -0.4802
vn 0.4655 0.7709 -0.4348
vn 0.3157 0.8087 -0.4963
vn 0.0832 0.8257 -0.5580
vn 0.1105 0.8110 -0.5746
vn 0.1791 0.8068 -0.5630
vn 0.3007 0.7941 -0.5282
vn 0.3795 0.7786 -0.4998
vn 0.4872 0.7976 -0.3555
vn 0.5580 0.8110 -0.1758
vn 0.5447 0.8257 -0.1468
vn 0.4567 0.8088 -0.3706
vn 0.3784 0.7709 -0.5124
vn 0.4293 0.7725 -0.4679
vn 0.4528 0.7786 -0.4344
vn 0.4902 0.7940 -0.3595
vn 0.5387 0.8068 -0.2426
vn 0.5335 0.7343 -0.4198
vn 0.5977 0.7187 -0.3553
vn 0.4314 0.7684 -0.4727
vn 0.3557 0.7342 -0.5782
vn 0.2842 0.7188 -0.6345
vn 0.4200 0.7684 -0.4829
vn 0.8355 0.5437 -0.0795
vn 0.8857 0.4491 0.1177
vn 0.8210 0.5709 0.0017
vn 0.7585 0.6301 -0.1664
vn -0.0171 0.5437 -0.8391
vn 0.0781 0.6301 -0.7726
vn -0.0961 0.5709 -0.8154
vn -0.2187 0.4492 -0.8663
vn -0.8056 0.4921 -0.3299
vn -0.7831 0.5216 -0.3386
vn -0.4544 0.7065 -0.5425
vn -0.5190 0.6893 -0.5055
vn -0.5346 0.6796 -0.5024
vn -0.8093 0.4959 -0.3148
vn 0.4203 0.4921 0.7624
vn 0.5618 0.6893 0.4574
vn 0.5912 0.7065 0.3890
vn 0.4264 0.5216 0.7390
vn 0.4057 0.4959 0.7678
vn 0.5605 0.6796 0.4733
vn -0.7539 0.5705 -0.3259
vn -0.5178 0.7067 -0.4822
vn 0.4104 0.5705 0.7114
vn 0.5385 0.7067 0.4589
vn -0.2488 0.7744 -0.5818
vn -0.0031 0.8317 -0.5552
vn 0.0869 0.8085 -0.5821
vn -0.1915 0.7729 -0.6050
vn 0.6065 0.7744 0.1802
vn 0.6229 0.7729 0.1207
vn 0.5683 0.8084 -0.1533
vn 0.5519 0.8317 -0.0608
vn -0.0990 0.7956 -0.5977
vn 0.1099 0.8127 -0.5722
vn -0.1887 0.7918 -0.5810
vn 0.6052 0.7955 0.0297
vn 0.5558 0.8127 -0.1749
vn 0.5988 0.7918 0.1206
vn -0.7912 0.5416 -0.2840
vn -0.5078 0.7172 -0.4772
vn -0.3641 0.8817 -0.2999
vn -0.6333 0.7641 -0.1227
vn 0.3731 0.5417 0.7532
vn 0.5324 0.7173 0.4496
vn 0.1946 0.7641 0.6151
vn 0.3398 0.8817 0.3272
vn -0.1999 0.8019 -0.5631
vn 0.1096 0.8403 -0.5309
vn 0.1515 0.8480 -0.5078
vn -0.1931 0.7982 -0.5706
vn 0.5823 0.8019 0.1339
vn 0.5148 0.8403 -0.1699
vn 0.5890 0.7982 0.1263
vn 0.4870 0.8480 -0.2088
vn 0.3058 0.7977 -0.5198
vn 0.3208 0.7986 -0.5092
vn 0.4812 0.7977 -0.3635
vn 0.4690 0.7986 -0.3772
vn 0.3136 0.8179 -0.4824
vn 0.4431 0.8179 -0.3669
vn 0.6563 0.7062 -0.2655
vn 0.7232 0.6794 -0.1241
vn 0.5898 0.7630 -0.2646
vn 0.5264 0.7674 -0.3661
vn 0.1883 0.7062 -0.6825
vn 0.0402 0.6794 -0.7327
vn 0.3032 0.7674 -0.5650
vn 0.1951 0.7630 -0.6163
vn 0.3652 0.8152 -0.4494
vn 0.4227 0.8210 -0.3838
vn 0.4045 0.8152 -0.4145
vn 0.3327 0.8210 -0.4640
vn -0.1652 0.8187 -0.5500
vn 0.2094 0.8560 -0.4727
vn -0.0856 0.9175 -0.3884
vn 0.5653 0.8187 0.1009
vn 0.4455 0.8560 -0.2624
vn 0.3956 0.9175 0.0403
vn -0.2844 0.9530 0.1045
vn -0.2320 0.9686 -0.0893
vn -0.0711 0.9530 0.2945
vn -0.1486 0.9796 0.1355
vn -0.0048 0.9961 0.0879
vn 0.1153 0.9686 0.2202
vn -0.1494 0.9770 -0.1523
vn -0.1109 0.9710 -0.2118
vn 0.1685 0.9770 0.1309
vn 0.0930 0.9949 0.0396
vn 0.2232 0.9710 0.0858
vn -0.0073 0.9707 -0.2400
vn 0.2392 0.9707 -0.0204
vn 0.5063 0.7995 -0.3233
vn 0.6772 0.7189 -0.1569
vn 0.2628 0.7995 -0.5401
vn 0.0780 0.7189 -0.6908
vn 0.7980 0.5994 0.0616
vn 0.8612 0.4567 0.2231
vn -0.1530 0.5995 -0.7857
vn -0.3207 0.4567 -0.8298
vn 0.0745 -0.9941 0.0789
vn 0.0785 -0.9909 0.1096
vn -0.0224 -0.9994 0.0251
vn -0.0011 -1.0000 0.0013
vn 0.0020 -1.0000 -0.0022
vn 0.0193 -0.9989 0.0422
vn 0.0514 -0.9889 0.1394
vn 0.0336 -0.9873 0.1555
vn -0.0642 -0.9953 0.0721
vn -0.0488 -0.9973 0.0547
vn 0.0306 -0.9868 0.1588
vn 0.0450 -0.9877 0.1496
vn -0.0499 -0.9972 0.0561
vn -0.0655 -0.9951 0.0735
vn 0.1017 -0.9912 0.0844
vn 0.1970 -0.9786 -0.0592
vn 0.1186 -0.9840 -0.1332
vn 0.0096 -0.9999 -0.0108
vn 0.1658 -0.9402 0.2975
vn 0.0030 -0.9750 0.2223
vn -0.3146 -0.9402 -0.1305
vn -0.2212 -0.9750 0.0226
vn -0.1018 -0.9804 0.1687
vn -0.1331 -0.9798 0.1494
vn -0.2110 -0.9483 0.2369
vn -0.1688 -0.9506 0.2607
vn -0.2405 -0.8992 0.3655
vn -0.2952 -0.8962 0.3313
vn -0.3718 -0.8292 0.4173
vn -0.3092 -0.8302 0.4639
vn -0.3783 -0.7458 0.5483
vn -0.4413 -0.7483 0.4953
vn 0.8750 0.3227 0.3608
vn -0.4590 0.3227 -0.8278
vn 0.0041 0.9819 -0.1896
vn -0.1159 0.9893 -0.0892
vn 0.0313 0.9793 -0.1997
vn 0.1872 0.9201 -0.3440
vn 0.1197 0.9658 -0.2301
vn 0.2716 0.8534 -0.4450
vn 0.0559 0.9939 -0.0946
vn -0.0055 0.9998 0.0212
vn -0.0287 0.9989 0.0377
vn 0.0313 0.9967 -0.0754
vn 0.0927 0.9787 -0.1830
vn 0.0649 0.9830 -0.1716
vn -0.0094 0.9947 -0.1020
vn -0.0792 0.9961 -0.0384
vn -0.1329 0.9911 0.0081
vn -0.1635 0.9861 0.0304
vn -0.1777 0.9834 0.0365
vn -0.1858 0.9820 0.0338
vn -0.1893 0.9817 0.0205
vn -0.1873 0.9823 -0.0011
vn -0.1762 0.9839 -0.0282
vn -0.1526 0.9867 -0.0560
vn -0.1190 0.9898 -0.0783
vn -0.0799 0.9918 -0.0995
vn -0.0413 0.9915 -0.1236
vn -0.0105 0.9890 -0.1474
vn 0.0141 0.9848 -0.1731
vn -0.6028 -0.5391 0.5881
vn -0.5734 -0.6222 0.5330
vn -0.5717 -0.5865 0.5737
vn 0.3463 0.7879 -0.5092
vn 0.3668 0.7878 -0.4948
vn 0.3182 0.8619 -0.3948
vn 0.1864 0.9624 -0.1977
vn 0.0431 0.9989 -0.0210
vn -0.0302 0.9985 0.0459
vn -0.1239 0.9833 0.1336
vn -0.0870 -0.9941 -0.0650
vn -0.1179 -0.9909 -0.0654
vn -0.0442 -0.9989 -0.0143
vn -0.1444 -0.9889 -0.0350
vn -0.1584 -0.9873 -0.0155
vn -0.1613 -0.9868 -0.0121
vn -0.1538 -0.9877 -0.0275
vn -0.0955 -0.9912 -0.0913
vn 0.0362 -0.9786 -0.2025
vn -0.1557 -0.9804 0.1207
vn -0.2397 -0.9506 0.1974
vn -0.3353 -0.8991 0.2813
vn -0.4253 -0.8302 0.3605
vn -0.5012 -0.7458 0.4389
vn 0.6338 0.7725 -0.0402
vn 0.8347 0.5487 0.0472
vn 0.8754 0.4752 0.0888
vn -0.1426 0.5487 -0.8237
vn -0.0332 0.7726 -0.6340
vn -0.1888 0.4752 -0.8594
vn -0.3416 0.8418 0.4180
vn -0.2765 0.8346 0.4765
vn -0.1969 0.9144 0.3537
vn -0.2472 0.9208 0.3017
vn -0.2580 0.9217 0.2896
vn -0.3579 0.8429 0.4018
vn 0.5110 0.6352 0.5791
vn 0.7196 0.3198 0.6164
vn 0.7529 0.6436 -0.1377
vn 0.6646 0.7093 -0.2348
vn 0.5815 0.7364 -0.3457
vn 0.5641 0.6862 0.4594
vn -0.2297 0.0908 0.9690
vn -0.0072 0.0055 1.0000
vn 0.2576 -0.2748 0.9264
vn -0.6340 0.6352 -0.4411
vn 0.1568 0.7093 -0.6872
vn 0.0503 0.6436 -0.7637
vn -0.6950 0.3198 -0.6439
vn -0.9498 -0.2748 -0.1494
vn -0.9925 0.0055 0.1222
vn -0.9362 0.0909 0.3396
vn -0.5212 0.6862 -0.5075
vn 0.2766 0.7364 -0.6174
vn 0.4646 0.8543 0.2333
vn 0.2839 0.8695 -0.4043
vn -0.1511 0.9554 -0.2537
vn -0.2472 0.7817 0.5725
vn -0.2851 0.8543 -0.4347
vn 0.3689 0.8695 -0.3285
vn -0.5403 0.7817 0.3114
vn 0.2693 0.9554 0.1209
vn -0.7993 0.3809 0.4648
vn -0.7752 -0.0228 0.6313
vn -0.4488 0.8593 -0.2453
vn -0.8766 0.4241 0.2273
vn -0.3698 0.3809 0.8474
vn -0.5380 -0.0228 0.8426
vn -0.1249 0.4241 0.8969
vn 0.2953 0.8593 0.4176
vn 0.1665 0.7947 -0.5837
vn 0.4821 0.7056 -0.5193
vn 0.5559 0.8290 -0.0610
vn 0.3525 0.8912 -0.2853
vn 0.5607 0.7947 -0.2325
vn 0.2429 0.8912 -0.3830
vn -0.0034 0.8290 -0.5593
vn 0.4604 0.7056 -0.5386
vn -0.2569 -0.3140 0.9140
vn -0.5392 -0.1973 0.8188
vn -0.6143 -0.3057 0.7274
vn -0.4781 -0.4008 0.7815
vn -0.0970 -0.5249 0.8456
vn 0.1570 -0.4178 0.8949
vn -0.8784 -0.3140 0.3603
vn -0.7513 -0.1973 0.6297
vn -0.9070 -0.4177 -0.0531
vn -0.8288 -0.5249 0.1936
vn -0.7213 -0.4009 0.5648
vn -0.6519 -0.3056 0.6939
vn -0.7242 -0.1308 0.6770
vn -0.7651 -0.2295 0.6017
vn -0.5893 -0.1308 0.7972
vn -0.5097 -0.2295 0.8292
vn 0.6302 0.6504 -0.4240
vn 0.8424 0.5194 -0.1436
vn 0.8178 0.5361 0.2091
vn 0.5461 0.7897 -0.2796
vn 0.3488 0.6504 -0.6748
vn 0.2149 0.7897 -0.5746
vn -0.3018 0.5361 -0.7884
vn 0.0458 0.5195 -0.8533
vn 0.8949 0.1055 0.4337
vn 0.7054 -0.2166 0.6749
vn -0.5337 0.1055 -0.8391
vn -0.7515 -0.2166 -0.6232
vn 0.5554 -0.3401 0.7589
vn 0.4493 -0.4356 0.7800
vn 0.5958 -0.4115 0.6897
vn 0.6977 -0.1510 0.7004
vn -0.8177 -0.3401 -0.4645
vn -0.7759 -0.1509 -0.6125
vn -0.7536 -0.4115 -0.5125
vn -0.8265 -0.4356 -0.3567
vn -0.7058 -0.3589 0.6107
vn -0.5826 -0.5120 0.6313
vn -0.9102 -0.2317 0.3432
vn -0.8158 -0.4377 0.3780
vn -0.5256 -0.3589 0.7714
vn -0.5601 -0.5120 0.6513
vn -0.2817 -0.4377 0.8539
vn -0.2363 -0.2317 0.9436
vn -0.9964 -0.0841 0.0058
vn -0.6307 0.7720 -0.0792
vn -0.7367 0.5785 -0.3501
vn -0.9343 0.0563 -0.3519
vn -0.9447 -0.1974 -0.2618
vn -0.9422 -0.3298 0.0591
vn 0.1088 -0.0841 0.9905
vn 0.1512 0.7720 0.6174
vn 0.0496 -0.3298 0.9427
vn 0.3687 -0.1974 0.9083
vn 0.4570 0.0563 0.8877
vn 0.4324 0.5785 0.6916
vn 0.3782 0.9257 0.0022
vn 0.4732 0.8447 0.2501
vn -0.3918 0.9200 0.0042
vn -0.3418 0.8446 -0.4121
vn -0.0457 0.9257 -0.3754
vn 0.4486 0.8446 0.2922
vn 0.0409 0.9200 0.3897
vn -0.3028 0.8447 -0.4414
vn -0.8072 0.1732 -0.5644
vn -0.9493 0.2045 -0.2387
vn -0.9885 -0.0280 -0.1487
vn -0.8919 -0.0695 -0.4469
vn 0.6534 0.1731 0.7369
vn 0.3463 0.2045 0.9156
vn 0.5464 -0.0695 0.8346
vn 0.2614 -0.0280 0.9648
vn -0.9363 -0.2382 -0.2579
vn -0.9178 -0.3784 -0.1202
vn -0.9809 -0.1946 -0.0069
vn -0.9153 -0.3700 0.1591
vn -0.9108 -0.4123 -0.0202
vn -0.8468 -0.5287 0.0578
vn 0.3638 -0.2382 0.9005
vn 0.2249 -0.3784 0.8979
vn 0.0400 -0.5287 0.8479
vn 0.1247 -0.4123 0.9025
vn -0.0527 -0.3700 0.9275
vn 0.1197 -0.1945 0.9736
vn -0.8487 -0.5158 0.1167
vn -0.7435 -0.6370 0.2035
vn -0.6013 -0.7121 0.3624
vn -0.6999 -0.6129 0.3667
vn -0.0184 -0.5157 0.8566
vn -0.1166 -0.6370 0.7620
vn -0.2838 -0.6129 0.7374
vn -0.2909 -0.7121 0.6390
vn -0.4759 -0.6525 0.5897
vn -0.4117 -0.7502 0.5174
vn 0.0123 -0.7336 0.6795
vn -0.0258 -0.6259 0.7795
vn -0.5310 -0.6526 0.5406
vn -0.4667 -0.7502 0.4684
vn -0.7713 -0.6259 0.1152
vn -0.6764 -0.7336 0.0659
vn 0.4592 -0.4970 0.7363
vn 0.4979 -0.5797 0.6450
vn 0.6861 -0.5002 0.5283
vn 0.6384 -0.4725 0.6077
vn -0.7842 -0.4971 -0.3715
vn -0.6770 -0.4725 -0.5643
vn -0.6036 -0.5002 -0.6208
vn -0.6980 -0.5797 -0.4205
vn 0.2480 0.7712 0.5862
vn 0.1664 0.6328 0.7563
vn 0.3060 0.3750 0.8751
vn -0.4203 0.6200 0.6625
vn 0.3993 0.7711 0.4959
vn 0.2279 0.6967 0.6802
vn -0.6109 0.7712 -0.1790
vn -0.6098 0.6200 0.4937
vn -0.9044 0.3750 -0.2033
vn -0.7704 0.6328 -0.0784
vn -0.7019 0.6967 -0.1482
vn -0.5385 0.7711 -0.3396
vn 0.3130 0.8280 0.4652
vn 0.3561 0.9120 0.2037
vn 0.1742 0.8741 0.4534
vn 0.1605 0.7801 0.6047
vn -0.4982 0.8280 -0.2575
vn -0.6191 0.7801 -0.0899
vn -0.4704 0.8741 -0.1210
vn -0.2433 0.9120 -0.3303
vn 0.3852 0.9225 -0.0264
vn 0.3940 0.9165 0.0691
vn -0.0180 0.9224 -0.3857
vn -0.1139 0.9165 -0.3835
vn 0.7053 -0.0850 0.7038
vn 0.7399 0.4845 0.4667
vn 0.6597 -0.3839 0.6461
vn 0.6261 -0.0500 0.7781
vn -0.7802 -0.0850 -0.6197
vn -0.5487 0.4845 -0.6814
vn -0.8450 -0.0500 -0.5325
vn -0.7177 -0.3839 -0.5810
vn 0.6483 -0.5247 0.5518
vn 0.6763 -0.5304 0.5112
vn 0.3682 -0.6334 0.6806
vn 0.3910 -0.6380 0.6634
vn -0.6226 -0.5247 -0.5806
vn -0.7039 -0.6380 -0.3122
vn -0.7184 -0.6334 -0.2875
vn -0.5856 -0.5304 -0.6130
vn 0.5300 -0.6331 0.5642
vn 0.0497 -0.7989 0.5994
vn 0.0589 -0.8046 0.5909
vn 0.5278 -0.6543 0.5416
vn 0.6722 -0.5573 0.4874
vn 0.6976 -0.5272 0.4851
vn -0.6214 -0.6331 -0.4616
vn -0.6012 -0.7989 0.0195
vn -0.5621 -0.5272 -0.6372
vn -0.5615 -0.5573 -0.6117
vn -0.5987 -0.6543 -0.4620
vn -0.5938 -0.8046 0.0094
vn -0.3626 -0.7977 0.4819
vn -0.5307 -0.7547 0.3857
vn -0.4892 -0.7558 0.4353
vn -0.3285 -0.7963 0.5080
vn -0.4371 -0.7977 0.4156
vn -0.4669 -0.7963 0.3847
vn -0.3762 -0.7557 0.5360
vn -0.3223 -0.7547 0.5715
vn 0.6632 -0.5362 0.5222
vn 0.5876 -0.5763 0.5679
vn 0.1916 -0.5929 0.7821
vn 0.3101 -0.5923 0.7436
vn -0.5950 -0.5362 -0.5987
vn -0.7744 -0.5923 -0.2226
vn -0.7990 -0.5929 -0.1004
vn -0.6318 -0.5761 -0.5185
vn 0.4753 -0.6442 0.5993
vn 0.0782 -0.6201 0.7806
vn 0.5432 -0.6479 0.5340
vn 0.1035 -0.8058 0.5830
vn 0.1416 -0.7825 0.6063
vn -0.1448 -0.6567 0.7401
vn -0.6500 -0.6442 -0.4032
vn -0.7844 -0.6201 0.0121
vn -0.7186 -0.6567 0.2289
vn -0.6186 -0.7825 -0.0710
vn -0.5911 -0.8058 -0.0357
vn -0.5929 -0.6479 -0.4782
vn -0.6529 -0.6990 0.2920
vn -0.7453 -0.6311 0.2150
vn -0.6583 -0.6699 0.3434
vn -0.6056 -0.7085 0.3624
vn -0.2150 -0.6990 0.6821
vn -0.2904 -0.7084 0.6432
vn -0.2655 -0.6699 0.6934
vn -0.1279 -0.6311 0.7651
vn -0.8082 -0.5594 0.1841
vn -0.7926 -0.5297 0.3019
vn -0.6817 -0.6132 0.3990
vn -0.7183 -0.6245 0.3067
vn -0.0900 -0.5594 0.8240
vn -0.2221 -0.6245 0.7488
vn -0.3180 -0.6132 0.7231
vn -0.2087 -0.5297 0.8221
vn -0.6775 -0.6408 0.3611
vn -0.6080 -0.6748 0.4183
vn -0.6132 -0.6441 0.4573
vn -0.5056 -0.6944 0.5120
vn -0.2808 -0.6408 0.7145
vn -0.3455 -0.6748 0.6521
vn -0.4505 -0.6944 0.5611
vn -0.3838 -0.6441 0.6617
vn -0.5371 -0.7004 0.4700
vn -0.5051 -0.7189 0.4776
vn -0.5530 -0.7089 0.4378
vn -0.5894 -0.6915 0.4177
vn -0.4051 -0.7003 0.5877
vn -0.4163 -0.7188 0.5567
vn -0.3471 -0.6915 0.6335
vn -0.3713 -0.7089 0.5997
vn -0.3180 -0.7879 0.5274
vn -0.2988 -0.7402 0.6024
vn -0.3875 -0.7752 0.4989
vn -0.4873 -0.7879 0.3765
vn -0.5640 -0.7402 0.3661
vn -0.4511 -0.7752 0.4422
vn 0.3726 -0.7269 0.5769
vn -0.0514 -0.8046 0.5916
vn -0.0336 -0.7937 0.6074
vn -0.1911 -0.7832 0.5916
vn -0.6159 -0.7269 -0.3038
vn -0.5817 -0.8046 0.1191
vn -0.5658 -0.7832 0.2578
vn -0.5995 -0.7937 0.1032
vn -0.3333 -0.7688 0.5458
vn -0.3788 -0.7526 0.5386
vn -0.4779 -0.7374 0.4774
vn -0.4766 -0.7309 0.4885
vn -0.5039 -0.7687 0.3939
vn -0.4915 -0.7526 0.4382
vn -0.4304 -0.7309 0.5296
vn -0.4193 -0.7374 0.5296
vn -0.5892 -0.6992 0.4048
vn -0.5447 -0.7131 0.4413
vn -0.3344 -0.6993 0.6318
vn -0.3757 -0.7131 0.5918
vn -0.4168 -0.7547 0.5067
vn -0.4554 -0.7547 0.4723
vn -0.4723 -0.1365 0.8708
vn -0.6551 0.0017 0.7555
vn 0.4228 0.0850 0.9022
vn 0.6318 0.1444 0.7616
vn 0.8384 0.2479 0.4854
vn -0.1841 -0.2577 0.9485
vn -0.8107 -0.1365 0.5693
vn -0.6752 0.0017 0.7376
vn -0.9211 -0.2577 0.2919
vn -0.5786 0.2479 -0.7770
vn -0.8291 0.1444 -0.5401
vn -0.9448 0.0850 -0.3163
vn -0.7725 0.1836 0.6079
vn 0.2584 0.1141 0.9593
vn -0.5151 0.1837 0.8372
vn -0.9826 0.1141 -0.1465
vn 0.6537 0.1895 0.7327
vn -0.8030 0.1894 -0.5651
vn 0.4363 0.2054 0.8761
vn 0.2611 0.3897 0.8832
vn -0.9204 0.2054 -0.3327
vn -0.9074 0.3896 -0.1577
vn 0.1811 0.5551 0.8119
vn 0.1549 0.6558 0.7388
vn -0.8273 0.5551 -0.0866
vn -0.7517 0.6559 -0.0690
vn 0.0688 0.7377 0.6716
vn 0.0185 0.7664 0.6422
vn -0.6750 0.7377 0.0089
vn -0.6400 0.7664 0.0555
vn -0.0019 0.7560 0.6545
vn 0.0128 0.6905 0.7233
vn -0.4752 0.6186 0.6257
vn -0.0966 0.7781 0.6206
vn -0.6499 0.7561 0.0772
vn -0.7199 0.6905 0.0704
vn -0.6054 0.7781 0.1673
vn -0.5669 0.6186 0.5440
vn 0.1165 0.5521 0.8256
vn 0.3990 0.7622 0.5097
vn -0.0600 -0.0815 0.9949
vn -0.8335 0.5521 -0.0208
vn -0.9814 -0.0815 0.1741
vn -0.5522 0.7622 -0.3378
vn -0.2023 0.8139 0.5446
vn -0.2503 0.8914 0.3777
vn -0.5177 0.8140 0.2635
vn -0.4416 0.8346 0.3294
vn -0.3288 0.9144 0.2362
vn -0.3465 0.8914 0.2921
vn -0.5665 -0.3736 0.7345
vn -0.9805 0.1670 0.1031
vn -0.9824 0.1627 0.0919
vn -0.5385 -0.4581 0.7072
vn -0.5712 -0.3443 0.7451
vn -0.9717 0.1724 0.1616
vn -0.6645 -0.3737 0.6471
vn -0.6406 -0.4581 0.6163
vn 0.0216 0.1627 0.9864
vn 0.0103 0.1670 0.9859
vn -0.0489 0.1724 0.9838
vn -0.6745 -0.3443 0.6531
vn -0.6029 -0.3030 0.7380
vn -0.9457 0.2811 0.1634
vn -0.6852 0.0079 0.7283
vn -0.5292 0.8166 -0.2304
vn -0.6638 -0.3030 0.6838
vn -0.0536 0.2811 0.9582
vn 0.2898 0.8166 0.4992
vn -0.6448 0.0079 0.7643
vn -0.2011 0.9205 0.3351
vn 0.1823 0.2912 0.9391
vn 0.1782 0.9294 -0.3233
vn -0.3097 0.9205 0.2382
vn 0.3007 0.9293 -0.2143
vn -0.9538 0.2913 -0.0732
vn -0.0421 -0.3510 0.9354
vn 0.2522 -0.0652 0.9655
vn -0.9246 -0.3484 0.1543
vn -0.9881 -0.0650 -0.1395
vn 0.3258 -0.2369 0.9153
vn 0.2866 -0.2987 0.9103
vn -0.9467 -0.2368 -0.2185
vn -0.9372 -0.2986 -0.1801
vn 0.1271 -0.3217 0.9383
vn 0.8999 0.3796 0.2147
vn -0.9467 -0.3217 -0.0184
vn -0.3167 0.3795 -0.8693
vn -0.3659 -0.5392 0.7585
vn -0.9659 0.1147 0.2320
vn -0.7114 -0.5392 0.4507
vn -0.1194 0.1147 0.9862
vn 0.5211 0.8360 0.1719
vn -0.2307 0.8360 -0.4979
vn -0.3759 0.8418 0.3873
vn -0.2712 0.9208 0.2802
vn -0.0936 0.1739 0.9803
vn -0.0909 0.1169 0.9890
vn -0.1667 0.0298 0.9855
vn -0.1892 0.1574 0.9692
vn -0.2018 0.2113 0.9563
vn -0.0924 0.2243 0.9701
vn -0.0358 0.2273 0.9732
vn -0.0129 0.2483 0.9686
vn -0.0133 0.4003 0.9163
vn -0.9630 0.1739 0.2057
vn -0.9531 0.2243 0.2033
vn -0.9268 0.2113 0.3105
vn -0.9410 0.1574 0.2994
vn -0.9598 0.0298 0.2789
vn -0.9720 0.1169 0.2040
vn -0.9087 0.4003 0.1186
vn -0.9607 0.2483 0.1242
vn -0.9626 0.2273 0.1474
vn -0.0982 0.0553 0.9936
vn -0.0946 0.3792 0.9205
vn -0.2375 0.2616 0.9355
vn -0.1961 -0.0450 0.9795
vn -0.1449 -0.2002 0.9690
vn -0.1160 -0.0954 0.9887
vn -0.9757 0.0553 0.2118
vn -0.9505 -0.0450 0.3075
vn -0.9020 0.2616 0.3435
vn -0.9035 0.3792 0.1998
vn -0.9688 -0.0954 0.2289
vn -0.9459 -0.2002 0.2553
vn -0.0924 0.6032 0.7922
vn -0.0383 0.6466 0.7619
vn -0.0954 0.7335 0.6730
vn -0.1696 0.6346 0.7540
vn -0.7763 0.6033 0.1829
vn -0.7295 0.6346 0.2552
vn -0.6575 0.7335 0.1721
vn -0.7526 0.6464 0.1252
vn -0.2552 0.6657 0.7012
vn -0.2150 0.7632 0.6093
vn -0.3170 0.7843 0.5333
vn -0.3551 0.6962 0.6238
vn -0.4260 0.4057 0.8086
vn -0.3083 0.3467 0.8858
vn -0.6672 0.6657 0.3341
vn -0.5789 0.6962 0.4245
vn -0.4934 0.7842 0.3763
vn -0.5805 0.7632 0.2836
vn -0.8445 0.3467 0.4081
vn -0.7543 0.4057 0.5162
vn -0.4034 0.7951 0.4528
vn -0.3835 0.7935 0.4725
vn -0.4377 0.7121 0.5489
vn -0.4653 0.7147 0.5222
vn -0.5964 0.4429 0.6694
vn -0.5535 0.4376 0.7086
vn -0.2801 -0.0362 0.9593
vn -0.2641 -0.0995 0.9593
vn -0.4357 0.0390 0.8992
vn -0.3900 -0.0005 0.9208
vn -0.1811 -0.0775 0.9804
vn -0.1485 -0.1344 0.9797
vn -0.9207 -0.0362 0.3885
vn -0.8431 0.0391 0.5363
vn -0.9226 -0.0996 0.3726
vn -0.9562 -0.1344 0.2601
vn -0.9531 -0.0776 0.2926
vn -0.8698 -0.0005 0.4933
vn -0.2575 -0.1689 0.9514
vn -0.1520 -0.1946 0.9690
vn -0.0234 -0.3092 0.9507
vn -0.1510 -0.2954 0.9434
vn -0.9155 -0.1688 0.3652
vn -0.9451 -0.1946 0.2625
vn -0.9197 -0.2954 0.2585
vn -0.9417 -0.3092 0.1325
vn 0.1022 -0.5381 0.8367
vn 0.3311 -0.4749 0.8154
vn 0.7429 -0.5897 0.3168
vn 0.5104 -0.7880 0.3443
vn 0.2672 -0.9491 0.1669
vn -0.0501 -0.4447 0.8943
vn -0.8429 -0.5381 -0.0053
vn -0.4007 -0.7880 -0.4674
vn -0.4001 -0.5897 -0.7015
vn -0.8481 -0.4748 -0.2351
vn -0.8826 -0.4447 0.1526
vn -0.1965 -0.9491 -0.2462
vn 0.5052 -0.2776 0.8172
vn 0.8566 -0.2464 0.4533
vn 0.1527 -0.2483 0.9566
vn 0.2545 -0.1784 0.9505
vn 0.4552 -0.1207 0.8822
vn 0.7958 0.0985 0.5974
vn 0.8032 -0.1132 0.5849
vn 0.8984 -0.0606 0.4349
vn -0.8698 -0.2776 -0.4079
vn -0.9287 -0.1207 -0.3508
vn -0.9734 -0.1784 -0.1436
vn -0.9678 -0.2483 -0.0417
vn -0.5488 -0.2464 -0.7988
vn -0.5353 -0.0606 -0.8425
vn -0.6733 -0.1131 -0.7306
vn -0.6849 0.0985 -0.7219
vn 0.9364 -0.2419 0.2543
vn 0.9358 -0.1453 0.3212
vn 0.8748 -0.3964 0.2786
vn 0.8507 -0.4971 0.1709
vn -0.3602 -0.2419 -0.9010
vn -0.2676 -0.4971 -0.8254
vn -0.3772 -0.3964 -0.8370
vn -0.4266 -0.1453 -0.8927
vn -0.0695 0.0835 0.9941
vn 0.0316 -0.0145 0.9994
vn -0.3339 0.1797 0.9253
vn -0.2981 0.3790 0.8760
vn -0.0063 0.3030 0.9530
vn 0.2312 0.2143 0.9490
vn -0.9795 0.0835 0.1833
vn -0.8808 0.1797 0.4381
vn -0.9964 -0.0145 0.0836
vn -0.9693 0.2143 -0.1205
vn -0.9459 0.3030 0.1158
vn -0.8360 0.3790 0.3969
vn 0.0588 -0.1322 0.9895
vn 0.2269 -0.0918 0.9696
vn -0.9897 -0.1322 0.0554
vn -0.9892 -0.0918 -0.1140
vn 0.3844 0.1500 0.9109
vn 0.2652 -0.0339 0.9636
vn 0.2145 0.2155 0.9527
vn 0.2021 0.4057 0.8914
vn 0.2085 0.8524 0.4795
vn 0.6214 0.4684 0.6281
vn -0.9492 0.1498 -0.2769
vn -0.9087 0.4057 -0.0982
vn -0.9710 0.2156 -0.1036
vn -0.9877 -0.0338 -0.1526
vn -0.6954 0.4683 -0.5450
vn -0.5003 0.8524 -0.1521
vn 0.0451 0.5766 0.8158
vn 0.0793 0.4998 0.8625
vn -0.1465 0.6789 0.7195
vn -0.2013 0.7591 0.6191
vn -0.8156 0.5766 0.0490
vn -0.8659 0.4998 0.0204
vn -0.5919 0.7590 0.2711
vn -0.6978 0.6789 0.2283
vn -0.4110 0.7694 0.4889
vn -0.2134 0.9499 0.2282
vn -0.3465 0.7119 0.6108
vn -0.4340 0.7073 0.5580
vn -0.4157 0.7458 0.5206
vn -0.1020 0.9696 0.2222
vn -0.4384 0.7694 0.4646
vn -0.5669 0.7119 0.4145
vn -0.2021 0.9500 0.2382
vn -0.2090 0.9697 0.1269
vn -0.4694 0.7458 0.4728
vn -0.5044 0.7073 0.4953
vn 0.2715 0.0228 0.9622
vn 0.2911 0.2301 0.9286
vn 0.2359 0.3147 0.9194
vn 0.2289 0.2539 0.9398
vn -0.9870 0.0228 -0.1591
vn -0.9598 0.2539 -0.1194
vn -0.9404 0.3147 -0.1286
vn -0.9559 0.2301 -0.1824
vn 0.1406 0.4499 0.8819
vn 0.1859 0.4174 0.8895
vn 0.1026 0.4953 0.8626
vn 0.0013 0.5724 0.8199
vn -0.8922 0.4499 -0.0383
vn -0.8147 0.5724 0.0929
vn -0.8687 0.4953 -0.0027
vn -0.9050 0.4174 -0.0824
vn -0.1820 0.6771 0.7130
vn 0.0482 0.5924 0.8042
vn -0.1011 0.6857 0.7208
vn -0.3398 0.7261 0.5978
vn -0.6874 0.6771 0.2628
vn -0.5548 0.7261 0.4062
vn -0.7044 0.6857 0.1833
vn -0.8044 0.5924 0.0446
vn -0.4253 0.6866 0.5897
vn -0.4367 0.7088 0.5539
vn -0.3767 0.6559 0.6541
vn -0.3922 0.5095 0.7659
vn -0.4186 0.6057 0.6767
vn -0.4150 0.7019 0.5789
vn -0.5369 0.6865 0.4903
vn -0.6065 0.6559 0.4494
vn -0.5001 0.7088 0.4975
vn -0.5273 0.7019 0.4788
vn -0.6241 0.6057 0.4936
vn -0.7157 0.5095 0.4777
vn -0.3512 0.5043 0.7889
vn -0.2704 0.3369 0.9019
vn -0.0834 0.2091 0.9743
vn -0.2697 0.3895 0.8807
vn -0.4402 0.4846 0.7559
vn -0.4252 0.6447 0.6353
vn -0.7433 0.5043 0.4396
vn -0.8438 0.3895 0.3691
vn -0.9583 0.2091 0.1949
vn -0.8648 0.3369 0.3723
vn -0.5822 0.6447 0.4954
vn -0.7003 0.4846 0.5242
vn -0.2158 0.1911 0.9575
vn -0.3437 0.4100 0.8448
vn -0.2805 0.3023 0.9110
vn -0.1787 0.0668 0.9816
vn -0.0546 -0.0787 0.9954
vn -0.0466 0.0518 0.9976
vn -0.9264 0.1911 0.3245
vn -0.9546 0.0668 0.2904
vn -0.8727 0.3023 0.3834
vn -0.7997 0.4100 0.4386
vn -0.9856 0.0518 0.1610
vn -0.9825 -0.0787 0.1686
vn -0.3185 0.5933 0.7393
vn -0.0603 0.6151 0.7861
vn -0.0342 0.5083 0.8605
vn -0.2580 0.4900 0.8327
vn -0.6977 0.5933 0.4014
vn -0.7975 0.4900 0.3520
vn -0.8508 0.5084 0.1329
vn -0.7740 0.6151 0.1503
vn -0.1984 0.3749 0.9056
vn -0.0054 0.3703 0.9289
vn 0.0085 0.2295 0.9733
vn -0.1601 0.2884 0.9440
vn -0.1566 0.2516 0.9551
vn -0.2099 0.2251 0.9515
vn -0.8768 0.3749 0.3012
vn -0.9194 0.2884 0.2676
vn -0.9678 0.2295 0.1034
vn -0.9221 0.3703 0.1123
vn -0.9210 0.2251 0.3179
vn -0.9307 0.2516 0.2654
vn -0.1728 0.2394 0.9554
vn -0.2166 0.3100 0.9257
vn -0.0044 0.1165 0.9932
vn -0.0927 -0.0244 0.9954
vn -0.2442 0.2147 0.9456
vn -0.2677 0.3108 0.9120
vn -0.9292 0.2393 0.2815
vn -0.9861 0.1164 0.1186
vn -0.8947 0.3100 0.3215
vn -0.8752 0.3108 0.3707
vn -0.9113 0.2147 0.3513
vn -0.9781 -0.0244 0.2065
vn -0.5739 0.2304 0.7859
vn -0.5997 0.0472 0.7989
vn -0.6642 0.0558 0.7455
vn -0.6460 0.2388 0.7250
vn -0.6020 0.4254 0.6757
vn -0.5304 0.4190 0.7370
vn -0.6070 0.0821 0.7905
vn -0.6625 0.0901 0.7436
vn -0.6374 0.0366 0.7697
vn 0.0820 0.0108 0.9966
vn -0.3856 -0.2961 0.8739
vn -0.6292 -0.1145 0.7688
vn -0.6648 -0.0974 0.7406
vn -0.7379 -0.0038 0.6749
vn -0.7774 0.0568 0.6264
vn -0.6417 0.1135 0.7585
vn 0.2549 0.2058 0.9448
vn -0.6913 0.0366 0.7216
vn -0.5855 -0.0038 0.8107
vn -0.6593 -0.0974 0.7455
vn -0.6914 -0.1145 0.7133
vn -0.8238 -0.2961 0.4835
vn -0.9994 0.0107 0.0332
vn -0.9678 0.2058 -0.1446
vn -0.6797 0.1136 0.7246
vn -0.5328 0.0568 0.8443
vn -0.2551 -0.9371 0.2381
vn -0.3217 -0.9278 0.1888
vn -0.4646 -0.7885 0.4030
vn -0.4277 -0.7892 0.4407
vn -0.4096 -0.7879 0.4598
vn -0.2330 -0.9367 0.2615
vn 0.3646 -0.8364 -0.4093
vn 0.3332 -0.8282 -0.4506
vn 0.3235 -0.6940 -0.6432
vn 0.0953 -0.9882 -0.1199
vn 0.1045 -0.9803 -0.1678
vn 0.4932 -0.6049 -0.6251
vn 0.5133 -0.6138 -0.5998
vn 0.5244 -0.6154 -0.5885
vn 0.0952 -0.9897 -0.1068
vn -0.0493 -0.9966 0.0663
vn 0.0907 -0.9954 -0.0300
vn 0.3296 -0.9377 -0.1097
vn 0.4983 -0.8285 -0.2554
vn 0.3848 -0.8469 -0.3669
vn 0.3580 -0.9147 -0.1875
vn 0.3210 -0.9215 -0.2185
vn 0.6409 -0.4914 -0.5897
vn 0.0711 -0.9377 -0.3400
vn 0.1451 -0.9147 -0.3771
vn 0.3201 -0.8469 -0.4245
vn 0.1965 -0.8285 -0.5243
vn 0.5121 -0.4914 -0.7045
vn 0.1802 -0.9215 -0.3439
vn 0.0194 -0.9954 -0.0935
vn 0.4891 -0.7500 -0.4452
vn 0.2827 -0.8948 -0.3456
vn 0.4369 -0.6109 -0.6602
vn 0.3726 -0.3358 -0.8651
vn 0.3860 -0.7500 -0.5371
vn 0.3108 -0.8948 -0.3207
vn 0.8165 -0.3358 -0.4696
vn 0.6055 -0.6109 -0.5100
vn 0.1392 -0.9523 -0.2714
vn 0.4380 -0.6053 -0.6647
vn 0.2536 -0.9523 -0.1695
vn 0.6099 -0.6053 -0.5116
vn 0.1546 -0.9803 -0.1230
vn 0.5642 -0.6050 -0.5618
vn 0.5496 -0.2237 -0.8049
vn 0.4850 -0.1632 -0.8591
vn 0.5799 -0.2558 -0.7735
vn 0.7364 -0.2238 -0.6384
vn 0.7013 -0.2559 -0.6653
vn 0.6017 -0.6940 -0.3952
vn 0.7977 -0.1632 -0.5805
vn 0.6134 -0.2861 -0.7361
vn 0.6352 -0.2970 -0.7129
vn 0.2968 -0.9031 -0.3102
vn 0.2930 -0.8978 -0.3288
vn 0.6184 -0.3685 -0.6941
vn 0.6201 -0.3872 -0.6823
vn 0.6681 -0.0785 -0.7399
vn 0.6787 -0.0819 -0.7298
vn 0.6632 -0.0775 -0.7444
vn 0.6555 -0.1699 -0.7358
vn 0.6484 -0.1693 -0.7422
vn 0.5611 -0.1876 -0.8062
vn 0.3960 -0.0996 -0.9128
vn 0.2134 0.0204 -0.9767
vn 0.0131 -0.5368 -0.8436
vn 0.1547 -0.7597 -0.6316
vn 0.8612 -0.0997 -0.4984
vn 0.9457 0.0204 -0.3243
vn 0.6096 -0.7597 -0.2263
vn 0.8365 -0.5369 -0.1100
vn -0.0038 0.1195 -0.9928
vn -0.0836 0.1299 -0.9880
vn 0.0636 -0.0393 -0.9972
vn -0.0373 -0.2972 -0.9541
vn 0.9867 0.1195 -0.1104
vn 0.9911 0.1299 -0.0305
vn 0.9520 -0.2972 -0.0726
vn 0.9833 -0.0392 -0.1779
vn 0.2221 -0.4131 -0.8832
vn 0.2185 -0.7293 -0.6484
vn 0.8518 -0.4131 -0.3222
vn 0.6189 -0.7293 -0.2916
vn 0.2299 -0.9158 -0.3294
vn 0.2147 -0.8763 -0.4312
vn 0.1354 -0.9841 -0.1147
vn 0.1383 -0.9236 -0.3575
vn 0.3007 -0.9158 -0.2662
vn 0.4037 -0.8763 -0.2629
vn 0.3392 -0.9236 -0.1785
vn 0.0983 -0.9841 -0.1477
vn 0.1280 -0.7185 -0.6837
vn 0.0422 -0.9038 -0.4259
vn 0.3927 -0.7273 -0.5629
vn 0.1986 -0.6274 -0.7530
vn 0.6646 -0.7184 -0.2057
vn 0.4183 -0.9038 -0.0909
vn 0.7252 -0.6273 -0.2839
vn 0.5140 -0.7272 -0.4549
vn -0.0477 -0.9664 -0.2527
vn -0.3193 -0.7484 -0.5814
vn -0.2735 -0.5616 -0.7809
vn -0.0043 -0.9754 -0.2203
vn 0.2565 -0.9664 0.0183
vn 0.6143 -0.7484 0.2503
vn 0.2193 -0.9754 -0.0211
vn 0.8072 -0.5616 0.1819
vn 0.0403 -0.9723 -0.2303
vn 0.1169 -0.9894 -0.0861
vn -0.1302 -0.6012 -0.7885
vn -0.0940 -0.6743 -0.7325
vn 0.2241 -0.9723 -0.0665
vn 0.0721 -0.9894 -0.1260
vn 0.7385 -0.6742 0.0091
vn 0.7982 -0.6012 0.0387
vn 0.1177 -0.9927 -0.0253
vn 0.0840 -0.9937 -0.0745
vn 0.0979 -0.9952 -0.0007
vn 0.1261 -0.9920 -0.0062
vn 0.0116 -0.9927 -0.1198
vn 0.0643 -0.9937 -0.0920
vn -0.0083 -0.9920 -0.1260
vn -0.0105 -0.9952 -0.0973
vn 0.0863 -0.9856 -0.1457
vn 0.0834 -0.9917 -0.0975
vn -0.0673 -0.6827 -0.7276
vn -0.1139 -0.6826 -0.7219
vn 0.1348 -0.9856 -0.1025
vn 0.0873 -0.9917 -0.0941
vn 0.7302 -0.6826 0.0301
vn 0.7305 -0.6827 -0.0169
vn 0.0419 -0.9973 -0.0607
vn 0.0386 -0.9895 -0.1393
vn 0.0447 -0.9987 -0.0241
vn 0.0517 -0.9987 -0.0033
vn 0.0555 -0.9973 -0.0486
vn 0.1340 -0.9895 -0.0544
vn -0.0026 -0.9987 -0.0517
vn 0.0188 -0.9987 -0.0472
vn 0.1006 -0.9652 -0.2412
vn 0.0723 -0.9148 -0.3973
vn 0.2281 -0.9652 -0.1277
vn 0.3864 -0.9148 -0.1175
vn -0.3257 -0.1377 -0.9354
vn -0.3586 -0.0873 -0.9294
vn -0.3681 -0.6682 -0.6465
vn -0.1870 -0.6850 -0.7042
vn -0.2960 -0.0668 -0.9529
vn -0.3586 0.1622 -0.9193
vn 0.9666 -0.1377 0.2160
vn 0.7210 -0.6850 0.1049
vn 0.6846 -0.6682 0.2914
vn 0.9645 -0.0873 0.2494
vn 0.9544 0.1621 0.2506
vn 0.9806 -0.0667 0.1845
vn -0.2604 0.0038 -0.9655
vn -0.2210 -0.0295 -0.9748
vn -0.2745 0.1977 -0.9411
vn -0.2978 0.2068 -0.9320
vn 0.9890 0.0038 0.1477
vn 0.9600 0.2068 0.1887
vn 0.9664 0.1977 0.1644
vn 0.9938 -0.0295 0.1075
vn -0.2012 -0.0791 -0.9764
vn -0.2494 -0.0124 -0.9683
vn 0.9930 -0.0790 0.0876
vn 0.9906 -0.0124 0.1364
vn -0.2696 0.0607 -0.9611
vn -0.2327 0.0362 -0.9719
vn -0.1993 0.2180 -0.9554
vn -0.2734 0.2423 -0.9309
vn 0.9857 0.0607 0.1573
vn 0.9561 0.2423 0.1646
vn 0.9720 0.2180 0.0882
vn 0.9922 0.0362 0.1194
vn -0.2165 -0.0052 -0.9763
vn -0.2009 0.0150 -0.9795
vn 0.9947 -0.0052 0.1029
vn 0.9961 0.0150 0.0869
vn -0.1613 0.0319 -0.9864
vn -0.3603 -0.2154 -0.9076
vn -0.0236 -0.0781 -0.9967
vn -0.1008 0.1900 -0.9766
vn 0.9984 0.0319 0.0468
vn 0.9817 0.1900 -0.0122
vn 0.9928 -0.0781 -0.0911
vn 0.9430 -0.2154 0.2536
vn -0.4894 -0.4208 -0.7638
vn -0.1596 -0.4244 -0.8913
vn 0.8150 -0.4208 0.3984
vn 0.9037 -0.4244 0.0561
vn 0.2635 -0.3894 -0.8825
vn 0.4985 -0.2450 -0.8315
vn 0.2927 -0.2410 -0.9253
vn 0.8464 -0.3894 -0.3633
vn 0.8855 -0.2410 -0.3972
vn 0.7363 -0.1876 -0.6501
vn 0.7687 -0.2450 -0.5908
vn 0.6601 -0.0882 -0.7460
vn 0.6725 -0.3633 -0.6448
vn 0.6652 -0.0882 -0.7415
vn 0.5632 -0.3632 -0.7422
vn 0.6466 -0.0819 -0.7584
vn 0.6044 -0.6937 -0.3919
vn 0.3197 -0.6936 -0.6455
vn 0.0335 -0.9769 -0.2111
vn 0.0159 -0.9888 -0.1481
vn 0.2059 -0.9769 -0.0575
vn 0.1453 -0.9888 -0.0330
vn -0.0765 -0.9886 -0.1300
vn -0.3437 -0.9353 -0.0844
vn -0.6301 -0.7755 -0.0397
vn -0.0660 -0.9965 -0.0504
vn 0.1379 -0.9886 0.0610
vn 0.1233 -0.9353 0.3317
vn 0.0576 -0.9965 0.0598
vn 0.1119 -0.7755 0.6213
vn -0.6743 -0.7384 -0.0094
vn -0.8960 -0.4416 -0.0469
vn -0.7060 -0.5801 -0.4063
vn -0.8092 0.2832 -0.5147
vn 0.0869 -0.7383 0.6688
vn 0.1496 -0.4416 0.8846
vn 0.6047 0.2844 0.7440
vn 0.4847 -0.5801 0.6547
vn -0.9942 0.0504 -0.0949
vn -0.7853 0.6191 -0.0048
vn -0.6278 0.7765 0.0541
vn -0.9957 0.0624 -0.0689
vn 0.2085 0.0504 0.9767
vn 0.0951 0.6191 0.7796
vn 0.1829 0.0624 0.9811
vn 0.0184 0.7765 0.6299
vn -0.4769 0.8783 0.0338
vn -0.3970 0.9178 -0.0093
vn -0.4868 0.8001 -0.3506
vn -0.3839 0.7748 -0.5023
vn 0.0213 0.8783 0.4776
vn 0.0548 0.9178 0.3933
vn 0.5431 0.7748 0.3236
vn 0.4043 0.8000 0.4433
vn -0.3103 0.9493 -0.0498
vn -0.2879 0.9515 -0.1082
vn -0.2736 0.9490 -0.1569
vn -0.3015 0.9531 0.0250
vn 0.0851 0.9494 0.3025
vn 0.1407 0.9515 0.2736
vn 0.0099 0.9531 0.3024
vn 0.1873 0.9490 0.2537
vn -0.2966 0.9414 -0.1604
vn -0.3231 0.9460 -0.0252
vn -0.2680 0.6842 -0.6783
vn -0.2297 0.7365 -0.6362
vn 0.1935 0.9414 0.2762
vn 0.0622 0.9460 0.3181
vn 0.6584 0.7365 0.1550
vn 0.7046 0.6842 0.1883
vn -0.3316 0.9407 0.0715
vn -0.2213 0.9735 0.0569
vn -0.2137 0.9667 -0.1404
vn -0.3299 0.9242 -0.1922
vn -0.0329 0.9407 0.3376
vn -0.0311 0.9735 0.2264
vn 0.2287 0.9243 0.3056
vn 0.1641 0.9667 0.1962
vn -0.1071 0.9937 0.0318
vn -0.0658 0.9935 0.0933
vn -0.1110 0.8106 -0.5749
vn 0.0800 0.9109 -0.4048
vn -0.0193 0.9937 0.1101
vn -0.0851 0.9935 0.0761
vn 0.3929 0.9109 -0.1260
vn 0.5839 0.8106 0.0441
vn -0.9873 0.1546 -0.0359
vn -0.9998 -0.0187 -0.0101
vn -0.6871 0.7252 0.0440
vn -0.6844 0.7279 0.0430
vn 0.1494 0.1545 0.9766
vn 0.1250 -0.0188 0.9920
vn 0.0360 0.7279 0.6848
vn 0.0354 0.7252 0.6876
vn -0.2915 0.9558 0.0382
vn -0.1907 0.9428 -0.2735
vn -0.0044 0.9558 0.2939
vn 0.2937 0.9428 0.1580
vn 0.0473 0.9947 0.0915
vn 0.0489 0.9941 0.0967
vn 0.0110 0.6233 0.7819
vn -0.2025 0.9385 0.2797
vn -0.0533 0.9587 -0.2794
vn -0.1916 0.8946 -0.4038
vn -0.0965 0.9947 -0.0365
vn -0.2546 0.9385 0.2333
vn -0.7779 0.6234 0.0789
vn -0.1018 0.9941 -0.0374
vn 0.4232 0.8945 0.1439
vn 0.2836 0.9587 0.0208
vn -0.1119 0.8465 -0.5204
vn -0.2110 0.8249 -0.5244
vn 0.5299 0.8465 0.0513
vn 0.5452 0.8249 0.1494
vn -0.2890 0.8082 -0.5131
vn -0.2807 0.7923 -0.5417
vn 0.5430 0.8082 0.2281
vn 0.5702 0.7924 0.2166
vn 0.4291 0.7085 -0.5603
vn 0.2053 0.5971 -0.7754
vn 0.0270 0.9011 -0.4327
vn 0.1064 0.9846 -0.1384
vn 0.1007 0.9885 -0.1130
vn 0.4552 0.7293 -0.5109
vn 0.3787 0.8221 -0.4251
vn 0.3222 0.8312 -0.4530
vn -0.0417 0.4166 -0.9081
vn -0.0298 0.4032 -0.9146
vn 0.9069 0.4166 -0.0629
vn 0.7467 0.5971 -0.2931
vn 0.4267 0.9011 -0.0765
vn 0.9120 0.4033 -0.0755
vn -0.0901 0.4199 -0.9031
vn -0.1684 0.3084 -0.9362
vn -0.3610 0.7191 -0.5938
vn -0.2217 0.8488 -0.4800
vn 0.9075 0.4199 -0.0143
vn 0.9494 0.3084 0.0596
vn 0.5023 0.8488 0.1650
vn 0.6314 0.7191 0.2904
vn -0.1785 0.2813 -0.9429
vn -0.3000 0.4425 -0.8451
vn 0.9571 0.2813 0.0690
vn 0.8740 0.4425 0.2009
vn -0.4398 0.6064 -0.6625
vn -0.4551 0.6144 -0.6445
vn -0.4202 0.8313 -0.3638
vn -0.4499 0.8156 -0.3638
vn 0.7087 0.6063 0.3606
vn 0.6926 0.6143 0.3780
vn 0.4131 0.8156 0.4051
vn 0.4097 0.8313 0.3756
vn -0.4321 0.6204 -0.6545
vn -0.3694 0.6109 -0.7003
vn 0.6999 0.6204 0.3540
vn 0.7381 0.6108 0.2864
vn -0.3660 0.6152 -0.6982
vn -0.4871 0.2011 -0.8499
vn -0.5648 0.2802 -0.7762
vn -0.4268 0.7908 -0.4386
vn 0.7357 0.6152 0.2833
vn 0.9002 0.2010 0.3862
vn 0.4848 0.7908 0.3736
vn 0.8359 0.2802 0.4719
vn -0.5373 -0.3045 -0.7865
vn -0.4634 -0.2677 -0.8447
vn 0.8430 -0.3045 0.4434
vn 0.8924 -0.2677 0.3633
vn -0.3921 -0.1659 -0.9048
vn -0.3863 -0.1492 -0.9102
vn -0.4749 -0.0595 -0.8780
vn -0.4266 -0.1560 -0.8909
vn 0.9439 -0.1659 0.2854
vn 0.9486 -0.1492 0.2791
vn 0.9340 -0.1559 0.3213
vn 0.9268 -0.0595 0.3709
vn -0.4042 -0.0646 -0.9124
vn -0.4304 0.0968 -0.8974
vn 0.9528 -0.0646 0.2966
vn 0.9410 0.0968 0.3244
vn 0.0281 0.9987 -0.0423
vn 0.0127 0.9995 0.0303
vn 0.0505 0.9971 -0.0567
vn 0.1076 0.9868 -0.1207
vn 0.1063 0.9861 -0.1279
vn 0.0761 0.9686 -0.2366
vn -0.0092 0.9933 0.1150
vn -0.0347 0.9931 -0.1121
vn -0.1132 0.9933 0.0223
vn -0.0315 0.9995 -0.0091
vn 0.1153 0.9931 0.0215
vn 0.2263 0.9686 -0.1028
vn -0.0704 0.8768 -0.4757
vn -0.0093 0.8123 -0.5832
vn -0.2817 0.9552 0.0910
vn -0.2050 0.8311 -0.5170
vn 0.4806 0.8768 0.0153
vn 0.5370 0.8311 0.1442
vn -0.0580 0.9552 0.2903
vn 0.5804 0.8123 -0.0578
vn 0.2972 0.8717 -0.3896
vn 0.1770 0.8564 -0.4850
vn 0.3188 0.8777 -0.3579
vn 0.0594 0.9960 -0.0667
vn 0.0649 0.9964 -0.0550
vn 0.1002 0.9375 0.3334
vn 0.0328 0.8146 -0.5790
vn 0.0433 0.9058 0.4214
vn 0.5714 0.8146 -0.0991
vn 0.4614 0.8564 -0.2316
vn -0.4236 0.9058 0.0054
vn -0.3427 0.9375 -0.0612
vn 0.0398 0.0572 0.9976
vn 0.0977 0.2714 0.9575
vn 0.0297 -0.0316 0.9991
vn -0.0522 0.0146 0.9985
vn -0.9955 0.0572 0.0751
vn -0.9859 0.0146 0.1666
vn -0.9959 -0.0316 0.0853
vn -0.9624 0.2714 0.0130
vn -0.1470 0.0025 0.9891
vn -0.2935 0.4404 0.8485
vn -0.1324 -0.0349 0.9906
vn -0.1450 0.2908 0.9457
vn -0.9657 0.0026 0.2598
vn -0.8091 0.4404 0.3891
vn -0.9228 0.2907 0.2528
vn -0.9688 -0.0349 0.2454
vn -0.0691 -0.1469 0.9867
vn 0.0038 -0.2797 0.9601
vn 0.1245 -0.4757 0.8707
vn -0.0075 -0.1015 0.9948
vn -0.9722 -0.1469 0.1822
vn -0.9873 -0.1015 0.1218
vn -0.8793 -0.4757 -0.0236
vn -0.9542 -0.2797 0.1067
vn 0.0747 -0.3992 0.9138
vn 0.0954 -0.3364 0.9369
vn 0.1711 -0.5796 0.7967
vn 0.1984 -0.5752 0.7936
vn -0.9163 -0.3992 0.0308
vn -0.9416 -0.3364 0.0129
vn -0.8111 -0.5752 -0.1059
vn -0.8111 -0.5796 -0.0784
vn 0.2789 -0.7283 0.6259
vn 0.1812 -0.7307 0.6582
vn 0.1952 -0.7465 0.6362
vn 0.1486 -0.9263 0.3462
vn 0.2434 -0.9194 0.3089
vn 0.1446 -0.9198 0.3648
vn -0.6539 -0.7283 -0.2051
vn -0.6544 -0.7465 -0.1207
vn -0.6747 -0.7307 -0.1044
vn -0.3790 -0.9198 -0.1017
vn -0.3349 -0.9194 -0.2062
vn -0.3610 -0.9263 -0.1078
vn 0.1228 -0.9924 -0.0033
vn 0.0533 -0.9966 0.0627
vn 0.0117 -0.9998 -0.0132
vn 0.0697 -0.9945 -0.0782
vn 0.0409 -0.9981 -0.0459
vn 0.0818 -0.9963 0.0274
vn 0.0144 -0.7803 0.6253
vn 0.0712 -0.5950 0.8006
vn -0.1713 -0.5480 0.8188
vn -0.1847 -0.8024 0.5675
vn -0.1727 -0.8760 0.4504
vn -0.0416 -0.9075 0.4181
vn -0.6228 -0.7803 0.0575
vn -0.5425 -0.8024 0.2487
vn -0.7936 -0.5480 0.2643
vn -0.8034 -0.5950 0.0213
vn -0.4105 -0.9075 0.0893
vn -0.4276 -0.8760 0.2232
vn 0.1136 -0.3589 0.9264
vn 0.0764 -0.2383 0.9682
vn -0.9333 -0.3589 -0.0063
vn -0.9705 -0.2383 0.0354
vn 0.0281 -0.0959 0.9950
vn 0.0629 0.1032 0.9927
vn -0.2687 0.0927 0.9587
vn -0.2690 -0.1587 0.9500
vn -0.9916 -0.0959 0.0865
vn -0.9933 0.1033 0.0517
vn -0.9128 -0.1587 0.3764
vn -0.9215 0.0927 0.3772
vn 0.0908 0.3485 0.9329
vn -0.1615 0.4981 0.8520
vn -0.9372 0.3485 0.0171
vn -0.8277 0.4981 0.2583
vn -0.4464 0.6178 0.6474
vn -0.5125 0.6375 0.5753
vn -0.6619 0.1003 0.7429
vn -0.5798 0.0969 0.8090
vn -0.1027 -0.9715 0.2135
vn -0.2442 -0.8997 0.3617
vn -0.2817 -0.9059 0.3162
vn -0.1309 -0.9804 0.1470
vn -0.3472 -0.7976 0.4933
vn -0.4803 -0.5685 0.6679
vn -0.5534 -0.5549 0.6211
vn -0.4067 -0.7913 0.4566
vn -0.5752 -0.1981 0.7937
vn -0.6517 -0.2007 0.7314
vn 0.1760 -0.2934 -0.9396
vn -0.0151 -0.0519 -0.9985
vn -0.0383 -0.4112 -0.9107
vn 0.0790 -0.2258 -0.9710
vn 0.4124 -0.7571 -0.5066
vn 0.4009 -0.8013 -0.4441
vn 0.1195 -0.6432 -0.7563
vn 0.9132 -0.2934 -0.2829
vn 0.9554 -0.2258 -0.1902
vn 0.9091 -0.4112 -0.0666
vn 0.9937 -0.0519 -0.0998
vn 0.7376 -0.6432 -0.2056
vn 0.3950 -0.8013 -0.4493
vn 0.4558 -0.7571 -0.4680
vn -0.0761 -0.1782 -0.9810
vn 0.1318 -0.3913 -0.9108
vn -0.0636 -0.5531 -0.8307
vn 0.0342 -0.7084 -0.7050
vn 0.9833 -0.1782 -0.0371
vn 0.8896 -0.3913 -0.2356
vn 0.6964 -0.7084 -0.1149
vn 0.8325 -0.5531 -0.0323
vn 0.3695 -0.5852 -0.7218
vn 0.2418 -0.5381 -0.8074
vn 0.3235 -0.8614 -0.3917
vn 0.4918 -0.8360 -0.2436
vn 0.6746 -0.5852 -0.4500
vn 0.7743 -0.5381 -0.3330
vn 0.1854 -0.8360 -0.5165
vn 0.3519 -0.8614 -0.3663
vn 0.0578 -0.5093 -0.8586
vn 0.0428 -0.5679 -0.8220
vn -0.0360 -0.7502 -0.6602
vn -0.4723 -0.6277 -0.6188
vn 0.8463 -0.5094 -0.1562
vn 0.8116 -0.5679 -0.1370
vn 0.6691 -0.6276 0.3980
vn 0.6599 -0.7502 -0.0401
vn 0.0160 -0.6306 -0.7760
vn -0.5501 -0.5753 -0.6053
vn -0.5678 -0.8041 0.1760
vn 0.1192 -0.9598 -0.2542
vn 0.7690 -0.6305 -0.1050
vn 0.6645 -0.5753 0.4769
vn 0.2389 -0.9598 -0.1476
vn -0.1095 -0.8041 0.5843
vn -0.0809 0.0403 -0.9959
vn -0.1029 0.0795 -0.9915
vn -0.0444 -0.7206 -0.6920
vn 0.9986 0.0403 -0.0341
vn 0.9968 0.0794 -0.0117
vn 0.6925 -0.7206 -0.0355
vn -0.1261 0.1127 -0.9856
vn -0.0952 -0.2283 -0.9689
vn 0.9936 0.1127 0.0120
vn 0.9734 -0.2283 -0.0168
vn 0.0141 -0.7876 -0.6161
vn 0.0116 -0.9153 -0.4026
vn 0.6103 -0.7876 -0.0849
vn 0.3986 -0.9153 -0.0579
vn 0.0129 -0.9777 -0.2096
vn 0.0362 -0.9607 -0.2753
vn 0.2067 -0.9777 -0.0369
vn 0.2692 -0.9607 -0.0676
vn 0.0243 -0.9409 -0.3378
vn -0.0148 -0.9795 -0.2008
vn 0.3327 -0.9409 -0.0630
vn 0.2012 -0.9795 -0.0084
vn -0.0439 -0.9949 -0.0906
vn -0.0660 -0.9895 -0.1288
vn 0.0951 -0.9949 0.0331
vn 0.1356 -0.9895 0.0507
vn -0.1341 -0.9634 -0.2322
vn -0.6690 -0.7271 -0.1543
vn 0.2460 -0.9634 0.1066
vn 0.2302 -0.7271 0.6468
vn -0.9862 -0.1643 -0.0221
vn -0.9896 -0.1385 -0.0379
vn 0.1352 -0.1643 0.9771
vn 0.1514 -0.1384 0.9787
vn -0.9752 -0.2168 -0.0435
vn -0.9792 0.0588 0.1942
vn 0.1554 -0.2168 0.9638
vn -0.0803 0.0587 0.9950
vn -0.7793 0.5277 0.3381
vn -0.6934 -0.0818 0.7159
vn -0.2461 0.5276 0.8130
vn -0.6314 -0.0821 0.7711
vn -0.3360 -0.4388 0.8334
vn -0.3045 -0.6022 0.7380
vn -0.1065 -0.1472 0.9834
vn -0.1319 -0.4903 0.8615
vn -0.7893 -0.4387 0.4296
vn -0.6981 -0.6022 0.3874
vn -0.8406 -0.4903 0.2301
vn -0.9646 -0.1472 0.2189
vn -0.2775 0.7795 -0.5616
vn -0.3356 0.8820 -0.3307
vn 0.5897 0.7795 0.2111
vn 0.3670 0.8821 0.2955
vn -0.3811 0.8873 0.2596
vn -0.2349 0.9170 0.3223
vn -0.2142 0.8873 0.4084
vn -0.2931 0.9170 0.2704
vn 0.0110 0.9174 0.3978
vn 0.0757 0.5014 0.8619
vn -0.3963 0.9175 0.0347
vn -0.8649 0.5014 0.0239
vn 0.0921 0.0450 0.9947
vn 0.1215 -0.0474 0.9915
vn -0.9987 0.0450 0.0228
vn -0.9989 -0.0474 -0.0067
vn 0.0722 -0.1399 0.9875
vn 0.0508 -0.5000 0.8645
vn -0.9893 -0.1398 0.0418
vn -0.8646 -0.5001 0.0490
vn 0.0192 -0.6977 0.7161
vn 0.0354 -0.8157 0.5774
vn -0.0346 -0.7416 0.6700
vn -0.0891 -0.6451 0.7589
vn -0.7136 -0.6977 0.0633
vn -0.5776 -0.8157 0.0312
vn -0.7437 -0.6450 0.1758
vn -0.6615 -0.7416 0.1113
vn 0.0745 -0.8946 0.4405
vn 0.0707 -0.9687 0.2379
vn 0.0503 -0.9813 0.1858
vn 0.0895 -0.9290 0.3591
vn 0.1265 -0.8513 0.5091
vn 0.0497 -0.8124 0.5810
vn -0.4462 -0.8946 -0.0234
vn -0.3670 -0.9290 -0.0475
vn -0.1903 -0.9813 -0.0286
vn -0.2445 -0.9687 -0.0429
vn -0.5829 -0.8124 0.0174
vn -0.5203 -0.8513 -0.0671
vn 0.0214 -0.9979 0.0618
vn -0.0045 -1.0000 0.0051
vn -0.0166 -0.9997 0.0186
vn 0.0046 -0.9984 0.0571
vn -0.2093 -0.6635 0.7183
vn -0.1770 -0.6290 0.7570
vn -0.0859 -0.7647 0.6387
vn -0.0618 -0.8312 0.5525
vn -0.6894 -0.6635 0.2906
vn -0.7316 -0.6290 0.2629
vn -0.5417 -0.8312 0.1249
vn -0.6246 -0.7647 0.1587
vn -0.1424 -0.6478 0.7484
vn -0.1148 -0.6979 0.7069
vn -0.0680 -0.6889 0.7217
vn -0.0760 -0.6556 0.7513
vn -0.7270 -0.6478 0.2275
vn -0.6890 -0.6980 0.1953
vn -0.7375 -0.6556 0.1619
vn -0.7091 -0.6889 0.1506
vn 0.0382 -0.7291 0.6833
vn 0.1595 -0.7543 0.6369
vn 0.1471 -0.6196 0.7710
vn 0.0146 -0.6373 0.7705
vn -0.6832 -0.7291 0.0406
vn -0.6510 -0.7543 -0.0853
vn -0.7671 -0.6373 0.0741
vn -0.7828 -0.6196 -0.0575
vn 0.1060 -0.9442 0.3120
vn 0.0359 -0.9859 0.1632
vn 0.0221 -0.9852 0.1701
vn 0.1381 -0.9493 0.2823
vn 0.2692 -0.8732 0.4063
vn 0.1960 -0.8682 0.4558
vn -0.3221 -0.9442 -0.0694
vn -0.2963 -0.9493 -0.1047
vn -0.1715 -0.9852 -0.0024
vn -0.1663 -0.9859 -0.0169
vn -0.4753 -0.8682 -0.1423
vn -0.4346 -0.8732 -0.2207
vn -0.0110 -0.9980 0.0624
vn -0.0289 -0.9991 0.0324
vn -0.0699 -0.9945 0.0784
vn -0.0478 -0.9938 0.1003
vn 0.2767 -0.7608 0.5870
vn 0.3797 -0.7587 0.5293
vn 0.4474 -0.5176 0.7294
vn 0.2894 -0.5881 0.7552
vn -0.6150 -0.7608 -0.2074
vn -0.5694 -0.7587 -0.3164
vn -0.7835 -0.5881 -0.2007
vn -0.7760 -0.5176 -0.3605
vn -0.7915 -0.0984 0.6032
vn -0.6459 -0.1165 0.7545
vn -0.4453 -0.2841 0.8491
vn -0.7961 -0.5126 0.3216
vn -0.9293 -0.3600 -0.0824
vn -0.8796 -0.0447 0.4735
vn -0.5081 -0.0983 0.8557
vn -0.2280 -0.5126 0.8278
vn -0.7923 -0.2841 0.5400
vn -0.6752 -0.1165 0.7284
vn -0.3693 -0.0447 0.9282
vn 0.1886 -0.3600 0.9137
vn -0.8848 -0.0273 0.4653
vn -0.9539 -0.2798 -0.1088
vn -0.9603 -0.2605 -0.0993
vn -0.8852 -0.0232 0.4646
vn -0.7675 0.0669 0.6376
vn -0.7721 0.0636 0.6324
vn -0.3605 -0.0273 0.9324
vn -0.5395 0.0636 0.8396
vn -0.5452 0.0669 0.8356
vn -0.3597 -0.0232 0.9328
vn 0.2090 -0.2605 0.9426
vn 0.2177 -0.2798 0.9351
vn -0.6301 0.1104 0.7686
vn -0.6244 0.1108 0.7732
vn 0.2938 0.2264 0.9287
vn 0.2857 0.2233 0.9319
vn -0.6910 0.1104 0.7143
vn -0.9586 0.2233 -0.1767
vn -0.9563 0.2265 -0.1849
vn -0.6963 0.1109 0.7091
vn -0.4660 -0.7327 0.4960
vn -0.3805 -0.6978 0.6069
vn -0.5054 -0.5245 0.6852
vn -0.4783 -0.6885 0.5451
vn -0.4632 -0.7496 0.4728
vn -0.4714 -0.7622 0.4436
vn -0.4358 -0.7907 0.4299
vn -0.3025 -0.8005 0.5174
vn -0.4392 -0.7327 0.5199
vn -0.3864 -0.7622 0.5193
vn -0.4161 -0.7499 0.5144
vn -0.4865 -0.6885 0.5379
vn -0.6225 -0.5245 0.5808
vn -0.5591 -0.6978 0.4478
vn -0.4791 -0.8006 0.3599
vn -0.3770 -0.7907 0.4823
vn -0.3470 -0.7885 0.5079
vn -0.4363 -0.7727 0.4611
vn -0.4429 -0.7555 0.4828
vn -0.4350 -0.7566 0.4882
vn -0.4213 -0.7740 0.4728
vn -0.5014 -0.6476 0.5738
vn -0.5837 -0.4320 0.6875
vn -0.6085 -0.4041 0.6830
vn -0.5174 -0.6285 0.5807
vn -0.6121 -0.3241 0.7213
vn -0.5929 -0.3042 0.7456
vn -0.5552 -0.4514 0.6985
vn -0.5906 -0.4602 0.6629
vn -0.6278 -0.3308 0.7046
vn -0.5867 -0.2771 0.7609
vn -0.4200 -0.5008 0.7568
vn -0.2738 -0.4584 0.8456
vn -0.5760 -0.2250 0.7859
vn -0.6884 -0.2771 0.6703
vn -0.7145 -0.2250 0.6625
vn -0.8085 -0.4583 0.3692
vn -0.7035 -0.5008 0.5042
vn -0.6725 -0.3042 0.6747
vn -0.5401 -0.1173 0.8334
vn -0.3231 -0.1927 0.9265
vn -0.2483 0.1213 0.9611
vn -0.4575 0.0408 0.8882
vn -0.7657 -0.1173 0.6324
vn -0.8297 0.0408 0.5566
vn -0.9261 0.1213 0.3572
vn -0.8832 -0.1927 0.4275
vn -0.3476 0.1676 0.9225
vn -0.3105 -0.0560 0.9489
vn -0.2755 0.2654 0.9239
vn -0.8765 0.1676 0.4514
vn -0.9070 -0.0560 0.4175
vn -0.8861 0.2654 0.3799
vn -0.2015 0.3034 0.9313
vn -0.1212 0.2516 0.9602
vn -0.9020 0.3034 0.3072
vn -0.9399 0.2516 0.2307
vn -0.0346 0.1689 0.9850
vn -0.0406 0.0107 0.9991
vn 0.0916 -0.1850 0.9785
vn 0.0638 0.0017 0.9980
vn 0.0149 -0.0885 0.9960
vn -0.0720 0.0981 0.9926
vn -0.9745 0.1688 0.1476
vn -0.9987 0.0017 0.0513
vn -0.9825 -0.1850 0.0215
vn -0.9878 0.0107 0.1552
vn -0.9777 0.0981 0.1857
vn -0.9911 -0.0885 0.0997
vn -0.0797 -0.2437 0.9666
vn 0.0281 -0.4161 0.9089
vn -0.9510 -0.2437 0.1904
vn -0.9061 -0.4161 0.0765
vn 0.1221 -0.4798 0.8688
vn -0.0339 -0.5898 0.8068
vn 0.1241 -0.7136 0.6895
vn 0.2035 -0.5102 0.8356
vn 0.2100 -0.4654 0.8598
vn 0.1701 -0.3340 0.9271
vn -0.8771 -0.4798 -0.0214
vn -0.8535 -0.5102 -0.1061
vn -0.6992 -0.7136 -0.0440
vn -0.7976 -0.5898 0.1264
vn -0.9405 -0.3340 -0.0624
vn -0.8783 -0.4654 -0.1097
vn -0.2307 -0.6665 0.7089
vn -0.1178 -0.7928 0.5980
vn -0.6777 -0.6666 0.3106
vn -0.5805 -0.7928 0.1857
vn -0.1307 0.0044 0.9914
vn -0.0489 -0.1638 0.9853
vn -0.9698 0.0044 0.2438
vn -0.9731 -0.1639 0.1619
vn 0.1502 -0.1781 0.9725
vn 0.1085 -0.2031 0.9731
vn -0.9833 -0.1782 -0.0374
vn -0.9792 -0.2031 0.0042
vn 0.3152 -0.5706 0.7583
vn 0.3675 -0.7211 0.5874
vn 0.4737 -0.7120 0.5183
vn 0.3768 -0.5918 0.7126
vn -0.7895 -0.5706 -0.2259
vn -0.6257 -0.7211 -0.2975
vn -0.7512 -0.5918 -0.2923
vn -0.5694 -0.7120 -0.4109
vn 0.3285 -0.6696 0.6661
vn 0.4360 -0.7438 0.5067
vn 0.2796 -0.8003 0.5305
vn 0.1622 -0.7294 0.6646
vn 0.0672 -0.6673 0.7418
vn 0.1944 -0.6538 0.7312
vn -0.6994 -0.6696 -0.2498
vn -0.6789 -0.7293 -0.0848
vn -0.5591 -0.8002 -0.2168
vn -0.5535 -0.7438 -0.3748
vn -0.7487 -0.6538 -0.1090
vn -0.7446 -0.6673 0.0185
vn -0.0117 -0.7308 0.6825
vn 0.0815 -0.8196 0.5671
vn -0.0417 -0.6446 0.7634
vn -0.6766 -0.7308 0.0901
vn -0.5727 -0.8196 -0.0158
vn -0.7535 -0.6447 0.1292
vn -0.2947 -0.9366 0.1893
vn -0.1794 -0.9585 0.2218
vn -0.1542 -0.9366 0.3145
vn -0.1997 -0.9585 0.2037
vn -0.1506 -0.9278 0.3412
vn -0.0337 -0.9635 0.2658
vn 0.2023 -0.9313 0.3030
vn -0.2601 -0.9635 0.0640
vn -0.3242 -0.9313 -0.1661
vn 0.4121 -0.8625 0.2938
vn 0.4950 -0.8183 0.2923
vn -0.3392 -0.8625 -0.3756
vn -0.3473 -0.8183 -0.4581
vn 0.4809 -0.8232 0.3018
vn 0.3510 -0.8689 0.3490
vn -0.3551 -0.8232 -0.4430
vn -0.3870 -0.8689 -0.3086
vn 0.1605 -0.8978 0.4102
vn -0.4259 -0.8978 -0.1123
vn 0.6682 0.0850 0.7391
vn 0.6230 -0.0079 0.7821
vn 0.5755 -0.1371 0.8062
vn -0.8486 -0.0079 -0.5290
vn -0.8110 0.0850 -0.5788
vn -0.8670 -0.1371 -0.4790
vn 0.5297 -0.2888 0.7975
vn -0.8531 -0.2888 -0.4345
vn 0.1176 -0.6487 0.7519
vn 0.1011 -0.4646 0.8797
vn 0.0415 -0.6098 0.7915
vn 0.0642 -0.4375 0.8969
vn -0.7605 -0.6487 -0.0304
vn -0.8855 -0.4646 0.0007
vn -0.8984 -0.4375 0.0393
vn -0.7910 -0.6098 0.0497
vn 0.0578 -0.2373 0.9697
vn 0.0336 -0.2576 0.9657
vn -0.9699 -0.2373 0.0541
vn -0.9631 -0.2576 0.0776
vn 0.0280 -0.2639 0.9641
vn 0.1142 -0.3311 0.9367
vn 0.1884 -0.2244 0.9561
vn 0.0659 -0.1575 0.9853
vn -0.9610 -0.2639 0.0830
vn -0.9864 -0.1575 0.0478
vn -0.9714 -0.2244 -0.0773
vn -0.9436 -0.3310 -0.0057
vn 0.1029 -0.0305 0.9942
vn 0.2336 -0.1122 0.9658
vn 0.2348 -0.0217 0.9718
vn 0.1038 0.0700 0.9921
vn -0.9995 -0.0305 0.0121
vn -0.9975 0.0701 0.0110
vn -0.9924 -0.0217 -0.1215
vn -0.9863 -0.1122 -0.1210
vn 0.0628 0.1581 0.9854
vn 0.2051 0.0695 0.9763
vn 0.1711 0.2489 0.9533
vn 0.0285 0.2342 0.9718
vn -0.0426 0.2425 0.9692
vn -0.9861 0.1581 0.0509
vn -0.9686 0.2342 0.0834
vn -0.9667 0.2488 -0.0603
vn -0.9934 0.0695 -0.0915
vn -0.9579 0.2425 0.1537
vn 0.0468 0.3480 0.9363
vn 0.1227 0.4553 0.8818
vn 0.0894 0.6027 0.7930
vn 0.0369 0.5307 0.8468
vn -0.9355 0.3481 0.0611
vn -0.8454 0.5306 0.0607
vn -0.7980 0.6027 0.0023
vn -0.8901 0.4553 -0.0205
vn -0.0057 -0.5811 0.8138
vn 0.0926 -0.5045 0.8585
vn -0.8078 -0.5811 0.0992
vn -0.8634 -0.5045 0.0067
vn 0.2137 -0.4152 0.8843
vn 0.3155 -0.3155 0.8950
vn -0.9030 -0.4152 -0.1107
vn -0.9253 -0.3155 -0.2105
vn 0.3709 -0.2033 0.9062
vn 0.3914 -0.0955 0.9153
vn -0.9428 -0.2033 -0.2642
vn -0.9542 -0.0955 -0.2836
vn 0.4042 0.0049 0.9146
vn 0.4200 0.1051 0.9014
vn -0.9550 0.0049 -0.2964
vn -0.9438 0.1050 -0.3135
vn -0.0075 0.7501 0.6612
vn 0.0199 0.7112 0.7027
vn -0.7003 0.7112 0.0611
vn -0.6560 0.7501 0.0834
vn -0.0237 0.7427 0.6692
vn -0.6620 0.7427 0.1004
vn -0.0108 0.6798 0.7333
vn -0.7272 0.6798 0.0950
vn -0.1636 0.2910 0.9426
vn -0.3330 0.2938 0.8960
vn -0.9176 0.2910 0.2709
vn -0.8518 0.2938 0.4338
vn -0.3493 0.7890 0.5055
vn -0.0692 0.9614 0.2664
vn -0.3544 0.8273 0.4359
vn -0.0498 0.9987 0.0148
vn -0.4620 0.7890 0.4050
vn -0.2567 0.9614 0.0994
vn -0.0090 0.9986 0.0512
vn -0.3923 0.8273 0.4021
vn -0.4660 0.7871 0.4041
vn -0.3498 0.9301 -0.1124
vn -0.6251 0.5938 0.5066
vn -0.5628 0.7713 -0.2972
vn -0.3479 0.7871 0.5093
vn 0.1519 0.9300 0.3346
vn 0.3600 0.7713 0.5249
vn -0.4314 0.5938 0.6792
vn -0.6383 0.3236 0.6985
vn -0.8905 0.4428 -0.1047
vn -0.5159 0.1759 0.8384
vn -0.9709 0.1433 -0.1917
vn -0.6204 0.3236 0.7144
vn 0.2064 0.4428 0.8725
vn 0.3022 0.1433 0.9424
vn -0.7735 0.1759 0.6089
vn -0.4560 0.0566 0.8882
vn -0.9406 -0.3278 0.0887
vn -0.3182 -0.1200 0.9404
vn -0.6339 -0.7663 -0.1047
vn -0.8299 0.0566 0.5551
vn 0.0201 -0.3278 0.9445
vn 0.1769 -0.7663 0.6176
vn -0.8976 -0.1200 0.4242
vn -0.1384 -0.2989 0.9442
vn -0.0460 -0.9536 0.2974
vn -0.9220 -0.2989 0.2460
vn -0.2901 -0.9536 0.0799
vn -0.1914 0.7566 -0.6253
vn -0.1534 0.8162 -0.5571
vn -0.4410 0.6010 -0.6666
vn -0.5393 0.5263 -0.6574
vn -0.1831 0.7762 -0.6032
vn 0.0368 0.9043 -0.4254
vn 0.6431 0.7566 0.1182
vn 0.7128 0.6010 0.3615
vn 0.5710 0.8162 0.0884
vn 0.4184 0.9042 -0.0855
vn 0.6203 0.7762 0.1127
vn 0.7150 0.5263 0.4602
vn -0.6386 0.3966 -0.6595
vn -0.6592 0.3262 -0.6775
vn 0.7285 0.3967 0.5585
vn 0.7488 0.3263 0.5769
vn -0.6601 0.2514 -0.7079
vn -0.7019 -0.0452 -0.7108
vn -0.6691 -0.1234 -0.7328
vn -0.6648 0.2768 -0.6938
vn 0.7791 0.2514 0.5743
vn 0.7868 -0.0452 0.6155
vn 0.7657 0.2768 0.5806
vn 0.8049 -0.1234 0.5804
vn -0.6677 -0.3652 -0.6487
vn -0.5765 -0.3821 -0.7223
vn 0.7212 -0.3652 0.5887
vn 0.7838 -0.3821 0.4895
vn -0.4809 -0.4197 -0.7698
vn -0.2404 -0.7117 -0.6601
vn -0.1488 -0.8135 -0.5622
vn -0.5157 -0.4125 -0.7509
vn 0.8200 -0.4197 0.3892
vn 0.6834 -0.7116 0.1629
vn 0.8053 -0.4125 0.4259
vn 0.5755 -0.8135 0.0831
vn 0.0531 -0.8918 -0.4492
vn 0.1239 -0.9001 -0.4177
vn 0.4401 -0.8918 -0.1044
vn 0.4006 -0.9001 -0.1711
vn 0.2049 -0.8984 -0.3885
vn 0.4458 -0.8695 -0.2126
vn 0.5219 -0.8500 -0.0713
vn 0.1774 -0.9113 -0.3716
vn 0.3623 -0.8984 -0.2482
vn 0.1599 -0.8695 -0.4673
vn 0.3487 -0.9113 -0.2190
vn 0.0108 -0.8500 -0.5266
vn 0.6354 -0.7706 -0.0496
vn 0.6787 -0.7340 0.0259
vn -0.0238 -0.7706 -0.6368
vn -0.1038 -0.7340 -0.6712
vn 0.7208 -0.6890 0.0756
vn 0.7009 -0.7079 0.0876
vn -0.1579 -0.6890 -0.7073
vn -0.1676 -0.7079 -0.6862
vn 0.9424 -0.0618 0.3287
vn 0.9343 0.0052 0.3563
vn 0.9281 0.0457 0.3694
vn 0.9385 -0.0960 0.3316
vn -0.4349 -0.0618 -0.8984
vn -0.4614 0.0052 -0.8872
vn -0.4372 -0.0960 -0.8942
vn -0.4737 0.0457 -0.8795
vn 0.9196 -0.0151 0.3925
vn 0.9124 0.0575 0.4051
vn -0.4957 -0.0151 -0.8684
vn -0.5073 0.0575 -0.8598
vn 0.8897 0.1580 0.4283
vn 0.8367 0.3484 0.4227
vn 0.8013 0.4581 0.3849
vn 0.8906 0.1608 0.4253
vn -0.5277 0.1580 -0.8346
vn -0.5160 0.3484 -0.7825
vn -0.5249 0.1608 -0.8358
vn -0.4744 0.4580 -0.7517
vn 0.7239 0.5729 0.3843
vn 0.6625 0.6728 0.3293
vn -0.4651 0.5729 -0.6749
vn -0.4033 0.6727 -0.6203
vn 0.5950 0.7583 0.2664
vn 0.2735 0.9563 0.1030
vn 0.2866 0.9579 0.0173
vn 0.6369 0.7215 0.2717
vn -0.3330 0.7582 -0.5606
vn -0.1338 0.9563 -0.2599
vn -0.3431 0.7214 -0.6016
vn -0.0501 0.9579 -0.2827
vn 0.0128 0.9999 -0.0094
vn 0.1218 0.9918 -0.0381
vn 0.0079 0.9999 -0.0138
vn 0.0239 0.9918 -0.1253
vn 0.2549 0.9638 -0.0779
vn 0.2270 0.9726 -0.0511
vn 0.3421 0.9287 -0.1434
vn 0.3064 0.9465 -0.1008
vn 0.0480 0.9638 -0.2622
vn 0.0247 0.9725 -0.2314
vn 0.0649 0.9466 -0.3159
vn 0.1031 0.9287 -0.3563
vn 0.1960 0.9805 -0.0108
vn 0.2860 0.9505 -0.1216
vn -0.0118 0.9805 -0.1959
vn 0.0879 0.9505 -0.2981
vn 0.2931 0.9385 -0.1826
vn 0.0791 0.9441 -0.3200
vn 0.3006 0.9371 -0.1777
vn 0.1477 0.9385 -0.3121
vn 0.3088 0.9441 -0.1154
vn 0.1419 0.9371 -0.3190
vn -0.1593 0.8775 -0.4524
vn 0.4677 0.8775 0.1062
vn 0.6021 -0.3593 -0.7130
vn 0.4877 -0.2819 -0.8262
vn 0.6188 -0.3670 -0.6946
vn 0.5387 -0.5866 -0.6047
vn 0.5191 -0.5788 -0.6289
vn 0.3984 -0.4724 -0.7862
vn 0.3253 -0.1573 -0.9324
vn 0.2842 -0.1502 -0.9469
vn 0.8889 -0.1573 -0.4303
vn 0.9080 -0.1502 -0.3911
vn 0.7352 -0.4724 -0.4861
vn 0.7647 -0.2819 -0.5795
vn 0.2212 -0.1448 -0.9644
vn 0.1656 -0.4154 -0.8944
vn -0.1238 -0.0679 -0.9900
vn 0.0643 0.0597 -0.9961
vn 0.9326 -0.1448 -0.3306
vn 0.8695 -0.4154 -0.2673
vn 0.9821 0.0597 -0.1784
vn 0.9977 -0.0679 0.0092
vn 0.0129 -0.9935 -0.1130
vn -0.1426 -0.9619 -0.2332
vn -0.0052 -0.8921 -0.4518
vn 0.1844 -0.9420 -0.2806
vn 0.2207 -0.9434 -0.2477
vn 0.0641 -0.9953 -0.0720
vn -0.1191 -0.9839 0.1336
vn -0.1726 -0.9818 0.0797
vn -0.3075 -0.9491 -0.0686
vn -0.2953 -0.8921 -0.3420
vn -0.3084 -0.8456 -0.4358
vn -0.4517 -0.8565 -0.2497
vn -0.5585 -0.6407 -0.5268
vn 0.3737 -0.8921 0.2541
vn 0.2480 -0.9619 0.1148
vn 0.4494 -0.8921 -0.0468
vn 0.4684 -0.8455 0.2563
vn 0.5876 -0.6407 0.4942
vn 0.3000 -0.8565 0.4200
vn 0.1035 -0.9491 0.2976
vn -0.3346 -0.7702 -0.5429
vn -0.5310 -0.4531 -0.7161
vn -0.4531 -0.2939 -0.8416
vn -0.2008 -0.7516 -0.6283
vn 0.5778 -0.7702 0.2699
vn 0.7724 -0.4531 0.4452
vn 0.6472 -0.7516 0.1272
vn 0.8882 -0.2939 0.3533
vn -0.4070 -0.8488 0.3375
vn -0.5330 -0.8387 0.1120
vn -0.3582 -0.8426 0.4021
vn -0.6026 -0.4235 0.6764
vn -0.6588 -0.4386 0.6112
vn -0.7997 -0.5244 0.2924
vn -0.6070 -0.7856 -0.1198
vn -0.6425 -0.7581 -0.1117
vn 0.1888 -0.7856 0.5892
vn 0.1848 -0.7581 0.6254
vn -0.1985 -0.5244 0.8280
vn -0.0500 -0.8386 0.5424
vn -0.6926 -0.7127 -0.1113
vn -0.9266 -0.3722 0.0536
vn -0.9522 -0.1894 -0.2398
vn -0.7201 -0.5967 -0.3541
vn 0.1902 -0.7127 0.6752
vn 0.0533 -0.3722 0.9266
vn 0.4345 -0.5967 0.6747
vn 0.3477 -0.1894 0.9183
vn -0.6863 0.2738 0.6739
vn -0.8615 0.1970 0.4679
vn -0.6358 0.2943 0.7136
vn -0.3581 0.8428 0.4019
vn -0.3928 0.8339 0.3877
vn -0.6291 0.7356 0.2511
vn -0.9753 0.0946 0.1995
vn -0.9635 0.2247 0.1456
vn -0.0861 0.0946 0.9918
vn -0.0339 0.2247 0.9738
vn -0.1771 0.7356 0.6538
vn -0.3658 0.1970 0.9096
vn -0.9312 0.3621 0.0413
vn -0.6480 0.7596 -0.0555
vn -0.5973 0.7801 -0.1861
vn -0.9460 0.2718 -0.1769
vn 0.0661 0.3621 0.9298
vn 0.1296 0.7596 0.6373
vn 0.2845 0.2717 0.9193
vn 0.2536 0.7801 0.5719
vn -0.1569 0.9808 0.1158
vn -0.2687 0.9632 -0.0017
vn -0.1281 0.9813 0.1437
vn -0.1260 0.9819 0.1414
vn -0.1599 0.9804 0.1150
vn -0.2942 0.9557 0.0057
vn -0.3804 0.9144 -0.1386
vn -0.3727 0.9170 -0.1422
vn 0.1814 0.9144 0.3619
vn 0.1841 0.9170 0.3539
vn 0.0282 0.9557 0.2929
vn 0.0326 0.9632 0.2667
vn -0.3494 0.9332 -0.0844
vn -0.3731 0.9257 -0.0619
vn -0.3717 0.9217 -0.1107
vn 0.1240 0.9332 0.3373
vn 0.1044 0.9257 0.3636
vn 0.1527 0.9217 0.3565
vn -0.1734 0.9711 0.1638
vn -0.2128 0.9674 0.1372
vn -0.1555 0.9723 0.1746
vn -0.4026 0.9136 -0.0571
vn -0.3733 0.9274 -0.0235
vn 0.1030 0.9136 0.3934
vn 0.0663 0.9274 0.3681
vn -0.2940 0.9548 0.0446
vn -0.0105 0.9548 0.2972
vn -0.1118 0.9674 0.2272
vn -0.4661 -0.1879 -0.8645
vn -0.5473 -0.1039 -0.8304
vn -0.4793 -0.1936 -0.8561
vn -0.5889 -0.1753 -0.7889
vn 0.9124 -0.1879 0.3636
vn 0.8879 -0.1039 0.4482
vn 0.8514 -0.1753 0.4943
vn 0.9055 -0.1936 0.3776
vn -0.6521 0.0185 -0.7579
vn -0.7020 -0.0242 -0.7117
vn -0.7725 0.1774 -0.6097
vn -0.6968 0.3081 -0.6478
vn 0.8278 0.0185 0.5607
vn 0.7877 -0.0242 0.6156
vn 0.7236 0.3081 0.6177
vn 0.6945 0.1774 0.6973
vn -0.7765 -0.0776 -0.6254
vn -0.8550 0.0295 -0.5178
vn -0.7636 -0.2155 -0.6086
vn 0.7105 -0.0776 0.6994
vn 0.6126 0.0294 0.7898
vn 0.6924 -0.2155 0.6886
vn -0.8922 0.2373 -0.3843
vn -0.7848 0.4657 -0.4090
vn 0.4843 0.2373 0.8421
vn 0.4965 0.4656 0.7326
vn -0.6642 0.6076 -0.4354
vn -0.5273 0.7972 -0.2941
vn 0.5089 0.6076 0.6098
vn 0.3527 0.7972 0.4899
vn -0.4254 0.8820 -0.2026
vn 0.2502 0.8820 0.3993
vn -0.2706 0.3227 -0.9070
vn -0.1792 0.2718 -0.9455
vn -0.2871 0.3051 -0.9080
vn 0.9321 0.3227 0.1645
vn 0.9350 0.3051 0.1808
vn 0.9599 0.2718 0.0693
vn -0.0632 0.2311 -0.9709
vn 0.9717 0.2311 -0.0488
vn -0.7110 -0.3770 -0.5936
vn -0.5721 -0.3287 -0.7515
vn 0.6714 -0.3770 0.6380
vn 0.8123 -0.3287 0.4819
vn -0.4886 -0.2351 -0.8403
vn -0.5648 -0.1647 -0.8086
vn 0.8908 -0.2351 0.3887
vn 0.8682 -0.1647 0.4681
vn -0.3100 0.3105 -0.8986
vn -0.3349 0.2361 -0.9122
vn 0.9283 0.3105 0.2046
vn 0.9447 0.2361 0.2278
vn -0.3953 0.1006 -0.9130
vn -0.2507 -0.2950 -0.9220
vn -0.4423 0.1217 -0.8886
vn 0.9524 0.1006 0.2877
vn 0.9447 -0.2950 0.1430
vn 0.9335 0.1217 0.3372
vn 0.0925 -0.6693 -0.7372
vn 0.0313 -0.6794 -0.7331
vn 0.2577 -0.7631 -0.5927
vn 0.7216 -0.6694 -0.1766
vn 0.7247 -0.6794 -0.1153
vn 0.5591 -0.7631 -0.3241
vn -0.6212 -0.0906 -0.7784
vn -0.5517 0.0228 -0.8337
vn 0.8447 -0.0907 0.5276
vn 0.8916 0.0228 0.4522
vn -0.0437 -0.6632 -0.7472
vn 0.7473 -0.6631 -0.0425
vn -0.4631 0.1384 -0.8754
vn 0.9229 0.1384 0.3594
vn 0.3733 -0.7976 -0.4737
vn 0.3978 -0.8015 -0.4465
vn -0.4253 0.7935 0.4353
vn -0.4950 0.7121 0.4979
vn -0.6403 0.4376 0.6313
vn -0.7147 0.2303 0.6604
vn -0.7246 0.0471 0.6875
vn -0.6711 0.4190 0.6116
vn -0.7153 0.0825 0.6939
vn -0.2072 -0.9371 0.2808
vn -0.3886 -0.7892 0.4756
vn 0.4092 -0.8283 -0.3828
vn 0.1081 -0.9882 -0.1084
vn 0.5368 -0.6138 -0.5789
vn -0.0603 -0.9966 0.0566
vn 0.6607 -0.2860 -0.6941
vn 0.2741 -0.9031 -0.3305
vn 0.6065 -0.3872 -0.6944
vn 0.6585 -0.0787 -0.7485
vn 0.6628 -0.1693 -0.7295
vn 0.5072 0.7085 -0.4907
vn 0.1252 0.9846 -0.1216
vn 0.4130 0.8313 -0.3721
vn 0.0387 0.9987 -0.0328
vn 0.1149 0.9861 -0.1203
vn 0.3529 0.8717 -0.3400
vn 0.0472 0.9964 -0.0708
vn -0.0109 -0.9924 -0.1224
vn -0.0684 -0.9966 -0.0457
vn -0.0367 -0.9963 -0.0781
vn -0.5917 0.6178 0.5179
vn -0.7371 0.0969 0.6688
vn -0.2003 -0.9715 0.1266
vn -0.3313 -0.8997 0.2841
vn -0.4501 -0.7976 0.4016
vn -0.6083 -0.5684 0.5540
vn -0.7223 -0.1981 0.6626
vn -0.0639 -0.9979 -0.0142
vn -0.0572 -0.9984 0.0020
vn -0.0607 -0.9980 0.0181
vn -0.0941 -0.9938 0.0590
vn -0.4079 -0.7727 0.4864
vn -0.4287 -0.7555 0.4954
vn -0.5123 -0.6476 0.5640
vn -0.6159 -0.4320 0.6589
vn -0.6462 -0.3241 0.6909
vn -0.6301 -0.4514 0.6318
vn 0.6390 -0.3593 -0.6801
vn 0.5651 -0.5788 -0.5880
vn 0.1108 -0.9935 -0.0257
vn 0.2575 -0.9420 -0.2154
vn -0.0594 -0.9818 0.1806
vn -0.2885 -0.8488 0.4431
vn -0.5314 -0.4386 0.7247
vn -0.5905 0.2738 0.7592
vn -0.3399 0.8339 0.4347
vn -0.0970 0.9808 0.1692
vn -0.0959 0.9804 0.1721
vn -0.1428 0.9711 0.1911
vn 0.4277 -0.7976 -0.4252
vn 0.2404 0.4492 0.8605
vn 0.2479 0.4939 0.8334
vn -0.8825 0.4491 -0.1399
vn -0.8564 0.4939 -0.1505
vn -0.2827 -0.2498 0.9261
vn -0.3028 0.0037 0.9531
vn -0.4641 0.0564 0.8840
vn -0.4382 -0.2205 0.8714
vn -0.3393 -0.3768 0.8619
vn -0.2124 -0.4569 0.8638
vn -0.1361 -0.5439 0.8280
vn -0.1611 -0.3231 0.9326
vn -0.0913 -0.0910 0.9917
vn -0.8874 -0.2498 0.3873
vn -0.8337 -0.4568 0.3103
vn -0.8172 -0.3768 0.4361
vn -0.8153 -0.2205 0.5354
vn -0.8247 0.0561 0.5628
vn -0.9119 0.0037 0.4104
vn -0.9746 -0.0911 0.2047
vn -0.9078 -0.3231 0.2673
vn -0.8069 -0.5439 0.2303
vn 0.1138 0.0565 0.9919
vn -0.0442 0.1353 0.9898
vn 0.0773 -0.0612 0.9951
vn 0.1434 0.1851 0.9722
vn -0.0066 0.2806 0.9598
vn -0.9984 0.0567 0.0010
vn -0.9974 -0.0612 0.0375
vn -0.9782 0.1353 0.1578
vn -0.9527 0.2807 0.1169
vn -0.9822 0.1852 -0.0308
vn 0.1669 0.3266 0.9303
vn 0.0405 0.4113 0.9106
vn 0.1828 0.4417 0.8783
vn 0.1009 0.4882 0.8669
vn -0.9433 0.3267 -0.0588
vn -0.9092 0.4113 0.0645
vn -0.8728 0.4881 -0.0007
vn -0.8935 0.4417 -0.0806
vn 0.2068 0.4937 0.8447
vn 0.1799 0.4619 0.8685
vn -0.8629 0.4937 -0.1083
vn -0.8834 0.4619 -0.0788
vn -0.2935 0.2375 0.9260
vn -0.2688 0.3959 0.8781
vn -0.4347 0.4480 0.7812
vn -0.4590 0.2990 0.8366
vn -0.8861 0.2375 0.3980
vn -0.7783 0.2991 0.5521
vn -0.7261 0.4476 0.5219
vn -0.8413 0.3960 0.3680
vn -0.5784 0.3267 0.7475
vn -0.5428 0.4669 0.6981
vn -0.5872 0.4700 0.6590
vn -0.6274 0.3324 0.7042
vn -0.6625 0.0906 0.7436
vn -0.6049 0.0837 0.7919
vn -0.0486 0.5062 0.8611
vn -0.3029 0.5402 0.7851
vn -0.3454 0.5894 0.7303
vn -0.1460 0.5638 0.8129
vn -0.8498 0.5062 0.1473
vn -0.7451 0.5402 0.3912
vn -0.7907 0.5638 0.2385
vn -0.6857 0.5894 0.4271
vn -0.2213 0.5103 0.8310
vn -0.3954 0.5462 0.7385
vn -0.8001 0.5103 0.3153
vn -0.6882 0.5461 0.4776
vn -0.5073 0.5580 0.6568
vn -0.4821 0.5986 0.6398
vn -0.5320 0.6003 0.5971
vn -0.5512 0.5598 0.6187
vn -0.4881 0.5598 0.6696
vn -0.5497 0.5631 0.6170
vn 0.6885 -0.1378 0.7121
vn 0.8895 0.1055 0.4446
vn 0.8009 0.1318 0.5841
vn 0.5872 -0.0529 0.8077
vn -0.0381 -0.4044 0.9138
vn -0.0109 -0.5276 0.8494
vn -0.7866 -0.1378 -0.6019
vn -0.8699 -0.0528 -0.4904
vn -0.6723 0.1318 -0.7285
vn -0.5439 0.1055 -0.8325
vn -0.8425 -0.5276 0.1086
vn -0.9034 -0.4043 0.1431
vn 0.5317 0.1123 0.8394
vn 0.6901 0.1816 0.7006
vn 0.9619 0.0903 0.2581
vn 0.9976 -0.0531 0.0453
vn 0.9406 -0.3003 0.1587
vn 0.3782 -0.0193 0.9255
vn -0.8950 0.1122 -0.4318
vn -0.1596 -0.0530 -0.9858
vn -0.3669 0.0903 -0.9259
vn -0.7754 0.1816 -0.6048
vn -0.9629 -0.0193 -0.2692
vn -0.2655 -0.3003 -0.9162
vn -0.4830 -0.6029 0.6350
vn -0.5062 -0.5944 0.6248
vn -0.5356 -0.5930 0.6012
vn -0.5333 -0.5978 0.5986
vn -0.5579 -0.4844 0.6738
vn -0.2955 -0.3687 0.8813
vn -0.5750 -0.3770 0.7261
vn -0.6131 -0.3881 0.6881
vn -0.5788 -0.4929 0.6496
vn -0.5919 -0.2098 0.7782
vn -0.6505 -0.2093 0.7301
vn -0.4617 -0.8868 -0.0198
vn -0.5216 -0.5078 -0.6856
vn -0.1807 -0.6155 0.7671
vn -0.0710 -0.9955 -0.0620
vn 0.0096 -0.4242 -0.9055
vn 0.0728 -0.8868 0.4563
vn 0.7410 -0.5078 0.4394
vn 0.8984 -0.4241 -0.1137
vn 0.0697 -0.9956 0.0634
vn -0.7413 -0.6155 0.2676
vn 0.2533 -0.9600 0.1190
vn 0.3049 -0.5155 0.8008
vn 0.4597 -0.3860 -0.7998
vn -0.1472 -0.9601 -0.2379
vn -0.8306 -0.5155 -0.2108
vn 0.7417 -0.3860 -0.5486
vn -0.0998 -0.3970 0.9124
vn -0.0774 -0.3280 0.9415
vn -0.1534 -0.3785 0.9128
vn -0.1129 -0.4503 0.8857
vn -0.8948 -0.3971 0.2041
vn -0.9263 -0.3281 0.1851
vn -0.8669 -0.4503 0.2140
vn -0.8891 -0.3785 0.2573
vn 0.1485 -0.1627 0.9754
vn -0.9860 -0.1627 -0.0354
vn -0.8415 -0.3687 0.3949
vn 0.4715 -0.1869 -0.8619
vn -0.0531 -0.2655 -0.9626
vn 0.4990 -0.1639 -0.8510
vn -0.0897 -0.2486 -0.9644
vn 0.8019 -0.1869 -0.5674
vn 0.9624 -0.2655 -0.0579
vn 0.9684 -0.2486 -0.0218
vn 0.7880 -0.1639 -0.5934
vn -0.6089 -0.3713 -0.7010
vn -0.6567 -0.3467 -0.6698
vn 0.7664 -0.3713 0.5242
vn 0.7408 -0.3468 0.5753
vn 0.9063 0.1490 0.3954
vn 0.9070 0.1627 0.3885
vn 0.8721 0.2179 0.4381
vn 0.8587 0.1881 0.4767
vn -0.4970 0.1490 -0.8549
vn -0.5723 0.1881 -0.7982
vn -0.5356 0.2179 -0.8159
vn -0.4907 0.1628 -0.8560
vn 0.7846 0.2304 0.5756
vn 0.8143 0.2463 0.5256
vn -0.6622 0.2303 -0.7131
vn -0.6160 0.2462 -0.7483
vn -0.0054 -0.2354 0.9719
vn -0.0966 -0.3254 0.9406
vn -0.9648 -0.2353 0.1170
vn -0.9233 -0.3253 0.2042
vn -0.2111 -0.2988 0.9307
vn -0.9003 -0.2988 0.3167
vn -0.6758 0.3269 0.6606
vn -0.6311 0.4669 0.6195
vn -0.7172 0.0835 0.6919
vn -0.5944 0.5578 0.5792
vn -0.5802 0.5986 0.5523
vn -0.6090 0.5599 0.5619
vn -0.5753 -0.6029 0.5528
vn -0.5625 -0.5944 0.5747
vn -0.6053 -0.4844 0.6317
vn -0.6552 -0.3770 0.6546
vn -0.7050 -0.2098 0.6774
vn -0.5512 0.0084 0.8343
vn -0.5514 0.0078 0.8342
vn -0.5519 0.0083 0.8339
vn -0.5518 0.0089 0.8339
vn -0.5517 0.0098 0.8340
vn -0.5511 0.0092 0.8344
vn -0.5506 0.0081 0.8347
vn -0.5510 0.0074 0.8345
vn -0.5513 0.0070 0.8343
vn -0.7654 0.0084 0.6435
vn -0.7650 0.0089 0.6440
vn -0.7649 0.0083 0.6440
vn -0.7653 0.0078 0.6437
vn -0.7654 0.0070 0.6435
vn -0.7656 0.0074 0.6432
vn -0.7659 0.0081 0.6429
vn -0.7656 0.0091 0.6433
vn -0.7650 0.0097 0.6439
vn -0.5524 0.0091 0.8335
vn -0.5525 0.0099 0.8335
vn -0.5524 0.0083 0.8336
vn -0.5528 0.0081 0.8333
vn -0.5530 0.0087 0.8331
vn -0.5533 0.0096 0.8330
vn -0.7645 0.0091 0.6446
vn -0.7644 0.0099 0.6446
vn -0.7638 0.0096 0.6453
vn -0.7640 0.0087 0.6451
vn -0.7642 0.0081 0.6449
vn -0.7646 0.0084 0.6445
vn -0.5535 0.0080 0.8328
vn -0.5538 0.0088 0.8326
vn -0.5531 0.0075 0.8331
vn -0.5532 0.0067 0.8330
vn -0.5536 0.0070 0.8328
vn -0.5541 0.0077 0.8324
vn -0.7637 0.0080 0.6455
vn -0.7634 0.0088 0.6459
vn -0.7632 0.0077 0.6461
vn -0.7636 0.0071 0.6456
vn -0.7639 0.0067 0.6453
vn -0.7639 0.0075 0.6452
vn -0.5532 0.0060 0.8331
vn -0.5536 0.0063 0.8328
vn -0.5529 0.0058 0.8333
vn -0.5522 0.0055 0.8337
vn -0.5522 0.0056 0.8337
vn -0.7639 0.0060 0.6453
vn -0.7636 0.0063 0.6457
vn -0.7647 0.0056 0.6444
vn -0.7647 0.0056 0.6443
vn -0.7647 0.0055 0.6443
vn -0.7642 0.0059 0.6450
vn -0.5512 0.0061 0.8344
vn -0.5514 0.0059 0.8342
vn -0.5511 0.0069 0.8344
vn -0.5508 0.0073 0.8346
vn -0.5504 0.0080 0.8349
vn -0.5508 0.0065 0.8346
vn -0.7655 0.0061 0.6434
vn -0.7653 0.0060 0.6437
vn -0.7658 0.0065 0.6431
vn -0.7661 0.0080 0.6427
vn -0.7657 0.0073 0.6431
vn -0.7655 0.0068 0.6434
vn -0.5511 0.0083 0.8344
vn -0.5508 0.0092 0.8346
vn -0.5513 0.0077 0.8343
vn -0.5518 0.0082 0.8340
vn -0.5516 0.0089 0.8340
vn -0.5515 0.0097 0.8341
vn -0.7655 0.0083 0.6433
vn -0.7657 0.0092 0.6431
vn -0.7652 0.0097 0.6438
vn -0.7651 0.0089 0.6439
vn -0.7650 0.0082 0.6440
vn -0.7653 0.0077 0.6436
vn -0.5523 0.0090 0.8336
vn -0.5523 0.0098 0.8336
vn -0.5523 0.0083 0.8336
vn -0.5527 0.0081 0.8333
vn -0.5529 0.0087 0.8332
vn -0.5531 0.0095 0.8330
vn -0.7646 0.0090 0.6445
vn -0.7645 0.0098 0.6445
vn -0.7640 0.0095 0.6452
vn -0.7641 0.0088 0.6450
vn -0.7646 0.0083 0.6444
vn -0.5534 0.0081 0.8329
vn -0.5538 0.0089 0.8326
vn -0.5531 0.0076 0.8331
vn -0.5532 0.0068 0.8330
vn -0.5536 0.0071 0.8327
vn -0.5541 0.0074 0.8324
vn -0.7637 0.0081 0.6455
vn -0.7634 0.0089 0.6458
vn -0.7632 0.0078 0.6461
vn -0.7636 0.0071 0.6457
vn -0.7639 0.0068 0.6453
vn -0.7640 0.0076 0.6452
vn -0.5532 0.0061 0.8330
vn -0.5529 0.0059 0.8332
vn -0.5521 0.0056 0.8337
vn -0.5521 0.0057 0.8337
vn -0.5521 0.0058 0.8337
vn -0.7639 0.0061 0.6453
vn -0.7647 0.0058 0.6444
vn -0.7647 0.0057 0.6443
vn -0.5512 0.0063 0.8343
vn -0.5508 0.0067 0.8346
vn -0.5515 0.0061 0.8342
vn -0.7654 0.0063 0.6435
vn -0.7657 0.0067 0.6431
vn -0.7652 0.0061 0.6437
vn -0.0971 -0.2641 0.9596
vn -0.0465 -0.1117 0.9927
vn -0.1615 -0.0877 0.9830
vn -0.2053 -0.2082 0.9563
vn -0.2719 -0.3115 0.9105
vn -0.1830 -0.3920 0.9016
vn -0.1463 -0.4229 0.8943
vn -0.0528 -0.2857 0.9569
vn 0.0008 -0.1211 0.9926
vn -0.9421 -0.2641 0.2068
vn -0.9264 -0.2081 0.3139
vn -0.9579 -0.0877 0.2735
vn -0.9807 -0.1117 0.1603
vn -0.9862 -0.1211 0.1132
vn -0.9445 -0.2857 0.1622
vn -0.8716 -0.4229 0.2480
vn -0.8746 -0.3920 0.2855
vn -0.8732 -0.3115 0.3748
vn -0.7175 -0.1901 0.6701
vn -0.7438 -0.1002 0.6609
vn -0.8311 -0.1615 0.5321
vn -0.7703 -0.2735 0.5760
vn -0.6854 -0.3614 0.6321
vn -0.6507 -0.2289 0.7240
vn -0.5527 0.0079 0.8333
vn -0.5832 -0.1900 0.7898
vn -0.4836 -0.2735 0.8314
vn -0.4330 -0.1615 0.8868
vn -0.5710 -0.1002 0.8148
vn -0.7643 0.0079 0.6449
vn -0.6444 -0.2289 0.7296
vn -0.5491 -0.3614 0.7535
vn -0.5848 -0.2852 0.7594
vn -0.5125 -0.2663 0.8164
vn -0.5821 -0.4067 0.7040
vn -0.4711 -0.4173 0.7771
vn -0.6871 -0.2851 0.6683
vn -0.7520 -0.2663 0.6030
vn -0.7178 -0.4173 0.5573
vn -0.6325 -0.4067 0.6592
vn -0.4312 -0.2678 0.8616
vn -0.3665 -0.3802 0.8492
vn -0.3826 -0.1992 0.9022
vn -0.8063 -0.2679 0.5274
vn -0.8015 -0.3802 0.4617
vn -0.8522 -0.1992 0.4838
vn -0.2982 -0.4821 0.8238
vn -0.4310 -0.5263 0.7330
vn -0.4133 -0.5670 0.7125
vn -0.2697 -0.5206 0.8101
vn -0.7840 -0.4821 0.3910
vn -0.6786 -0.5263 0.5124
vn -0.7737 -0.5206 0.3611
vn -0.6603 -0.5670 0.4924
vn -0.1868 -0.6207 0.7615
vn -0.0365 -0.5075 0.8609
vn -0.3592 -0.6718 0.6478
vn -0.2971 -0.7667 0.5691
vn -0.0983 -0.7107 0.6966
vn 0.0760 -0.5831 0.8088
vn -0.7350 -0.6207 0.2730
vn -0.8510 -0.5075 0.1352
vn -0.8121 -0.5832 0.0173
vn -0.6807 -0.7107 0.1777
vn -0.5313 -0.7666 0.3606
vn -0.6022 -0.6718 0.4313
vn 0.0785 -0.3450 0.9353
vn 0.2103 -0.3978 0.8930
vn 0.2885 -0.1717 0.9420
vn 0.1451 -0.1478 0.9783
vn -0.9382 -0.3450 0.0296
vn -0.9113 -0.3978 -0.1062
vn -0.9885 -0.1478 -0.0317
vn -0.9689 -0.1717 -0.1783
vn 0.1591 0.0641 0.9852
vn 0.3051 0.0720 0.9496
vn 0.2562 0.3091 0.9159
vn 0.1170 0.2703 0.9557
vn -0.0225 0.2261 0.9738
vn 0.0120 0.0549 0.9984
vn -0.9969 0.0641 -0.0448
vn -0.9784 0.0720 -0.1940
vn -0.9932 0.0549 0.1030
vn -0.9648 0.2261 0.1344
vn -0.9628 0.2702 -0.0063
vn -0.9393 0.3091 -0.1492
vn -0.5695 -0.5178 0.6384
vn -0.6996 -0.4579 0.5486
vn -0.7020 -0.4931 0.5138
vn -0.5620 -0.5587 0.6100
vn -0.5687 -0.5177 0.6391
vn -0.5413 -0.5588 0.6283
vn -0.4297 -0.4931 0.7564
vn -0.4645 -0.4579 0.7580
vn -0.0100 -0.7849 0.6195
vn 0.1819 -0.6441 0.7430
vn -0.2291 -0.8475 0.4788
vn -0.0600 -0.9684 0.2420
vn 0.1881 -0.8955 0.4033
vn 0.4053 -0.7346 0.5441
vn -0.6143 -0.7849 0.0812
vn -0.7590 -0.6441 -0.0953
vn -0.5871 -0.7346 -0.3401
vn -0.4222 -0.8955 -0.1404
vn -0.2335 -0.9684 0.0875
vn -0.4493 -0.8475 0.2826
vn 0.3292 -0.4395 0.8357
vn 0.5711 -0.5015 0.6499
vn 0.6683 -0.2189 0.7109
vn 0.4153 -0.1905 0.8895
vn -0.8681 -0.4395 -0.2309
vn -0.7112 -0.5015 -0.4926
vn -0.9313 -0.1905 -0.3104
vn -0.7830 -0.2189 -0.5822
vn 0.4334 0.0779 0.8978
vn 0.6882 0.0854 0.7205
vn 0.6279 0.3815 0.6784
vn 0.3796 0.3389 0.8608
vn -0.9417 0.0779 -0.3273
vn -0.7949 0.0854 -0.6008
vn -0.8988 0.3389 -0.2782
vn -0.7461 0.3815 -0.5458
vn 0.2614 0.5669 0.7812
vn 0.4942 0.6404 0.5879
vn 0.2995 0.8365 0.4589
vn 0.0887 0.7388 0.6681
vn -0.0086 0.6717 0.7408
vn 0.1487 0.5161 0.8435
vn -0.8061 0.5669 -0.1699
vn -0.6409 0.6404 -0.4233
vn -0.8551 0.5161 -0.0506
vn -0.7349 0.6717 0.0937
vn -0.6739 0.7388 -0.0113
vn -0.4904 0.8365 -0.2447
vn -0.1195 0.8386 0.5315
vn 0.0636 0.9508 0.3032
vn -0.1909 0.9720 0.1369
vn -0.3439 0.8558 0.3865
vn -0.4011 0.7768 0.4854
vn -0.1975 0.7619 0.6168
vn -0.5143 0.8385 0.1798
vn -0.3085 0.9508 -0.0283
vn -0.5901 0.7618 0.2673
vn -0.4361 0.7768 0.4542
vn -0.3444 0.8558 0.3860
vn -0.1140 0.9720 0.2053
vn 0.0248 0.4510 0.8922
vn -0.1104 0.5877 0.8015
vn -0.2082 0.4932 0.8446
vn -0.0974 0.3773 0.9209
vn -0.8891 0.4510 0.0779
vn -0.9036 0.3773 0.2027
vn -0.8151 0.4933 0.3038
vn -0.7835 0.5877 0.2018
vn -0.2737 0.6684 0.6916
vn -0.4505 0.6836 0.5742
vn -0.4904 0.5803 0.6502
vn -0.3426 0.5642 0.7512
vn -0.6555 0.6685 0.3513
vn -0.7069 0.5641 0.4268
vn -0.5895 0.5802 0.5620
vn -0.5186 0.6836 0.5135
vn -0.6228 0.6332 0.4595
vn -0.5981 0.7169 0.3581
vn -0.7701 0.5875 0.2486
vn -0.7741 0.5205 0.3604
vn -0.7654 0.4472 0.4628
vn -0.6361 0.5408 0.5503
vn -0.3849 0.6332 0.6715
vn -0.2868 0.7171 0.6352
vn -0.4735 0.5409 0.6951
vn -0.3717 0.4472 0.8135
vn -0.2691 0.5205 0.8104
vn -0.1586 0.5874 0.7936
vn -0.8893 0.3578 0.2847
vn -0.9003 0.4023 0.1659
vn -0.9766 0.1790 0.1192
vn -0.9570 0.1601 0.2421
vn -0.9237 0.1394 0.3568
vn -0.8650 0.3095 0.3948
vn -0.1806 0.3578 0.9162
vn -0.0611 0.4024 0.9134
vn -0.2927 0.3096 0.9047
vn -0.2480 0.1395 0.9587
vn -0.1304 0.1601 0.9785
vn -0.0064 0.1790 0.9838
vn -0.9707 -0.0527 0.2343
vn -0.9919 -0.0608 0.1115
vn -0.9447 -0.2941 0.1450
vn -0.9287 -0.2597 0.2647
vn -0.8995 -0.2228 0.3758
vn -0.9360 -0.0442 0.3492
vn -0.1212 -0.0527 0.9912
vn 0.0033 -0.0608 0.9981
vn -0.2389 -0.0442 0.9700
vn -0.2705 -0.2225 0.9367
vn -0.1562 -0.2597 0.9530
vn -0.0354 -0.2941 0.9551
vn -0.8355 -0.4408 0.3280
vn -0.8396 -0.4990 0.2146
vn -0.6864 -0.6549 0.3161
vn -0.7001 -0.5774 0.4200
vn -0.8187 -0.3778 0.4325
vn -0.2298 -0.4408 0.8677
vn -0.1165 -0.4991 0.8587
vn -0.3354 -0.3779 0.8630
vn -0.3368 -0.5775 0.7437
vn -0.2350 -0.6550 0.7182
vn -0.5359 -0.6575 0.5296
vn -0.4995 -0.7477 0.4376
vn -0.4645 -0.6576 0.5932
vn -0.3772 -0.7478 0.5464
vn -0.9171 -0.0403 0.3966
vn -0.9061 0.1304 0.4024
vn -0.8834 -0.2064 0.4207
vn -0.8560 -0.0297 0.5161
vn -0.8491 0.1052 0.5176
vn -0.2886 -0.0403 0.9566
vn -0.2956 0.1304 0.9464
vn -0.4166 0.1052 0.9030
vn -0.4142 -0.0297 0.9097
vn -0.3163 -0.2064 0.9259
vn -0.8510 0.2878 0.4392
vn -0.8042 0.2284 0.5488
vn -0.7322 0.3324 0.5945
vn -0.7586 0.4164 0.5012
vn -0.3385 0.2878 0.8959
vn -0.4106 0.4165 0.8112
vn -0.5064 0.3324 0.7957
vn -0.4527 0.2284 0.8619
vn -0.6383 0.5025 0.5831
vn -0.5028 0.5397 0.6753
vn -0.6364 0.3986 0.6604
vn -0.5284 0.4316 0.7311
vn -0.5059 0.5025 0.7011
vn -0.6130 0.5397 0.5771
vn -0.6656 0.4316 0.6089
vn -0.5829 0.3985 0.7081
vn -0.6232 0.2844 0.7285
vn -0.6807 0.2163 0.6999
vn -0.5495 0.2816 0.7866
vn -0.6521 0.2843 0.7028
vn -0.7183 0.2816 0.6362
vn -0.6170 0.2163 0.7566
vn -0.7413 0.1633 0.6510
vn -0.7553 0.0703 0.6516
vn -0.5614 0.1633 0.8113
vn -0.5605 0.0703 0.8252
vn -0.7776 -0.0183 0.6285
vn -0.5349 -0.0183 0.8447
vn -0.8080 -0.3501 0.4738
vn -0.3777 -0.3502 0.8571
vn -0.3660 0.5237 0.7693
vn -0.4202 0.4169 0.8060
vn -0.3178 0.3684 0.8737
vn -0.2403 0.4587 0.8555
vn -0.7221 0.5236 0.4520
vn -0.8222 0.4587 0.3371
vn -0.8314 0.3684 0.4161
vn -0.7524 0.4168 0.5100
vn -0.3153 -0.1462 0.9377
vn -0.3100 -0.0541 0.9492
vn -0.8952 -0.1462 0.4210
vn -0.9073 -0.0541 0.4170
vn -0.2803 0.0331 0.9593
vn -0.1570 0.0429 0.9867
vn -0.1789 0.1705 0.9690
vn -0.3212 0.1140 0.9401
vn -0.9208 0.0331 0.3887
vn -0.9621 0.0429 0.2693
vn -0.8969 0.1140 0.4272
vn -0.9420 0.1705 0.2892
vn -0.0371 0.0516 0.9980
vn -0.0683 0.2106 0.9752
vn -0.9871 0.0516 0.1517
vn -0.9609 0.2106 0.1799
vn -0.1385 0.3504 0.9263
vn -0.2382 0.2805 0.9298
vn -0.9042 0.3504 0.2441
vn -0.8963 0.2805 0.3436
vn -0.4695 0.2988 0.8308
vn -0.4123 0.2421 0.8783
vn -0.7714 0.2988 0.5618
vn -0.8250 0.2421 0.5106
vn -0.3388 0.2027 0.9187
vn -0.8737 0.2027 0.4422
vn -0.5613 0.7903 0.2457
vn -0.4384 0.8984 -0.0246
vn -0.6554 0.7371 -0.1647
vn -0.7516 0.6478 0.1245
vn -0.1795 0.7903 0.5859
vn 0.0748 0.8984 0.4327
vn -0.0372 0.6478 0.7609
vn 0.2389 0.7371 0.6322
vn -0.8957 0.4434 0.0327
vn -0.8203 0.5040 -0.2704
vn -0.9173 0.2219 -0.3308
vn -0.9803 0.1965 -0.0190
vn 0.0705 0.4434 0.8935
vn 0.3629 0.5040 0.7837
vn 0.1316 0.1965 0.9716
vn 0.4340 0.2219 0.8731
vn -0.9972 -0.0687 -0.0278
vn -0.9367 -0.0816 -0.3406
vn -0.8769 -0.3769 -0.2983
vn -0.9450 -0.3268 0.0093
vn 0.1423 -0.0687 0.9874
vn 0.4460 -0.0816 0.8913
vn 0.0994 -0.3268 0.9398
vn 0.3971 -0.3769 0.8368
vn -0.8285 -0.5532 0.0867
vn -0.7435 -0.6354 -0.2087
vn -0.5497 -0.8315 -0.0796
vn -0.6590 -0.7253 0.1989
vn 0.0092 -0.5532 0.8330
vn 0.2928 -0.6354 0.7146
vn -0.1218 -0.7253 0.6775
vn 0.1423 -0.8315 0.5369
vn -0.4524 -0.8272 0.3333
vn -0.3141 -0.9464 0.0753
vn -0.2791 -0.8272 0.4877
vn -0.0387 -0.9464 0.3207
vn 0.3841 -0.9154 0.1203
vn 0.6043 -0.7512 0.2655
vn 0.1325 -0.9901 -0.0457
vn 0.3279 -0.8737 -0.3592
vn 0.5504 -0.8064 -0.2163
vn 0.7419 -0.6656 -0.0811
vn -0.1637 -0.9154 -0.3677
vn -0.3333 -0.7512 -0.5698
vn -0.0048 -0.6656 -0.7463
vn 0.1516 -0.8064 -0.5716
vn 0.3191 -0.8737 -0.3671
vn 0.0302 -0.9901 -0.1370
vn -0.1252 -0.9679 -0.2178
vn -0.3646 -0.8512 -0.3775
vn -0.1059 -0.7494 -0.6536
vn 0.1063 -0.8498 -0.5163
vn 0.2307 -0.9679 0.0994
vn 0.5006 -0.8498 -0.1650
vn 0.6614 -0.7494 0.0300
vn 0.4169 -0.8512 0.3187
vn -0.5614 -0.6511 -0.5107
vn -0.6973 -0.3876 -0.6030
vn -0.3950 -0.3423 -0.8525
vn -0.2720 -0.5713 -0.7744
vn 0.5719 -0.6511 0.4990
vn 0.8005 -0.5713 0.1811
vn 0.8923 -0.3423 0.2943
vn 0.6791 -0.3876 0.6233
vn -0.7580 -0.0861 -0.6466
vn -0.7384 0.2237 -0.6361
vn -0.4310 0.1927 -0.8815
vn -0.4420 -0.0782 -0.8936
vn 0.7295 -0.0861 0.6786
vn 0.9385 -0.0782 0.3363
vn 0.9252 0.1927 0.3268
vn 0.7168 0.2237 0.6604
vn -0.6398 0.5114 -0.5736
vn -0.4725 0.7492 -0.4642
vn -0.2005 0.6538 -0.7296
vn -0.3403 0.4431 -0.8294
vn 0.6434 0.5114 0.5696
vn 0.8630 0.4431 0.2427
vn 0.7479 0.6538 0.1153
vn 0.5155 0.7492 0.4160
vn -0.0356 0.3263 -0.9446
vn 0.1155 0.4479 -0.8866
vn 0.5559 -0.0076 -0.8312
vn -0.0422 0.1290 -0.9907
vn 0.9424 0.3263 -0.0732
vn 0.9890 0.1291 -0.0720
vn 0.7618 -0.0076 -0.6478
vn 0.8674 0.4479 -0.2167
vn 0.2127 0.5910 -0.7781
vn -0.0049 0.7958 -0.6056
vn 0.2107 0.8660 -0.4535
vn 0.3991 0.5973 -0.6956
vn 0.7485 0.5910 -0.3007
vn 0.6020 0.7959 -0.0650
vn 0.6452 0.5973 -0.4764
vn 0.4263 0.8660 -0.2614
vn 0.5441 0.6307 -0.5533
vn 0.7027 0.5167 -0.4891
vn 0.4389 0.8449 -0.3060
vn 0.6468 0.7462 -0.1576
vn 0.4870 0.6308 -0.6041
vn 0.4051 0.5167 -0.7543
vn 0.0822 0.7462 -0.6606
vn 0.2535 0.8449 -0.4711
vn 0.8323 0.4252 -0.3557
vn 0.8214 0.5685 -0.0448
vn 0.9401 0.3379 0.0443
vn 0.9085 0.2327 -0.3472
vn 0.2576 0.4252 -0.8677
vn -0.0500 0.5684 -0.8212
vn 0.2405 0.2327 -0.9424
vn -0.1521 0.3379 -0.9288
vn 0.9633 0.0506 -0.2635
vn 0.9339 -0.1451 -0.3267
vn 0.9945 0.0712 0.0765
vn 0.9765 -0.2024 0.0736
vn 0.1510 0.0507 -0.9872
vn 0.2172 -0.1451 -0.9653
vn -0.1854 -0.2024 -0.9616
vn -0.1903 0.0712 -0.9791
vn 0.8843 -0.3458 -0.3139
vn 0.8904 -0.4550 0.0106
vn 0.7690 -0.4676 -0.4358
vn 0.2101 -0.3458 -0.9145
vn -0.1130 -0.4549 -0.8834
vn 0.3445 -0.4676 -0.8140
vn 0.6276 -0.6081 -0.4861
vn 0.4804 -0.6099 -0.6302
vn 0.4108 -0.6081 -0.6793
vn 0.5708 -0.6099 -0.5497
vn 0.2955 -0.6375 -0.7115
vn 0.1808 -0.5212 -0.8340
vn 0.6728 -0.6375 -0.3753
vn 0.8077 -0.5212 -0.2755
vn 0.0152 -0.4279 -0.9037
vn -0.0173 -0.2394 -0.9708
vn 0.8960 -0.4279 -0.1190
vn 0.9663 -0.2394 -0.0944
vn -0.1102 -0.0612 -0.9920
vn 0.9981 -0.0612 -0.0046
vn -0.2520 0.9134 -0.3197
vn -0.0008 0.9882 -0.1529
vn 0.3466 0.9134 0.2136
vn 0.1520 0.9882 -0.0168
vn 0.2573 0.9662 0.0183
vn 0.4965 0.8494 0.1788
vn -0.0477 0.9661 -0.2536
vn -0.2347 0.8495 -0.4726
vn 0.6937 0.6495 0.3113
vn 0.8293 0.3858 0.4043
vn -0.3891 0.6495 -0.6533
vn -0.4970 0.3858 -0.7773
vn 0.8904 0.0843 0.4474
vn 0.8704 -0.2256 0.4376
vn -0.5468 0.0843 -0.8330
vn -0.5347 -0.2256 -0.8144
vn 0.7721 -0.5135 0.3744
vn -0.4607 -0.5135 -0.7239
vn 0.4384 -0.5657 0.6984
vn 0.5654 -0.5242 0.6368
vn 0.7509 -0.4486 0.4847
vn 0.4327 -0.5716 0.6972
vn 0.4392 -0.5572 0.7048
vn 0.4440 -0.5561 0.7026
vn 0.4557 -0.5527 0.6978
vn -0.7439 -0.5662 -0.3550
vn -0.7422 -0.5720 -0.3493
vn -0.5680 -0.4487 -0.6900
vn -0.6977 -0.5237 -0.4889
vn -0.7455 -0.5533 -0.3717
vn -0.7488 -0.5566 -0.3598
vn -0.7499 -0.5577 -0.3558
vn 0.3009 -0.6078 0.7349
vn -0.1090 -0.6257 0.7724
vn -0.3805 -0.6522 0.6557
vn 0.1415 -0.6843 0.7154
vn -0.7644 -0.6082 -0.2142
vn -0.7557 -0.6251 0.1954
vn -0.7269 -0.6843 -0.0582
vn -0.6073 -0.6525 0.4533
vn 0.2271 -0.7375 0.6360
vn 0.2300 -0.7417 0.6300
vn 0.5960 -0.6376 0.4882
vn 0.6557 -0.5828 0.4800
vn -0.6580 -0.7374 -0.1524
vn -0.5534 -0.5831 -0.5947
vn -0.5535 -0.6365 -0.5371
vn -0.6531 -0.7413 -0.1545
vn 0.3524 -0.7207 0.5970
vn 0.1385 -0.7562 0.6395
vn -0.1465 -0.7803 0.6080
vn 0.3086 -0.7553 0.5782
vn -0.6332 -0.7210 -0.2815
vn -0.6520 -0.7556 -0.0631
vn -0.6095 -0.7554 -0.2404
vn -0.5868 -0.7806 0.2150
vn 0.3336 -0.7605 0.5570
vn 0.1289 -0.7986 0.5879
vn 0.3802 -0.7517 0.5389
vn 0.5414 -0.6834 0.4896
vn -0.5918 -0.7601 -0.2683
vn -0.5492 -0.6820 -0.4829
vn -0.5798 -0.7505 -0.3172
vn -0.5998 -0.7977 -0.0621
vn -0.0086 -0.5559 0.8312
vn 0.1830 -0.5986 0.7799
vn 0.4766 -0.6400 0.6027
vn -0.0178 -0.5586 0.8293
vn -0.0026 -0.5478 0.8366
vn 0.0035 -0.5491 0.8357
vn 0.0234 -0.5539 0.8323
vn -0.8244 -0.5563 0.1045
vn -0.8219 -0.5580 0.1149
vn -0.6535 -0.6400 -0.4042
vn -0.7958 -0.5986 -0.0915
vn -0.8293 -0.5541 0.0722
vn -0.8303 -0.5495 0.0928
vn -0.8303 -0.5483 0.0997
vn -0.0473 -0.5548 0.8306
vn -0.4540 -0.3786 0.8065
vn -0.6754 -0.3193 0.6648
vn -0.1510 -0.5884 0.7943
vn -0.8198 -0.5548 0.1418
vn -0.7492 -0.3791 0.5431
vn -0.7721 -0.5880 0.2410
vn -0.5834 -0.3192 0.7468
vn -0.1870 -0.6543 0.7328
vn -0.2413 -0.6401 0.7294
vn 0.1442 -0.7559 0.6386
vn 0.2758 -0.7349 0.6196
vn -0.7070 -0.6537 0.2699
vn -0.6463 -0.7358 -0.2022
vn -0.6503 -0.7564 -0.0711
vn -0.6959 -0.6410 0.3238
vn -0.1304 -0.6836 0.7181
vn -0.3590 -0.5868 0.7258
vn -0.6022 -0.4728 0.6433
vn -0.1707 -0.7007 0.6927
vn -0.6985 -0.6834 0.2122
vn -0.6791 -0.5873 0.4403
vn -0.6686 -0.7006 0.2491
vn -0.5696 -0.4725 0.6726
vn -0.1788 -0.7125 0.6785
vn -0.3945 -0.6233 0.6752
vn -0.1712 -0.7204 0.6721
vn 0.0529 -0.7667 0.6399
vn -0.6533 -0.7129 0.2549
vn -0.6419 -0.7664 0.0230
vn -0.6479 -0.7198 0.2493
vn -0.6249 -0.6223 0.4714
vn -0.6885 -0.5695 0.4490
vn -0.4497 -0.7634 0.4637
vn 0.1254 -0.9398 0.3178
vn -0.6964 -0.5649 0.4425
vn -0.6848 -0.5657 0.4594
vn -0.6789 -0.5717 0.4608
vn -0.6597 -0.5908 0.4645
vn -0.3669 -0.5698 0.7354
vn -0.3596 -0.5653 0.7424
vn -0.3300 -0.9399 -0.0878
vn -0.4095 -0.7636 0.4993
vn -0.3856 -0.5909 0.7087
vn -0.3796 -0.5720 0.7271
vn -0.3779 -0.5663 0.7325
vn -0.5372 -0.7087 0.4574
vn -0.8596 -0.3326 0.3878
vn -0.9314 -0.2425 0.2716
vn -0.4461 -0.8110 0.3784
vn -0.3923 -0.7088 0.5862
vn -0.2877 -0.3331 0.8979
vn -0.3244 -0.8110 0.4868
vn -0.1625 -0.2424 0.9565
vn -0.6465 -0.7132 0.2708
vn -0.6482 -0.7151 0.2617
vn 0.3311 -0.9427 0.0406
vn -0.2007 -0.9530 0.2270
vn -0.1945 -0.7131 0.6735
vn -0.2026 -0.9529 0.2258
vn -0.0783 -0.9426 -0.3246
vn -0.1851 -0.7148 0.6744
vn -0.5527 -0.7912 0.2618
vn -0.9016 -0.3521 0.2512
vn -0.9903 0.0210 0.1375
vn -0.3621 -0.9266 0.1015
vn -0.1962 -0.7914 0.5790
vn -0.1451 -0.3516 0.9248
vn -0.0590 -0.9267 0.3712
vn -0.0228 0.0210 0.9995
vn -0.6488 -0.7606 0.0242
vn -0.9496 -0.3039 0.0766
vn -0.8021 -0.5967 0.0263
vn -0.0577 -0.9964 -0.0617
vn 0.0506 -0.7606 0.6472
vn 0.0679 -0.9964 0.0507
vn 0.0659 -0.5963 0.8001
vn 0.0330 -0.3034 0.9523
vn -0.7803 0.2899 0.5541
vn -0.8961 0.1829 0.4044
vn -0.9980 -0.0155 0.0616
vn -0.7834 0.2943 0.5475
vn -0.7783 0.2790 0.5625
vn -0.7774 0.2789 0.5638
vn -0.7749 0.2802 0.5666
vn -0.4610 0.2903 0.8385
vn -0.4559 0.2955 0.8395
vn 0.0525 -0.0156 0.9985
vn -0.3008 0.1838 0.9358
vn -0.4724 0.2811 0.8354
vn -0.4707 0.2794 0.8369
vn -0.4714 0.2789 0.8366
vn -0.6962 0.3539 0.6246
vn -0.1229 0.5403 0.8325
vn 0.5857 0.5167 0.6245
vn -0.5651 0.5029 0.6540
vn -0.5406 0.3543 0.7631
vn -0.8134 0.5401 0.2160
vn -0.5853 0.5029 0.6361
vn -0.6873 0.5165 -0.5107
vn -0.7088 0.4908 0.5067
vn -0.1500 0.6761 0.7214
vn -0.7920 0.4397 0.4235
vn -0.9791 0.1573 0.1288
vn -0.4234 0.4901 0.7619
vn -0.0148 0.1576 0.9874
vn -0.3290 0.4401 0.8355
vn -0.6989 0.6765 0.2323
vn -0.6969 0.3845 0.6054
vn -0.6278 0.4442 0.6392
vn -0.4797 0.5406 0.6911
vn -0.6966 0.3841 0.6059
vn -0.6990 0.3834 0.6037
vn -0.6972 0.3853 0.6046
vn -0.6935 0.3889 0.6065
vn -0.5208 0.3846 0.7621
vn -0.5210 0.3837 0.7625
vn -0.6325 0.5408 0.5546
vn -0.5617 0.4445 0.6978
vn -0.5223 0.3888 0.7590
vn -0.5199 0.3851 0.7625
vn -0.5189 0.3837 0.7639
vn -0.6423 0.4322 0.6330
vn -0.7443 0.3356 0.5774
vn -0.7932 0.2746 0.5436
vn -0.6005 0.4579 0.6556
vn -0.5555 0.4322 0.7104
vn -0.4863 0.3362 0.8065
vn -0.5832 0.4577 0.6711
vn -0.4486 0.2743 0.8506
vn -0.6200 0.4352 0.6528
vn -0.7412 0.3260 0.5868
vn -0.6826 0.3796 0.6245
vn -0.5136 0.5079 0.6915
vn -0.5783 0.4351 0.6901
vn -0.6273 0.5082 0.5902
vn -0.5412 0.3800 0.7501
vn -0.4970 0.3263 0.8041
vn -0.4862 0.4305 0.7605
vn -0.5177 0.3979 0.7574
vn -0.5766 0.3389 0.7434
vn -0.4887 0.4297 0.7593
vn -0.4844 0.4288 0.7625
vn -0.4840 0.4295 0.7624
vn -0.4811 0.4328 0.7624
vn -0.7000 0.4303 0.5699
vn -0.6981 0.4305 0.5722
vn -0.6720 0.3387 0.6585
vn -0.6932 0.3977 0.6012
vn -0.7025 0.4327 0.5651
vn -0.7021 0.4291 0.5682
vn -0.7021 0.4286 0.5686
vn -0.3444 0.5688 0.7469
vn -0.1764 0.6877 0.7043
vn -0.0719 0.7732 0.6301
vn -0.2672 0.6510 0.7105
vn -0.7022 0.5690 0.4280
vn -0.6802 0.6868 0.2564
vn -0.6748 0.6514 0.3469
vn -0.6171 0.7738 0.1430
vn -0.3630 0.5970 0.7154
vn -0.3727 0.5905 0.7158
vn -0.5277 0.4362 0.7289
vn -0.5688 0.3768 0.7311
vn -0.6687 0.5977 0.4423
vn -0.6609 0.3772 0.6488
vn -0.6634 0.4364 0.6078
vn -0.6682 0.5902 0.4530
vn -0.3069 0.6547 0.6908
vn 0.5477 0.8309 0.0980
vn 0.6856 -0.1662 -0.7088
vn 0.4998 0.8633 0.0697
vn -0.6522 0.6536 0.3839
vn -0.1609 0.8313 -0.5321
vn -0.1175 0.8674 -0.4835
vn 0.6257 -0.1694 -0.7615
vn -0.3418 0.6558 0.6731
vn 0.4929 0.8699 0.0155
vn -0.5099 0.4671 0.7224
vn -0.5238 0.4463 0.7256
vn -0.6257 0.6561 0.4220
vn -0.6602 0.4469 0.6037
vn -0.6585 0.4677 0.5896
vn -0.0716 0.8697 -0.4883
vn -0.6193 0.4822 0.6197
vn -0.6105 0.4926 0.6202
vn -0.5991 0.5055 0.6209
vn -0.6192 0.4818 0.6201
vn -0.6201 0.4808 0.6199
vn -0.6191 0.4824 0.6197
vn -0.6166 0.4859 0.6195
vn -0.5446 0.4822 0.6862
vn -0.5447 0.4824 0.6860
vn -0.5480 0.5053 0.6666
vn -0.5457 0.4924 0.6780
vn -0.5458 0.4861 0.6825
vn -0.5436 0.4806 0.6881
vn -0.6301 0.4680 0.6197
vn -0.6478 0.4429 0.6199
vn -0.6809 0.3928 0.6181
vn -0.6370 0.4558 0.6217
vn -0.5450 0.4683 0.6955
vn -0.5408 0.4414 0.7160
vn -0.5448 0.4566 0.7033
vn -0.5383 0.3942 0.7449
vn -0.6280 0.4658 0.6234
vn -0.6473 0.4393 0.6230
vn -0.6110 0.4880 0.6233
vn -0.6000 0.5027 0.6224
vn -0.5471 0.4668 0.6948
vn -0.5494 0.5037 0.6667
vn -0.5491 0.4892 0.6776
vn -0.5446 0.4403 0.7138
vn -0.4605 0.5062 0.7291
vn -0.4430 0.5466 0.7106
vn -0.4057 0.6128 0.6781
vn -0.4603 0.5049 0.7302
vn -0.4624 0.5043 0.7293
vn -0.4619 0.5063 0.7282
vn -0.4598 0.5120 0.7255
vn -0.6713 0.5059 0.5416
vn -0.6725 0.5050 0.5411
vn -0.6271 0.6126 0.4812
vn -0.6550 0.5467 0.5216
vn -0.6680 0.5124 0.5397
vn -0.6702 0.5064 0.5426
vn -0.6711 0.5038 0.5439
vn -0.4753 0.4612 0.7493
vn -0.5094 0.3567 0.7831
vn -0.5179 0.2468 0.8191
vn -0.4837 0.4012 0.7779
vn -0.6893 0.4613 0.5587
vn -0.7195 0.3569 0.5958
vn -0.7173 0.4008 0.5699
vn -0.7536 0.2469 0.6092
vn -0.4615 0.4218 0.7804
vn -0.3930 0.5974 0.6990
vn -0.0866 0.9435 0.3199
vn -0.3927 0.5983 0.6985
vn -0.7224 0.4214 0.5482
vn -0.6487 0.5983 0.4704
vn -0.3056 0.9442 0.1230
vn -0.6494 0.5973 0.4706
vn -0.3397 0.6934 0.6355
vn -0.4638 0.4024 0.7893
vn -0.4523 0.3551 0.8181
vn -0.2426 0.7953 0.5555
vn -0.5911 0.6942 0.4108
vn -0.7311 0.4023 0.5511
vn -0.5230 0.7957 0.3056
vn -0.7607 0.3549 0.5435
vn -0.2791 0.7049 0.6520
vn -0.3765 0.5184 0.7678
vn -0.2709 0.6857 0.6756
vn -0.1335 0.8751 0.4652
vn -0.6150 0.7049 0.3534
vn -0.4462 0.8756 0.1851
vn -0.6397 0.6856 0.3475
vn -0.7195 0.5188 0.4616
vn -0.3616 0.5472 0.7549
vn -0.4141 0.4360 0.7990
vn -0.4364 0.3503 0.8288
vn -0.3363 0.5741 0.7465
vn -0.7086 0.5472 0.4455
vn -0.7465 0.4360 0.5027
vn -0.7028 0.5737 0.4207
vn -0.7739 0.3497 0.5280
vn -0.3372 0.5580 0.7582
vn -0.3995 0.4269 0.8113
vn -0.3607 0.5059 0.7835
vn -0.2804 0.6526 0.7039
vn -0.7142 0.5574 0.4233
vn -0.6675 0.6520 0.3597
vn -0.7373 0.5052 0.4486
vn -0.7603 0.4261 0.4903
vn -0.5591 0.5156 0.6493
vn -0.5430 0.5897 0.5978
vn -0.4971 0.7041 0.5072
vn -0.5568 0.5156 0.6513
vn -0.5635 0.5120 0.6483
vn -0.5634 0.5145 0.6465
vn -0.5625 0.5210 0.6420
vn -0.5807 0.5155 0.6301
vn -0.5827 0.5154 0.6283
vn -0.4466 0.7041 0.5520
vn -0.5311 0.5898 0.6083
vn -0.5734 0.5209 0.6324
vn -0.5776 0.5142 0.6341
vn -0.5789 0.5120 0.6346
vn -0.5637 0.2150 0.7975
vn -0.4636 -0.2752 0.8422
vn -0.2175 -0.6321 0.7437
vn -0.4554 -0.1334 0.8802
vn -0.7272 0.2147 0.6520
vn -0.7833 -0.2748 0.5577
vn -0.8216 -0.1333 0.5542
vn -0.7132 -0.6327 0.3017
vn -0.4729 0.2391 0.8480
vn -0.4737 0.2681 0.8389
vn -0.4724 0.5797 0.6640
vn -0.4667 0.6819 0.5632
vn -0.7876 0.2393 0.5679
vn -0.5044 0.6817 0.5300
vn -0.6058 0.5795 0.5452
vn -0.7787 0.2679 0.5674
vn -0.4549 0.2086 0.8658
vn -0.1734 -0.6157 0.7687
vn 0.4307 -0.8408 -0.3280
vn -0.1081 -0.5994 0.7931
vn -0.8056 0.2107 0.5537
vn -0.7433 -0.6164 0.2600
vn -0.7760 -0.5987 0.1985
vn 0.2722 -0.8444 -0.4614
vn -0.4280 0.3001 0.8525
vn -0.0356 -0.6366 0.7703
vn -0.4646 0.5500 0.6940
vn -0.4675 0.5735 0.6728
vn -0.7970 0.3013 0.5235
vn -0.6161 0.5728 0.5407
vn -0.6375 0.5493 0.5402
vn -0.7602 -0.6381 0.1225
vn -0.0293 -0.9993 -0.0250
vn 0.1716 -0.9825 -0.0731
vn 0.1545 -0.9272 -0.3413
vn -0.3362 -0.8677 -0.3662
vn -0.5858 -0.8103 0.0176
vn -0.2854 -0.9459 0.1541
vn -0.2385 -0.9502 0.2004
vn 0.0008 -0.9996 0.0295
vn 0.1295 -0.9845 -0.1184
vn 0.0282 -0.9993 0.0263
vn 0.4025 -0.8677 0.2919
vn 0.3213 -0.9272 -0.1927
vn 0.0529 -0.9825 -0.1789
vn 0.1027 -0.9845 -0.1422
vn -0.0294 -0.9996 0.0027
vn -0.1716 -0.9502 0.2600
vn -0.1202 -0.9459 0.3013
vn 0.0499 -0.8103 0.5839
vn -0.4389 -0.8327 0.3377
vn -0.5521 -0.7690 0.3222
vn -0.5036 -0.7624 0.4065
vn -0.4261 -0.8199 0.3824
vn -0.2850 -0.8327 0.4748
vn -0.3308 -0.8199 0.4672
vn -0.3459 -0.7624 0.5469
vn -0.2566 -0.7690 0.5855
vn -0.3915 -0.8194 0.4188
vn -0.4183 -0.7899 0.4484
vn -0.4067 -0.7913 0.4565
vn -0.3817 -0.8190 0.4285
vn -0.2152 -0.9462 0.2416
vn -0.2195 -0.9469 0.2349
vn -0.0131 -0.9996 0.0241
vn -0.0183 -0.9996 0.0206
vn 0.1224 -0.9829 -0.1374
vn 0.1255 -0.9833 -0.1322
vn 0.8630 -0.0618 0.5015
vn 0.8747 0.0289 0.4838
vn 0.9202 -0.0608 0.3867
vn 0.9048 -0.1833 0.3845
vn -0.5974 -0.0618 -0.7996
vn -0.4860 -0.1833 -0.8545
vn -0.4900 -0.0608 -0.8696
vn -0.5812 0.0289 -0.8133
vn 0.8411 0.1038 0.5308
vn 0.8769 0.0335 0.4796
vn 0.7707 0.1456 0.6204
vn 0.7977 0.0745 0.5985
vn -0.6239 0.1038 -0.7745
vn -0.5772 0.0335 -0.8159
vn -0.6862 0.0745 -0.7236
vn -0.7048 0.1456 -0.6943
vn 0.6899 0.1462 0.7090
vn 0.6123 0.0928 0.7852
vn 0.6130 0.0109 0.7900
vn 0.7036 0.0634 0.7078
vn -0.7836 0.1462 -0.6038
vn -0.8504 0.0928 -0.5180
vn -0.7840 0.0634 -0.6175
vn -0.8552 0.0109 -0.5182
vn -0.8707 0.0697 -0.4868
vn -0.8526 0.1281 -0.5066
vn -0.9769 0.1498 -0.1522
vn -0.9882 0.0719 -0.1355
vn -0.9938 -0.0115 -0.1110
vn -0.8922 0.0034 -0.4517
vn -0.6826 -0.0073 -0.7307
vn -0.6263 0.0250 -0.7792
vn -0.5838 0.0746 -0.8084
vn 0.5836 0.0697 0.8090
vn 0.2481 0.0719 0.9661
vn 0.2635 0.1498 0.9529
vn 0.6012 0.1279 0.7888
vn 0.8702 0.0746 0.4870
vn 0.8460 0.0250 0.5325
vn 0.8044 -0.0073 0.5941
vn 0.5513 0.0034 0.8343
vn 0.2245 -0.0115 0.9744
vn -0.8346 0.2388 -0.4965
vn -0.7356 0.3009 -0.6069
vn -0.6668 0.6279 -0.4014
vn -0.9038 0.3662 -0.2214
vn 0.5891 0.2388 0.7720
vn 0.3239 0.3662 0.8723
vn 0.4754 0.6279 0.6163
vn 0.6875 0.3009 0.6610
vn -0.9052 -0.0767 -0.4180
vn -0.7180 -0.0500 -0.6942
vn -0.9910 -0.1068 -0.0809
vn -0.9924 -0.1164 -0.0389
vn -0.9217 -0.0866 -0.3781
vn -0.7505 -0.0488 -0.6591
vn 0.5193 -0.0767 0.8512
vn 0.1943 -0.1068 0.9751
vn 0.7722 -0.0500 0.6334
vn 0.7410 -0.0488 0.6697
vn 0.4816 -0.0867 0.8721
vn 0.1527 -0.1164 0.9814
vn -0.9492 -0.0728 -0.3061
vn -0.7927 -0.0377 -0.6084
vn -0.9949 -0.0946 0.0342
vn -0.9812 -0.1268 0.1455
vn -0.9735 -0.1105 -0.2003
vn -0.8344 -0.0627 -0.5476
vn 0.4132 -0.0728 0.9077
vn 0.0804 -0.0946 0.9923
vn 0.6956 -0.0376 0.7175
vn 0.6399 -0.0627 0.7659
vn 0.3109 -0.1105 0.9440
vn -0.0317 -0.1267 0.9914
vn -0.4304 -0.0486 -0.9013
vn -0.4992 -0.0260 -0.8661
vn -0.1525 -0.0376 -0.9876
vn -0.0500 -0.0826 -0.9953
vn 0.0398 -0.1236 -0.9915
vn -0.3515 -0.0535 -0.9346
vn 0.9448 -0.0486 0.3239
vn 0.9945 -0.0826 -0.0647
vn 0.9986 -0.0376 0.0380
vn 0.9178 -0.0260 0.3963
vn 0.9689 -0.0535 0.2417
vn 0.9804 -0.1236 -0.1536
vn -0.2340 -0.0614 -0.9703
vn 0.1352 -0.1481 -0.9797
vn 0.2284 -0.1754 -0.9576
vn -0.0882 -0.0852 -0.9925
vn 0.9908 -0.0614 0.1209
vn 0.9960 -0.0852 -0.0265
vn 0.9249 -0.1753 -0.3373
vn 0.9577 -0.1482 -0.2468
vn 0.0262 -0.1863 -0.9821
vn -0.3980 0.0234 -0.9171
vn 0.2774 -0.2835 -0.9180
vn 0.2642 -0.5041 -0.8222
vn 0.0832 -0.4072 -0.9095
vn -0.2766 -0.1839 -0.9432
vn 0.9726 -0.1863 -0.1389
vn 0.8800 -0.2835 -0.3811
vn 0.9568 0.0234 0.2900
vn 0.9688 -0.1839 0.1664
vn 0.8939 -0.4073 -0.1872
vn 0.7864 -0.5041 -0.3569
vn -0.6223 0.2797 -0.7311
vn -0.5316 0.0522 -0.8454
vn -0.6147 0.1759 -0.7689
vn -0.6021 0.4733 -0.6430
vn 0.7978 0.2797 0.5341
vn 0.9009 0.0522 0.4308
vn 0.7079 0.4733 0.5242
vn 0.8345 0.1759 0.5222
vn -0.5264 0.5862 -0.6158
vn -0.4131 0.8057 -0.4245
vn -0.6179 0.3997 -0.6770
vn -0.6583 0.4943 -0.5677
vn -0.5041 0.6579 -0.5595
vn -0.3393 0.8497 -0.4037
vn 0.6723 0.5862 0.4521
vn 0.7436 0.3997 0.5360
vn 0.4692 0.8057 0.3615
vn 0.4400 0.8497 0.2906
vn 0.6138 0.6579 0.4365
vn 0.6396 0.4943 0.5887
vn -0.5644 0.6962 -0.4435
vn -0.6979 0.5960 -0.3972
vn -0.7143 0.6856 -0.1405
vn -0.4772 0.8288 -0.2922
vn 0.5054 0.6962 0.5097
vn 0.4748 0.5960 0.6476
vn 0.3451 0.8288 0.4405
vn 0.2217 0.6856 0.6934
vn -0.7611 0.5432 -0.3544
vn -0.7444 0.4369 -0.5050
vn -0.8035 0.3919 -0.4482
vn -0.8132 0.4716 -0.3412
vn -0.7321 0.6793 -0.0508
vn -0.7208 0.6929 -0.0178
vn 0.4395 0.5433 0.7153
vn 0.4324 0.4716 0.7685
vn 0.5376 0.3919 0.7466
vn 0.5872 0.4369 0.6814
vn 0.1006 0.6929 0.7140
vn 0.1347 0.6793 0.7214
vn -0.9332 0.1806 -0.3107
vn -0.9343 0.3496 0.0702
vn -0.8559 0.1769 -0.4859
vn -0.8685 -0.1138 -0.4824
vn -0.9580 -0.1532 -0.2423
vn -0.8956 -0.1512 0.4184
vn 0.4159 0.1806 0.8913
vn 0.5811 0.1769 0.7944
vn 0.0378 0.3498 0.9361
vn -0.3126 -0.1512 0.9378
vn 0.3509 -0.1532 0.9238
vn 0.5790 -0.1138 0.8073
vn -0.7315 0.2663 -0.6277
vn -0.7245 0.0055 -0.6892
vn 0.7076 0.2663 0.6545
vn 0.7679 0.0055 0.6405
vn -0.6696 -0.3244 -0.6681
vn -0.5339 -0.3175 -0.7837
vn -0.2544 -0.8228 -0.5082
vn -0.4515 -0.7692 -0.4522
vn -0.6742 -0.6416 -0.3657
vn -0.8197 -0.3565 -0.4484
vn 0.7407 -0.3244 0.5884
vn 0.5011 -0.7692 0.3966
vn 0.5341 -0.8228 0.1943
vn 0.8399 -0.3175 0.4402
vn 0.5396 -0.3565 0.7627
vn 0.4407 -0.6416 0.6278
vn -0.3943 -0.3930 -0.8307
vn -0.1427 -0.8505 -0.5063
vn -0.1498 -0.5465 -0.8239
vn -0.0267 -0.8783 -0.4774
vn 0.8705 -0.3930 0.2962
vn 0.5194 -0.8505 0.0835
vn 0.4773 -0.8783 -0.0284
vn 0.8357 -0.5465 0.0541
vn 0.1020 -0.6657 -0.7392
vn 0.0721 -0.8904 -0.4495
vn 0.2200 -0.7175 -0.6609
vn 0.1349 -0.8878 -0.4400
vn 0.7226 -0.6657 -0.1863
vn 0.4382 -0.8904 -0.1233
vn 0.4215 -0.8878 -0.1846
vn 0.6312 -0.7175 -0.2945
vn -0.6045 -0.4170 0.6788
vn -0.3382 -0.2129 0.9167
vn -0.8910 -0.4206 0.1708
vn -0.5597 -0.8201 0.1189
vn -0.2720 -0.7294 0.6277
vn -0.4908 -0.6332 0.5985
vn -0.6048 -0.4169 0.6786
vn -0.0672 -0.4206 0.9047
vn -0.8717 -0.2129 0.4414
vn -0.5382 -0.6331 0.5564
vn -0.5923 -0.7294 0.3423
vn -0.0537 -0.8201 0.5697
vn -0.9042 -0.3734 -0.2073
vn -0.6261 -0.7672 -0.1389
vn 0.3098 -0.3734 0.8744
vn 0.2099 -0.7672 0.6060
vn -0.5138 0.5008 0.6966
vn -0.2431 0.7220 0.6477
vn -0.2405 0.0690 0.9682
vn -0.8039 0.1680 0.5706
vn -0.6328 0.5008 0.5905
vn -0.6155 0.7221 0.3160
vn -0.4743 0.1680 0.8642
vn -0.9341 0.0690 0.3503
vn -0.1319 -0.0929 0.9869
vn -0.7699 -0.2927 0.5671
vn -0.9652 -0.0929 0.2445
vn -0.4748 -0.2927 0.8300
vn -0.9086 -0.3155 -0.2736
vn -0.9106 -0.2996 -0.2848
vn -0.7513 -0.5996 -0.2758
vn -0.7230 -0.6895 -0.0428
vn 0.3762 -0.3155 0.8711
vn 0.3876 -0.2996 0.8718
vn 0.1256 -0.6895 0.7133
vn 0.3603 -0.5996 0.7146
vn -0.9431 -0.2423 -0.2278
vn -0.9557 -0.2875 0.0629
vn -0.9967 0.0803 -0.0093
vn -0.9486 -0.0106 -0.3162
vn 0.3347 -0.2423 0.9106
vn 0.0474 -0.2875 0.9566
vn 0.4232 -0.0106 0.9060
vn 0.1238 0.0802 0.9891
vn -0.8851 -0.3446 0.3128
vn -0.5321 -0.8234 0.1972
vn -0.3947 -0.8501 0.3487
vn -0.7091 -0.4054 0.5769
vn -0.8048 -0.0714 0.5893
vn -0.9441 -0.0092 0.3296
vn -0.2089 -0.3446 0.9152
vn -0.4916 -0.4054 0.7707
vn -0.3011 -0.8501 0.4322
vn -0.1347 -0.8234 0.5513
vn -0.2188 -0.0092 0.9757
vn -0.4929 -0.0714 0.8672
vn -0.2279 -0.3736 0.8992
vn -0.0642 -0.7694 0.6356
vn -0.5922 -0.7371 0.3254
vn -0.5912 -0.3832 0.7097
vn -0.6564 0.2400 0.7153
vn -0.2660 -0.0364 0.9633
vn -0.8670 -0.3735 0.3297
vn -0.6371 -0.3831 0.6688
vn -0.2552 -0.7371 0.6257
vn -0.6240 -0.7693 0.1368
vn -0.9264 -0.0364 0.3749
vn -0.6351 0.2400 0.7342
vn -0.9398 -0.2747 0.2032
vn -0.9059 -0.3254 0.2711
vn -0.6244 -0.1141 0.7727
vn -0.9563 -0.0279 0.2911
vn -0.0938 -0.2747 0.9569
vn -0.1792 -0.0279 0.9834
vn -0.6958 -0.1142 0.7091
vn -0.1653 -0.3254 0.9310
vn -0.8361 0.3560 0.4173
vn -0.8238 0.5030 0.2613
vn -0.4971 0.3840 0.7781
vn -0.4100 0.6627 0.6266
vn -0.3185 0.3560 0.8785
vn -0.1649 0.5031 0.8484
vn -0.5753 0.6628 0.4793
vn -0.7158 0.3840 0.5832
vn -0.7139 0.5764 0.3977
vn -0.3480 0.6948 0.6294
vn -0.3786 0.8215 0.4263
vn -0.5550 0.5817 0.5947
vn -0.3130 0.5764 0.7548
vn -0.5852 0.6948 0.4181
vn -0.5269 0.5817 0.6197
vn -0.3800 0.8215 0.4251
vn -0.0697 0.7250 0.6852
vn -0.1624 0.6825 0.7126
vn -0.0813 0.7116 0.6979
vn 0.0292 0.7242 0.6889
vn 0.2542 0.6773 0.6904
vn 0.0397 0.8163 0.5762
vn -0.6727 0.7250 0.1480
vn -0.6877 0.7242 0.0502
vn -0.6839 0.7115 0.1611
vn -0.6891 0.6826 0.2432
vn -0.5770 0.8163 0.0268
vn -0.7150 0.6773 -0.1731
vn -0.6737 0.7240 0.1483
vn -0.5717 0.8200 0.0295
vn -0.6861 0.7258 0.0491
vn -0.6867 0.7082 0.1640
vn -0.6939 0.6776 0.2435
vn -0.5802 0.6604 0.4768
vn -0.5897 0.6910 0.4181
vn -0.0698 0.7240 0.6863
vn -0.1623 0.6775 0.7174
vn -0.0840 0.7083 0.7010
vn 0.0301 0.7258 0.6872
vn 0.0364 0.8200 0.5713
vn -0.3476 0.6909 0.6339
vn -0.4069 0.6604 0.6311
vn -0.3409 0.5755 0.7433
vn -0.1920 0.5045 0.8418
vn -0.6992 0.5755 0.4241
vn -0.8142 0.5045 0.2875
vn -0.3478 0.3461 0.8714
vn -0.7297 0.3838 0.5660
vn -0.8256 0.3461 0.4456
vn -0.4783 0.3838 0.7899
vn -0.8514 0.4143 0.3217
vn -0.8665 0.4875 0.1078
vn -0.2217 0.4143 0.8827
vn -0.0074 0.4875 0.8731
vn -0.8078 0.5865 -0.0589
vn -0.8869 0.3838 -0.2573
vn 0.1513 0.5865 0.7957
vn 0.3576 0.3838 0.8514
vn -0.8967 0.2084 -0.3905
vn -0.8109 0.5792 0.0829
vn 0.4911 0.2083 0.8458
vn 0.0109 0.5793 0.8151
vn -0.4219 0.7470 0.5138
vn -0.4617 0.7470 0.4783
vn -0.2224 0.4002 0.8890
vn -0.2131 -0.0213 0.9768
vn 0.1702 0.0306 0.9849
vn 0.0018 0.4643 0.8857
vn -0.8576 0.4002 0.3232
vn -0.8800 0.4643 0.1001
vn -0.9980 0.0306 -0.0558
vn -0.9458 -0.0213 0.3240
vn 0.1560 0.5664 0.8092
vn 0.3774 0.3116 0.8721
vn -0.8218 0.5664 -0.0619
vn -0.9097 0.3117 -0.2746
vn 0.1601 0.9231 0.3497
vn -0.1172 0.9847 0.1293
vn 0.4202 0.8038 0.4212
vn 0.4867 0.8165 0.3105
vn 0.2372 0.9536 0.1852
vn -0.0093 1.0000 0.0012
vn -0.3658 0.9231 -0.1189
vn -0.4667 0.8038 -0.3690
vn -0.1150 0.9847 0.1313
vn -0.0001 1.0000 0.0094
vn -0.2112 0.9536 -0.2144
vn -0.3644 0.8165 -0.4477
vn -0.3596 0.9264 -0.1113
vn -0.2145 0.9554 -0.2031
vn 0.1519 0.9264 0.3444
vn 0.2264 0.9554 0.1897
vn -0.2515 0.9482 -0.1939
vn -0.0237 0.9995 0.0220
vn -0.2182 0.9438 0.2482
vn -0.5102 0.8587 -0.0489
vn 0.2215 0.9482 0.2276
vn 0.1073 0.8587 0.5012
vn -0.2216 0.9438 0.2451
vn -0.0191 0.9995 0.0261
vn -0.8505 0.4897 0.1919
vn -0.5519 0.5516 0.6254
vn -0.6494 0.1116 0.7522
vn -0.9422 0.1375 0.3055
vn -0.0928 0.4897 0.8669
vn -0.5578 0.5516 0.6202
vn -0.1951 0.1375 0.9711
vn -0.6726 0.1116 0.7316
vn 0.2393 0.9474 0.2124
vn 0.4914 0.7936 0.3588
vn 0.4449 0.6700 0.5943
vn 0.1402 0.8626 0.4860
vn -0.2385 0.9474 -0.2132
vn -0.4129 0.7936 -0.4469
vn -0.4989 0.8626 -0.0834
vn -0.6416 0.6699 -0.3736
vn 0.6478 0.5956 0.4750
vn 0.5313 0.5608 0.6350
vn 0.6174 0.4352 0.6553
vn 0.7244 0.3670 0.5836
vn 0.8350 0.1693 0.5236
vn 0.7071 0.5771 0.4085
vn -0.5463 0.5956 -0.5889
vn -0.6630 0.3670 -0.6525
vn -0.7219 0.4352 -0.5380
vn -0.6918 0.5609 -0.4548
vn -0.4871 0.5771 -0.6555
vn -0.6161 0.1694 -0.7692
vn 0.4358 0.4986 0.7493
vn 0.5649 0.3827 0.7310
vn 0.1011 0.6851 0.7214
vn 0.1291 0.6666 0.7341
vn 0.4150 0.4262 0.8038
vn 0.5110 0.3343 0.7919
vn -0.7945 0.4986 -0.3467
vn -0.7283 0.6851 -0.0175
vn -0.7911 0.3827 -0.4771
vn -0.8454 0.3343 -0.4166
vn -0.8462 0.4262 -0.3198
vn -0.7441 0.6667 -0.0438
vn -0.0703 0.4739 0.8778
vn -0.1773 0.0853 0.9804
vn 0.3253 0.3330 0.8850
vn 0.2374 0.0558 0.9698
vn -0.8639 0.4739 0.1707
vn -0.9536 0.0853 0.2889
vn -0.9907 0.0558 -0.1243
vn -0.9166 0.3330 -0.2214
vn 0.7099 0.5374 0.4552
vn 0.8764 0.1390 0.4611
vn 0.9378 -0.0448 0.3442
vn 0.6823 0.4187 0.5994
vn -0.5338 0.5374 -0.6529
vn -0.5588 0.1390 -0.8176
vn -0.6738 0.4187 -0.6088
vn -0.4498 -0.0448 -0.8920
vn 0.6761 0.2067 0.7072
vn 0.7354 -0.0470 0.6760
vn 0.5489 0.1350 0.8249
vn 0.5484 -0.1344 0.8253
vn -0.7803 0.2067 -0.5903
vn -0.7561 -0.0470 -0.6528
vn -0.8829 -0.1344 -0.4499
vn -0.8826 0.1350 -0.4504
vn 0.4009 0.1628 0.9015
vn 0.3412 -0.1511 0.9278
vn 0.0386 0.3492 0.9363
vn -0.3264 -0.1452 0.9340
vn -0.9416 0.1628 -0.2946
vn -0.9608 -0.1511 -0.2323
vn -0.8903 -0.1451 0.4316
vn -0.9345 0.3492 0.0693
vn -0.6284 0.5360 0.5638
vn -0.5958 0.7618 0.2541
vn -0.7459 0.4018 0.5312
vn -0.9510 0.1123 0.2881
vn -0.4877 0.5361 0.6890
vn -0.1769 0.1123 0.9778
vn -0.4418 0.4018 0.8021
vn -0.1839 0.7618 0.6211
vn 0.2966 -0.3727 0.8793
vn -0.1111 -0.4256 0.8981
vn -0.1321 -0.8200 0.5568
vn 0.1798 -0.7619 0.6222
vn 0.4115 -0.6366 0.6522
vn 0.5124 -0.3633 0.7781
vn -0.9075 -0.3727 -0.1936
vn -0.6387 -0.7619 -0.1071
vn -0.5380 -0.8200 0.1953
vn -0.8794 -0.4256 0.2136
vn -0.8319 -0.3633 -0.4195
vn -0.6950 -0.6366 -0.3342
vn -0.6608 -0.4079 0.6300
vn -0.8818 -0.2147 0.4199
vn -0.5379 -0.6107 0.5812
vn -0.6773 -0.6797 0.2816
vn -0.5499 -0.4079 0.7288
vn -0.2018 -0.6796 0.7052
vn -0.5155 -0.6107 0.6012
vn -0.3158 -0.2146 0.9242
vn -0.9760 -0.0748 0.2047
vn -0.4211 -0.2617 0.8685
vn -0.0911 -0.0748 0.9930
vn -0.8143 -0.2616 0.5182
vn 0.4246 -0.2518 0.8697
vn 0.4482 -0.5188 0.7280
vn 0.4335 -0.0335 0.9005
vn 0.1111 -0.2987 0.9478
vn 0.1278 -0.7269 0.6747
vn -0.9127 -0.2518 -0.3219
vn -0.9444 -0.0335 -0.3270
vn -0.7747 -0.5188 -0.3615
vn -0.6850 -0.7269 -0.0494
vn -0.9543 -0.2987 -0.0014
vn 0.0524 -0.9824 0.1795
vn -0.2334 -0.9681 0.0908
vn -0.0440 -0.9985 0.0315
vn 0.0443 -0.9990 -0.0005
vn 0.4923 -0.8436 0.2144
vn 0.4616 -0.7750 0.4316
vn -0.1843 -0.9824 -0.0314
vn -0.0633 -0.9681 0.2423
vn -0.4818 -0.7750 -0.4089
vn -0.2695 -0.8436 -0.4643
vn -0.0046 -0.9990 -0.0441
vn -0.0262 -0.9985 0.0473
vn 0.7055 -0.3503 0.6161
vn 0.8169 -0.3489 0.4593
vn -0.6931 -0.3503 -0.6300
vn -0.5502 -0.3489 -0.7587
vn 0.8554 -0.4126 0.3132
vn 0.4816 -0.8735 0.0711
vn 0.4443 -0.8933 -0.0679
vn 0.8242 -0.5610 0.0772
vn -0.4095 -0.4126 -0.8137
vn -0.1715 -0.5610 -0.8099
vn 0.0163 -0.8933 -0.4492
vn -0.1260 -0.8735 -0.4702
vn 0.6129 0.1852 0.7681
vn 0.8964 -0.0063 0.4432
vn 0.8500 -0.0581 0.5235
vn 0.5573 0.0160 0.8302
vn -0.8335 0.1852 -0.5206
vn -0.5434 -0.0063 -0.8395
vn -0.8887 0.0160 -0.4582
vn -0.6178 -0.0581 -0.7842
vn 0.0721 -0.9968 -0.0348
vn -0.0395 -0.9992 -0.0085
vn -0.0010 -0.9993 -0.0382
vn 0.1033 -0.9919 -0.0744
vn 0.0262 -0.9968 -0.0757
vn 0.0621 -0.9919 -0.1112
vn 0.0381 -0.9993 -0.0034
vn 0.0130 -0.9992 0.0382
vn -0.0204 -0.9997 0.0156
vn -0.0207 -0.9995 -0.0226
vn 0.0211 -0.9997 -0.0125
vn 0.0377 -0.9992 0.0138
vn -0.0114 -0.9999 0.0055
vn 0.0071 -0.9999 -0.0082
vn -0.0131 -0.9997 0.0221
vn 0.0248 -0.9995 0.0180
vn 0.0073 -0.9999 -0.0080
vn -0.0041 -0.9999 0.0120
vn -0.0180 -0.9992 -0.0358
vn 0.0101 -0.9997 -0.0225
vn -0.0157 -0.9976 0.0672
vn -0.1019 -0.8229 0.5590
vn -0.1983 -0.8617 0.4671
vn -0.0693 -0.9976 0.0063
vn 0.1636 -0.9514 0.2610
vn -0.0299 -0.9983 0.0491
vn -0.1060 -0.9943 -0.0060
vn 0.1045 -0.9748 0.1973
vn -0.2927 -0.9474 -0.1296
vn -0.0799 -0.9956 0.0498
vn -0.5975 -0.7959 0.0972
vn 0.1625 -0.9474 0.2758
vn 0.0017 -0.9976 0.0696
vn -0.0403 -0.9956 0.0851
vn -0.0278 -0.7960 0.6047
vn -0.4412 -0.8617 0.2506
vn 0.1360 -0.9481 0.2875
vn 0.0182 -0.9943 0.1047
vn -0.3012 -0.9481 -0.1020
vn -0.0453 -0.9983 0.0354
vn -0.2080 -0.9748 -0.0811
vn -0.1684 -0.9819 -0.0870
vn -0.0872 -0.9856 0.1450
vn 0.0009 -0.9938 -0.1109
vn 0.1057 -0.9819 0.1573
vn -0.1340 -0.9856 0.1033
vn 0.1100 -0.9938 -0.0136
vn -0.0089 -0.9072 0.4206
vn -0.2162 -0.9716 0.0961
vn -0.4168 -0.9072 0.0572
vn -0.0706 -0.9716 0.2258
vn -0.4458 -0.8543 -0.2674
vn 0.3171 -0.8543 0.4119
vn 0.0127 -0.9910 -0.1335
vn 0.0164 -0.9890 -0.1469
vn 0.1312 -0.9910 -0.0280
vn 0.1440 -0.9890 -0.0331
vn 0.9446 -0.2635 0.1955
vn 0.9736 -0.2227 -0.0507
vn 0.9625 -0.1193 0.2435
vn 0.9879 -0.1140 0.1054
vn -0.3028 -0.2635 -0.9159
vn -0.0615 -0.2227 -0.9729
vn -0.2183 -0.1141 -0.9692
vn -0.3526 -0.1193 -0.9281
vn 0.9596 -0.0972 -0.2641
vn 0.9956 -0.0893 0.0270
vn 0.9970 -0.0775 0.0007
vn 0.9375 -0.0228 -0.3471
vn 0.4791 0.0409 -0.8768
vn 0.6072 -0.1179 -0.7857
vn 0.1520 -0.0972 -0.9836
vn 0.2370 -0.0228 -0.9712
vn -0.1153 -0.0775 -0.9903
vn -0.1413 -0.0894 -0.9859
vn 0.7107 -0.1179 -0.6935
vn 0.8159 0.0410 -0.5767
vn 0.9855 -0.0784 0.1503
vn 0.9820 -0.0809 0.1707
vn 0.8861 -0.0834 0.4559
vn 0.8926 -0.0897 0.4418
vn 0.8988 -0.0899 0.4291
vn 0.9882 -0.0761 0.1326
vn 0.9951 -0.0913 -0.0378
vn 0.9968 -0.0798 -0.0101
vn -0.2626 -0.0784 -0.9617
vn -0.2452 -0.0761 -0.9665
vn -0.5298 -0.0899 -0.8433
vn -0.5415 -0.0897 -0.8359
vn -0.5548 -0.0834 -0.8278
vn -0.2828 -0.0808 -0.9558
vn -0.1045 -0.0798 -0.9913
vn -0.0768 -0.0914 -0.9928
vn 0.9753 -0.0729 0.2085
vn 0.8767 -0.0602 0.4773
vn 0.9574 -0.0521 0.2840
vn 0.8577 -0.0204 0.5137
vn -0.3193 -0.0728 -0.9449
vn -0.5749 -0.0602 -0.8160
vn -0.6090 -0.0204 -0.7929
vn -0.3921 -0.0520 -0.9185
vn 0.9206 -0.0216 0.3899
vn 0.8281 0.0217 0.5602
vn -0.4931 -0.0216 -0.8697
vn -0.6517 0.0217 -0.7581
vn 0.4887 -0.0167 0.8723
vn 0.2575 -0.1728 0.9507
vn 0.2286 -0.2592 0.9384
vn 0.4832 -0.0897 0.8709
vn -0.9227 -0.0167 -0.3852
vn -0.9740 -0.1728 -0.1465
vn -0.9207 -0.0897 -0.3799
vn -0.9584 -0.2592 -0.1192
vn 0.7122 0.0044 0.7019
vn 0.6061 -0.0558 0.7934
vn 0.5769 -0.1253 0.8072
vn 0.7105 -0.0451 0.7022
vn -0.7792 0.0044 -0.6268
vn -0.7792 -0.0451 -0.6251
vn -0.8682 -0.1253 -0.4802
vn -0.8578 -0.0558 -0.5109
vn 0.6946 -0.0887 0.7139
vn 0.5167 -0.1825 0.8365
vn 0.4421 -0.1934 0.8759
vn 0.6729 -0.1130 0.7311
vn -0.7891 -0.0887 -0.6079
vn -0.8904 -0.1825 -0.4171
vn -0.8034 -0.1132 -0.5845
vn -0.9209 -0.1934 -0.3384
vn 0.3222 -0.3273 0.8883
vn 0.4109 -0.2624 0.8731
vn 0.1178 -0.4438 0.8883
vn 0.0307 -0.4771 0.8783
vn -0.0937 -0.4201 0.9026
vn 0.2086 -0.3103 0.9275
vn -0.9194 -0.3273 -0.2179
vn -0.8760 -0.4771 0.0705
vn -0.8960 -0.4438 -0.0149
vn -0.9146 -0.2624 -0.3078
vn -0.9453 -0.3103 -0.1007
vn -0.8859 -0.4201 0.1969
vn -0.2939 -0.5679 0.7688
vn -0.2099 -0.5817 0.7859
vn -0.5191 -0.6551 0.5490
vn -0.5764 -0.5981 0.5568
vn -0.6726 -0.5015 0.5442
vn -0.4186 -0.4831 0.7690
vn -0.7299 -0.5679 0.3804
vn -0.4869 -0.5981 0.6366
vn -0.4857 -0.6551 0.5788
vn -0.7566 -0.5816 0.2989
vn -0.7158 -0.4831 0.5042
vn -0.4632 -0.5015 0.7307
vn 0.4618 -0.1698 0.8706
vn 0.1828 -0.3585 0.9155
vn -0.9179 -0.1698 -0.3586
vn -0.9304 -0.3585 -0.0763
vn -0.1399 -0.5329 0.8345
vn -0.0798 -0.4357 0.8966
vn -0.3068 -0.5604 0.7693
vn -0.3846 -0.6303 0.6744
vn -0.8129 -0.5329 0.2350
vn -0.8814 -0.4357 0.1824
vn -0.6257 -0.6303 0.4596
vn -0.7290 -0.5604 0.3931
vn -0.7871 -0.5813 0.2065
vn -0.8687 -0.4694 0.1582
vn -0.6974 -0.6683 0.2589
vn -0.8012 -0.5387 -0.2607
vn -0.8583 -0.3785 -0.3466
vn -0.1147 -0.5813 0.8056
vn -0.1770 -0.6683 0.7225
vn -0.0573 -0.4694 0.8811
vn 0.4429 -0.3785 0.8128
vn 0.3510 -0.5387 0.7659
vn -0.6028 -0.4712 -0.6439
vn -0.2758 -0.3693 -0.8874
vn -0.3932 -0.1685 -0.9039
vn -0.6558 -0.2869 -0.6983
vn 0.7089 -0.4712 0.5248
vn 0.9132 -0.3693 0.1720
vn 0.7690 -0.2869 0.5712
vn 0.9431 -0.1685 0.2866
vn -0.6699 -0.1824 -0.7197
vn -0.4208 -0.1162 -0.8997
vn -0.4243 -0.0806 -0.9019
vn -0.6702 -0.1026 -0.7350
vn -0.8785 -0.1756 -0.4443
vn -0.8775 -0.2683 -0.3975
vn 0.7919 -0.1824 0.5827
vn 0.4957 -0.2683 0.8260
vn 0.5424 -0.1756 0.8216
vn 0.8072 -0.1026 0.5813
vn 0.9447 -0.0806 0.3178
vn 0.9421 -0.1162 0.3146
vn -0.9277 -0.3594 0.1011
vn -0.9654 -0.2603 0.0179
vn -0.8760 -0.2725 0.3979
vn -0.7856 -0.3763 0.4912
vn 0.0062 -0.3594 0.9331
vn -0.3977 -0.3764 0.8368
vn -0.2945 -0.2723 0.9160
vn 0.0932 -0.2603 0.9610
vn -0.5655 -0.3545 0.7447
vn -0.6830 -0.2569 0.6838
vn -0.3305 -0.2415 0.9124
vn -0.2271 -0.3146 0.9216
vn -0.6747 -0.3545 0.6473
vn -0.8894 -0.3146 0.3315
vn -0.8683 -0.2415 0.4332
vn -0.6007 -0.2569 0.7571
vn 0.1064 -0.2464 0.9633
vn 0.0316 -0.2016 0.9790
vn 0.3461 -0.1533 0.9256
vn 0.3830 -0.1725 0.9075
vn -0.9691 -0.2464 0.0051
vn -0.9455 -0.1725 -0.2762
vn -0.9592 -0.1533 -0.2374
vn -0.9761 -0.2016 0.0812
vn 0.6599 -0.1190 0.7418
vn 0.6587 -0.1168 0.7433
vn -0.8128 -0.1190 -0.5703
vn -0.8141 -0.1168 -0.5689
vn -0.0306 -0.1753 0.9840
vn 0.3186 -0.1406 0.9374
vn -0.4145 -0.1977 0.8883
vn -0.4850 -0.1634 0.8591
vn -0.0833 -0.1541 0.9845
vn 0.2931 -0.1325 0.9469
vn -0.9740 -0.1753 0.1435
vn -0.8348 -0.1977 0.5139
vn -0.9678 -0.1406 -0.2087
vn -0.9743 -0.1325 -0.1822
vn -0.9684 -0.1541 0.1959
vn -0.7977 -0.1632 0.5806
vn -0.7744 -0.1922 0.6028
vn -0.9416 -0.1925 0.2765
vn -0.8436 -0.1433 0.5174
vn -0.5098 -0.1922 0.8386
vn -0.1662 -0.1925 0.9671
vn -0.4170 -0.1432 0.8975
vn -0.9802 -0.1788 -0.0854
vn -0.8637 -0.1094 -0.4921
vn 0.1975 -0.1788 0.9639
vn 0.5881 -0.1094 0.8014
vn -0.6563 -0.0551 -0.7525
vn -0.4017 -0.0598 -0.9138
vn -0.3494 -0.0391 -0.9362
vn -0.6238 -0.0280 -0.7811
vn 0.8230 -0.0551 0.5654
vn 0.9539 -0.0598 0.2940
vn 0.8476 -0.0280 0.5299
vn 0.9701 -0.0392 0.2395
vn -0.5687 -0.0144 -0.8224
vn -0.2619 -0.0243 -0.9648
vn 0.8823 -0.0144 0.4704
vn 0.9885 -0.0243 0.1492
vn -0.8856 -0.1240 0.4476
vn -0.9046 -0.1493 0.3993
vn -0.5598 -0.1756 0.8098
vn -0.5341 -0.1500 0.8320
vn -0.3429 -0.1240 0.9311
vn -0.7651 -0.1500 0.6262
vn -0.7401 -0.1755 0.6492
vn -0.2927 -0.1493 0.9445
vn -0.1195 -0.1500 0.9814
vn -0.1337 -0.1873 0.9732
vn 0.2487 -0.1994 0.9478
vn 0.2682 -0.1408 0.9530
vn -0.9612 -0.1500 0.2317
vn -0.9775 -0.1408 -0.1568
vn -0.9701 -0.1995 -0.1380
vn -0.9513 -0.1873 0.2447
vn 0.6396 -0.1169 0.7598
vn 0.6020 -0.1826 0.7773
vn 0.8651 -0.1296 0.4846
vn 0.8939 -0.0828 0.4405
vn 0.9040 -0.0781 0.4204
vn 0.6583 -0.1059 0.7452
vn -0.8283 -0.1170 -0.5479
vn -0.5404 -0.0828 -0.8374
vn -0.5809 -0.1296 -0.8036
vn -0.8414 -0.1826 -0.5087
vn -0.8159 -0.1059 -0.5684
vn -0.5215 -0.0781 -0.8497
vn 0.9935 -0.0619 0.0960
vn 0.9892 -0.0775 0.1243
vn 0.9696 -0.0705 -0.2344
vn 0.9723 -0.0738 -0.2217
vn 0.9815 -0.0845 -0.1718
vn 0.9932 -0.0643 0.0971
vn -0.2096 -0.0619 -0.9758
vn 0.1083 -0.0738 -0.9914
vn 0.1213 -0.0705 -0.9901
vn -0.2372 -0.0775 -0.9684
vn -0.2107 -0.0643 -0.9754
vn 0.0579 -0.0846 -0.9947
vn 0.8193 -0.1000 -0.5645
vn 0.8184 -0.0915 -0.5673
vn 0.5843 -0.0926 -0.8062
vn 0.5247 -0.0975 -0.8457
vn 0.4918 -0.1374 -0.8598
vn 0.8460 -0.1284 -0.5175
vn 0.4666 -0.1000 -0.8788
vn 0.7798 -0.0975 -0.6184
vn 0.7337 -0.0926 -0.6731
vn 0.4693 -0.0915 -0.8783
vn 0.4168 -0.1285 -0.8999
vn 0.7976 -0.1373 -0.5874
vn 0.5638 -0.2181 0.7966
vn 0.8212 -0.1707 0.5445
vn 0.2453 -0.2210 0.9439
vn 0.2532 -0.1250 0.9593
vn 0.5509 -0.1351 0.8236
vn 0.7971 -0.1370 0.5880
vn -0.8562 -0.2181 -0.4685
vn -0.9658 -0.2210 -0.1352
vn -0.6353 -0.1707 -0.7531
vn -0.6758 -0.1370 -0.7243
vn -0.8814 -0.1351 -0.4526
vn -0.9821 -0.1250 -0.1412
vn 0.9768 -0.1182 0.1784
vn 0.9674 -0.1532 0.2017
vn 0.9557 -0.1825 -0.2308
vn 0.9681 -0.1103 -0.2249
vn -0.2895 -0.1182 -0.9498
vn 0.1121 -0.1105 -0.9875
vn 0.1195 -0.1826 -0.9759
vn -0.3116 -0.1532 -0.9378
vn 0.8199 -0.1304 -0.5574
vn 0.8119 -0.1988 -0.5489
vn 0.6416 -0.1951 -0.7418
vn 0.6266 -0.1355 -0.7674
vn 0.4595 -0.1305 -0.8786
vn 0.6903 -0.1355 -0.7107
vn 0.6632 -0.1951 -0.7226
vn 0.4519 -0.1988 -0.8696
vn 0.3542 -0.1180 -0.9277
vn 0.4029 -0.1746 -0.8985
vn 0.2635 -0.0664 -0.9624
vn 0.8808 -0.1180 -0.4585
vn 0.8462 -0.1746 -0.5035
vn 0.9257 -0.0664 -0.3724
vn 0.1447 -0.0599 -0.9877
vn 0.0425 -0.0881 -0.9952
vn 0.9645 -0.0599 -0.2572
vn 0.9837 -0.0882 -0.1567
vn 0.9711 -0.2178 -0.0976
vn 0.9862 -0.1653 0.0033
vn 0.8961 -0.4184 -0.1480
vn 0.7643 -0.5266 -0.3722
vn 0.8588 -0.3116 -0.4067
vn 0.9005 -0.2299 -0.3692
vn -0.0147 -0.2178 -0.9759
vn 0.0439 -0.4184 -0.9072
vn -0.1167 -0.1653 -0.9793
vn 0.2632 -0.2299 -0.9369
vn 0.3053 -0.3116 -0.8998
vn 0.2819 -0.5265 -0.8021
vn 0.9772 -0.1662 0.1320
vn 0.8118 -0.0890 0.5770
vn 0.9316 -0.2223 -0.2877
vn -0.2436 -0.1662 -0.9555
vn -0.6666 -0.0890 -0.7401
vn 0.1787 -0.2223 -0.9585
vn 0.8023 -0.2361 -0.5483
vn 0.7957 -0.2472 -0.5530
vn 0.6413 -0.2407 -0.7286
vn 0.6435 -0.2259 -0.7313
vn 0.4524 -0.2361 -0.8600
vn 0.6525 -0.2259 -0.7233
vn 0.6500 -0.2407 -0.7208
vn 0.4579 -0.2472 -0.8540
vn 0.1390 -0.9846 -0.1057
vn 0.4093 -0.8961 -0.1713
vn 0.0272 -0.9972 -0.0699
vn 0.0587 -0.9945 -0.0869
vn 0.1768 -0.9772 -0.1180
vn 0.3988 -0.8915 -0.2148
vn 0.0890 -0.9846 -0.1503
vn 0.1231 -0.8962 -0.4263
vn 0.1675 -0.8915 -0.4208
vn 0.0969 -0.9772 -0.1892
vn 0.0796 -0.9945 -0.0683
vn 0.0663 -0.9972 -0.0351
vn 0.7051 -0.6852 -0.1826
vn 0.6044 -0.7359 -0.3053
vn 0.1003 -0.6852 -0.7214
vn 0.2338 -0.7359 -0.6354
vn 0.7726 -0.3375 -0.5377
vn 0.6822 -0.5626 -0.4670
vn 0.5387 -0.5785 -0.6125
vn 0.6201 -0.3426 -0.7057
vn 0.4453 -0.3375 -0.8293
vn 0.3855 -0.5626 -0.7314
vn 0.6298 -0.3426 -0.6971
vn 0.5465 -0.5785 -0.6055
vn 0.4248 -0.2013 -0.8826
vn 0.4341 -0.2187 -0.8739
vn 0.8277 -0.2013 -0.5238
vn 0.8183 -0.2187 -0.5316
vn 0.4223 -0.3227 -0.8471
vn 0.3687 -0.5523 -0.7476
vn 0.7930 -0.3227 -0.5168
vn 0.7003 -0.5523 -0.4522
vn 0.2976 -0.7545 -0.5850
vn 0.4175 -0.7761 -0.4725
vn 0.3019 -0.8907 -0.3398
vn 0.2154 -0.8889 -0.4043
vn 0.5469 -0.7545 -0.3629
vn 0.3768 -0.8889 -0.2605
vn 0.3029 -0.8907 -0.3390
vn 0.4214 -0.7761 -0.4691
vn 0.5312 -0.7627 -0.3689
vn 0.3664 -0.8911 -0.2677
vn 0.3054 -0.7627 -0.5701
vn 0.2238 -0.8911 -0.3947
vn 0.2134 -0.9628 -0.1656
vn 0.1579 -0.9706 -0.1819
vn 0.1400 -0.9628 -0.2310
vn 0.1625 -0.9706 -0.1777
vn 0.1266 -0.9637 -0.2351
vn 0.0549 -0.9791 -0.1960
vn 0.2190 -0.9637 -0.1528
vn 0.1884 -0.9791 -0.0770
vn 0.0248 -0.9859 -0.1655
vn 0.1615 -0.9859 -0.0437
vn -0.1533 -0.0115 0.9881
vn -0.1282 -0.1028 0.9864
vn -0.5992 -0.0791 0.7967
vn -0.6283 0.0085 0.7779
vn 0.2450 -0.0239 0.9692
vn -0.9639 -0.0114 0.2659
vn -0.7006 0.0085 0.7135
vn -0.7225 -0.0791 0.6868
vn -0.9651 -0.1028 0.2408
vn -0.9910 -0.0238 -0.1317
vn 0.5491 -0.0432 0.8347
vn -0.8923 -0.0432 -0.4495
vn -0.1288 -0.1915 0.9730
vn -0.5758 -0.1683 0.8001
vn -0.9517 -0.1915 0.2398
vn -0.7286 -0.1683 0.6640
vn -0.9191 -0.1399 0.3684
vn -0.9372 -0.0446 0.3460
vn -0.2603 -0.1399 0.9553
vn -0.2360 -0.0447 0.9707
vn -0.9447 0.0434 0.3249
vn -0.2142 0.0434 0.9758
vn -0.3603 -0.5773 0.7328
vn -0.4339 -0.6464 0.6276
vn -0.2252 -0.4733 0.8516
vn -0.4325 -0.6403 0.6348
vn -0.4545 -0.7079 0.5407
vn -0.6865 -0.5773 0.4420
vn -0.8201 -0.4733 0.3216
vn -0.5735 -0.6464 0.5032
vn -0.4848 -0.7079 0.5137
vn -0.5809 -0.6403 0.5026
vn -0.4754 -0.6654 0.5756
vn -0.4941 -0.6696 0.5545
vn -0.4446 -0.7439 0.4990
vn -0.4432 -0.7381 0.5087
vn -0.4068 -0.8000 0.4410
vn -0.4703 -0.7659 0.4385
vn -0.3946 -0.8050 0.4430
vn -0.5074 -0.6960 0.5080
vn -0.5921 -0.7027 0.3944
vn -0.4463 -0.6960 0.5625
vn -0.3237 -0.7027 0.6336
vn -0.3815 -0.7659 0.5176
vn -0.0167 -0.3358 0.9418
vn -0.9336 -0.3358 0.1249
vn 0.9392 -0.0551 -0.3390
vn 0.4874 -0.0154 -0.8730
vn 0.9284 -0.1248 -0.3500
vn 0.5115 -0.1291 -0.8495
vn 0.2287 -0.0551 -0.9719
vn 0.8112 -0.0155 -0.5846
vn 0.7851 -0.1291 -0.6058
vn 0.2410 -0.1248 -0.9625
vn 0.9910 -0.0718 0.1133
vn 0.9036 -0.0852 0.4198
vn 0.9906 -0.0950 -0.0981
vn -0.2264 -0.0718 -0.9714
vn -0.5208 -0.0852 -0.8494
vn -0.0164 -0.0950 -0.9953
vn 0.6616 -0.1110 0.7416
vn -0.8128 -0.1110 -0.5718
vn 0.8928 -0.1518 -0.4242
vn 0.5025 -0.1713 -0.8474
vn 0.3187 -0.1518 -0.9356
vn 0.7840 -0.1713 -0.5966
vn -0.0224 -0.1123 -0.9934
vn -0.0701 -0.0904 -0.9934
vn 0.9894 -0.1123 -0.0920
vn 0.9949 -0.0904 -0.0445
vn -0.0995 -0.0400 -0.9942
vn -0.0810 -0.0204 -0.9965
vn 0.9991 -0.0400 -0.0155
vn 0.9992 -0.0204 -0.0341
vn 0.0892 -0.2061 -0.9745
vn 0.5263 -0.7571 -0.3870
vn 0.9577 -0.2061 -0.2007
vn 0.3240 -0.7571 -0.5673
vn 0.5632 -0.7491 0.3487
vn 0.4655 -0.8615 0.2028
vn -0.4111 -0.7491 -0.5194
vn -0.2550 -0.8615 -0.4391
vn 0.2137 -0.9615 -0.1729
vn 0.2645 -0.9571 -0.1183
vn 0.1803 -0.9626 -0.2024
vn -0.0650 -0.9976 0.0233
vn -0.5436 -0.8229 0.1655
vn -0.2781 -0.9514 -0.1325
vn 0.4214 -0.7634 0.4896
vn -0.0860 -0.9618 0.2598
vn -0.5348 -0.7633 -0.3623
vn -0.2481 -0.9618 0.1154
vn -0.4465 0.7867 0.4264
vn -0.0001 0.5881 0.8088
vn -0.3723 0.7866 0.4925
vn -0.8034 0.5881 0.0931
vn 0.4787 0.1401 0.8667
vn -0.9160 0.1401 -0.3759
vn -0.1877 -0.3448 0.9197
vn -0.4591 -0.4272 0.7790
vn -0.8920 -0.3448 0.2922
vn -0.7210 -0.4272 0.5456
vn -0.7939 -0.4566 0.4016
vn -0.3076 -0.4566 0.8348
vn -0.5343 -0.8452 0.0136
vn 0.0480 -0.8452 0.5323
vn -0.6475 -0.7023 0.2959
vn -0.2195 -0.7023 0.6772
vn 0.3051 -0.9513 -0.0438
vn 0.0084 -0.9513 -0.3081
vn 0.0871 -0.9571 -0.2763
vn -0.3710 -0.8194 0.4370
vn -0.3973 -0.7900 0.4670
vn -0.2081 -0.9469 0.2451
vn -0.0224 -0.9996 0.0158
vn 0.1169 -0.9833 -0.1399
vn -0.5171 -0.6654 0.5384
vn -0.4544 -0.7381 0.4987
vn -0.3914 -0.8000 0.4548
vn 0.1472 -0.9615 -0.2322
vn 0.7445 0.4424 0.5000
vn 0.8000 0.4539 0.3923
vn 0.6266 0.4792 0.6146
vn 0.6243 0.3463 0.7002
vn 0.7600 0.3150 0.5686
vn 0.8204 0.3280 0.4683
vn -0.5823 0.4424 -0.6821
vn -0.6826 0.4792 -0.5518
vn -0.4817 0.4539 -0.7496
vn -0.5595 0.3280 -0.7611
vn -0.6521 0.3150 -0.6896
vn -0.7674 0.3463 -0.5397
vn 0.8359 0.4842 0.2585
vn 0.8768 0.3460 0.3339
vn 0.9273 0.3499 0.1329
vn 0.8666 0.4956 0.0585
vn -0.3528 0.4840 -0.8008
vn -0.1578 0.4956 -0.8541
vn -0.2387 0.3499 -0.9059
vn -0.4325 0.3460 -0.8326
vn 0.9040 0.2011 0.3772
vn 0.8297 0.2211 0.5125
vn 0.8341 0.1590 0.5282
vn 0.9156 0.1188 0.3842
vn 0.9782 0.0670 0.1965
vn 0.9692 0.1657 0.1823
vn -0.4786 0.2011 -0.8547
vn -0.4869 0.1186 -0.8654
vn -0.6207 0.1587 -0.7678
vn -0.6045 0.2211 -0.7653
vn -0.2925 0.1656 -0.9418
vn -0.3076 0.0670 -0.9491
vn 0.9225 0.0627 0.3810
vn 0.8408 0.1105 0.5300
vn 0.8482 0.0545 0.5269
vn 0.9247 0.0158 0.3804
vn 0.9801 -0.0260 0.1967
vn 0.9804 0.0077 0.1967
vn -0.4843 0.0624 -0.8727
vn -0.4842 0.0159 -0.8748
vn -0.6209 0.0545 -0.7820
vn -0.6232 0.1105 -0.7742
vn -0.3082 0.0077 -0.9513
vn -0.3079 -0.0259 -0.9511
vn 0.8483 0.4845 -0.2137
vn 0.9319 0.3442 -0.1146
vn 0.8294 0.2952 -0.4743
vn 0.7054 0.3766 -0.6004
vn 0.7825 0.1406 -0.6065
vn 0.9386 0.2947 -0.1793
vn 0.1148 0.4845 -0.8672
vn 0.5153 0.3767 -0.7698
vn 0.3758 0.2952 -0.8784
vn 0.0066 0.3442 -0.9389
vn 0.0701 0.2947 -0.9530
vn 0.5125 0.1406 -0.8471
vn 0.9898 0.1328 -0.0507
vn 0.9990 0.0076 -0.0447
vn 0.7901 -0.1246 -0.6001
vn 0.9052 0.0807 -0.4173
vn -0.0634 0.1328 -0.9891
vn -0.0705 0.0076 -0.9975
vn 0.3104 0.0807 -0.9472
vn 0.5053 -0.1246 -0.8539
vn 0.9965 -0.0604 -0.0586
vn 0.9936 -0.0910 -0.0665
vn 0.7847 -0.2334 -0.5742
vn 0.8062 -0.1827 -0.5627
vn -0.0564 -0.0604 -0.9966
vn -0.0481 -0.0910 -0.9947
vn 0.4663 -0.1828 -0.8656
vn 0.4802 -0.2334 -0.8456
vn 0.9946 -0.0748 -0.0717
vn 0.9787 -0.0173 0.2047
vn 0.9748 0.0465 0.2183
vn 0.9970 0.0141 -0.0765
vn 0.6975 -0.2147 -0.6837
vn 0.7467 -0.2634 -0.6107
vn -0.0429 -0.0751 -0.9963
vn -0.0386 0.0141 -0.9992
vn -0.3289 0.0465 -0.9432
vn -0.3158 -0.0173 -0.9487
vn 0.5208 -0.2634 -0.8120
vn 0.5990 -0.2147 -0.7714
vn 0.6427 -0.0025 -0.7661
vn 0.4473 -0.1226 -0.8859
vn 0.2832 -0.0699 -0.9565
vn 0.5126 0.0925 -0.8536
vn 0.6872 -0.0025 -0.7265
vn 0.8286 -0.1226 -0.5462
vn 0.7891 0.0925 -0.6073
vn 0.9176 -0.0700 -0.3913
vn 0.3463 -0.1323 -0.9288
vn 0.4487 -0.1119 -0.8867
vn 0.4553 -0.0386 -0.8895
vn 0.2983 -0.0490 -0.9532
vn 0.3992 -0.2041 -0.8939
vn 0.4248 -0.1939 -0.8842
vn 0.8828 -0.1323 -0.4508
vn 0.9126 -0.0490 -0.4059
vn 0.8312 -0.0386 -0.5546
vn 0.8292 -0.1118 -0.5477
vn 0.8295 -0.1939 -0.5237
vn 0.8420 -0.2041 -0.4993
vn 0.3765 -0.2734 -0.8852
vn 0.2654 -0.3724 -0.8893
vn 0.0616 -0.5636 -0.8237
vn 0.3343 -0.3339 -0.8813
vn 0.8360 -0.2734 -0.4757
vn 0.8529 -0.3724 -0.3659
vn 0.8371 -0.3339 -0.4334
vn 0.8112 -0.5637 -0.1559
vn 0.6057 -0.1172 -0.7871
vn 0.5874 -0.1942 -0.7856
vn 0.6526 -0.1943 -0.7324
vn 0.6602 -0.1228 -0.7410
vn 0.6644 -0.0506 -0.7457
vn 0.6182 -0.0459 -0.7846
vn 0.5313 -0.3707 -0.7618
vn 0.3711 -0.6824 -0.6298
vn 0.4799 -0.6925 -0.5386
vn 0.6162 -0.3768 -0.6916
vn 0.1238 -0.4276 -0.8954
vn -0.0075 -0.4147 -0.9099
vn -0.3205 -0.4596 -0.8283
vn -0.2364 -0.5006 -0.8328
vn 0.8753 -0.4276 -0.2260
vn 0.9048 -0.4147 -0.0971
vn 0.8544 -0.5006 0.1391
vn 0.8597 -0.4596 0.2231
vn 0.9906 0.1167 -0.0713
vn 0.9652 0.1169 0.2338
vn 0.9598 0.1349 0.2462
vn 0.9869 0.1494 -0.0603
vn 0.5526 -0.0027 -0.8335
vn 0.6277 -0.1146 -0.7700
vn -0.0431 0.1167 -0.9922
vn -0.0536 0.1494 -0.9873
vn -0.3549 0.1349 -0.9251
vn -0.3432 0.1169 -0.9320
vn 0.6927 -0.1146 -0.7120
vn 0.7644 -0.0027 -0.6447
vn 0.4261 0.1216 -0.8965
vn 0.5270 0.0595 -0.8478
vn 0.8415 0.1216 -0.5264
vn 0.7816 0.0595 -0.6210
vn 0.6447 -0.0063 -0.7644
vn 0.6650 -0.0263 -0.7464
vn 0.6619 -0.1004 -0.7429
vn 0.6941 -0.0629 -0.7171
vn -0.0159 -0.9975 0.0686
vn -0.0897 -0.9959 0.0080
vn 0.0174 -0.9996 -0.0225
vn -0.0275 -0.9988 -0.0406
vn -0.0483 -0.9987 0.0165
vn 0.1695 -0.9494 0.2643
vn 0.1445 -0.7309 0.6670
vn -0.0924 -0.8208 0.5637
vn -0.2267 -0.8444 0.4854
vn -0.0663 -0.9975 0.0237
vn 0.0434 -0.9988 0.0227
vn 0.0203 -0.9996 -0.0199
vn 0.0023 -0.9959 0.0901
vn -0.4561 -0.8444 0.2810
vn -0.5494 -0.8208 0.1567
vn -0.6792 -0.7309 -0.0669
vn -0.2820 -0.9494 -0.1380
vn -0.0108 -0.9987 0.0499
vn -0.3036 -0.9476 -0.0989
vn -0.0519 -0.9966 0.0638
vn -0.5770 -0.7940 0.1914
vn -0.3485 -0.8387 0.4185
vn 0.1332 -0.9476 0.2903
vn -0.0574 -0.9966 0.0589
vn -0.3757 -0.8387 0.3943
vn -0.1238 -0.7940 0.5952
vn 0.1638 -0.9465 0.2781
vn -0.0669 -0.7960 0.6016
vn -0.4219 -0.8461 0.3256
vn 0.0234 -0.9951 0.0959
vn -0.2951 -0.9465 -0.1307
vn -0.5900 -0.7959 0.1356
vn -0.0980 -0.9951 -0.0122
vn -0.2749 -0.8461 0.4566
vn -0.0453 -0.9984 0.0326
vn -0.5251 -0.8256 0.2066
vn -0.6564 -0.7533 0.0415
vn -0.2409 -0.9680 -0.0700
vn 0.0055 -1.0000 0.0029
vn 0.0579 -0.9983 -0.0032
vn -0.0272 -0.9984 0.0487
vn 0.0972 -0.9680 0.2313
vn 0.0342 -0.7533 0.6568
vn -0.1449 -0.8256 0.5453
vn -0.0035 -0.9983 -0.0579
vn -0.0035 -1.0000 -0.0051
vn -0.4927 -0.8416 -0.2213
vn -0.2478 -0.9647 0.0887
vn -0.7694 -0.6096 -0.1907
vn -0.6207 -0.7236 0.3020
vn 0.2764 -0.8416 0.4640
vn -0.0597 -0.9647 0.2563
vn -0.2287 -0.7236 0.6512
vn 0.2779 -0.6096 0.7424
vn -0.0371 -0.9165 0.3984
vn -0.3219 -0.7002 0.6373
vn -0.5409 -0.7986 0.2639
vn -0.0733 -0.9825 0.1710
vn -0.3914 -0.9165 0.0827
vn -0.5961 -0.7002 0.3929
vn -0.1615 -0.9825 0.0925
vn -0.2000 -0.7986 0.5677
vn -0.1823 -0.9804 -0.0753
vn -0.6364 -0.7657 -0.0931
vn -0.6924 -0.6414 -0.3304
vn -0.4957 -0.7603 -0.4198
vn -0.3882 -0.7885 -0.4772
vn -0.0449 -0.9923 -0.1156
vn 0.0958 -0.9804 0.1724
vn 0.4740 -0.7603 0.4442
vn 0.4078 -0.6414 0.6498
vn 0.1657 -0.7657 0.6215
vn 0.1200 -0.9923 0.0314
vn 0.5186 -0.7884 0.3307
vn -0.0368 -0.9886 -0.1458
vn 0.0349 -0.9974 -0.0630
vn -0.2751 -0.8460 -0.4567
vn -0.0744 -0.9458 -0.3162
vn 0.1491 -0.9886 0.0198
vn 0.0585 -0.9974 -0.0419
vn 0.3226 -0.9458 0.0376
vn 0.4853 -0.8460 0.2208
vn 0.0136 -0.9998 -0.0174
vn 0.0022 -0.9976 -0.0686
vn -0.0077 -0.9994 -0.0352
vn -0.0218 -0.9997 -0.0050
vn 0.0157 -0.9998 -0.0155
vn 0.0679 -0.9976 -0.0101
vn 0.0075 -0.9997 0.0211
vn 0.0359 -0.9994 0.0035
vn 0.0477 -0.9880 -0.1468
vn 0.0169 -0.9378 -0.3466
vn 0.0941 -0.9251 -0.3680
vn 0.1209 -0.9553 -0.2697
vn 0.1577 -0.9647 -0.2108
vn 0.0571 -0.9927 -0.1061
vn 0.1403 -0.9880 -0.0642
vn 0.3424 -0.9378 -0.0566
vn 0.0988 -0.9927 -0.0690
vn 0.1912 -0.9647 -0.1809
vn 0.2540 -0.9553 -0.1511
vn 0.3547 -0.9251 -0.1358
vn -0.0684 -0.7981 -0.5987
vn -0.3471 -0.6061 -0.7157
vn -0.6027 -0.1243 -0.7882
vn -0.1898 -0.6580 -0.7287
vn 0.0757 -0.8206 -0.5664
vn 0.0960 -0.8715 -0.4808
vn 0.6026 -0.7980 -0.0009
vn 0.7457 -0.6580 0.1047
vn 0.8523 -0.1243 0.5081
vn 0.7509 -0.6061 0.2625
vn 0.4666 -0.8715 -0.1506
vn 0.5540 -0.8206 -0.1403
vn 0.1528 -0.6387 -0.7541
vn -0.2570 -0.4611 -0.8493
vn -0.4190 -0.2965 -0.8582
vn -0.0582 -0.4823 -0.8741
vn 0.4569 -0.5810 -0.6736
vn 0.4253 -0.6837 -0.5930
vn 0.4399 -0.6903 -0.5745
vn 0.2982 -0.6750 -0.6749
vn -0.1057 -0.5548 -0.8252
vn 0.7316 -0.6387 -0.2384
vn 0.5402 -0.6837 -0.4907
vn 0.6166 -0.5810 -0.5313
vn 0.8750 -0.4823 -0.0427
vn 0.9007 -0.2965 0.3176
vn 0.8732 -0.4611 0.1576
vn 0.8319 -0.5548 0.0102
vn 0.6363 -0.6751 -0.3733
vn 0.5201 -0.6903 -0.5031
vn -0.6749 -0.1723 -0.7175
vn -0.6032 -0.2423 -0.7599
vn -0.8283 0.0225 -0.5598
vn -0.8625 0.0496 -0.5035
vn -0.8854 -0.0058 -0.4647
vn -0.7160 -0.1200 -0.6877
vn 0.7904 -0.1723 0.5879
vn 0.5994 0.0496 0.7989
vn 0.6514 0.0225 0.7584
vn 0.8242 -0.2423 0.5118
vn 0.7654 -0.1200 0.6322
vn 0.5634 -0.0058 0.8262
vn -0.4903 -0.3346 -0.8048
vn 0.0018 -0.6123 -0.7907
vn 0.0652 -0.6624 -0.7463
vn -0.3614 -0.4342 -0.8252
vn -0.7398 -0.0754 -0.6686
vn -0.7861 -0.0281 -0.6175
vn 0.8558 -0.3345 0.3946
vn 0.8612 -0.4342 0.2641
vn 0.7339 -0.6624 -0.1506
vn 0.7852 -0.6122 -0.0927
vn 0.7038 -0.0281 0.7099
vn 0.7492 -0.0754 0.6581
vn -0.2755 -0.5450 -0.7919
vn -0.6861 -0.1007 -0.7205
vn 0.0748 -0.7460 -0.6617
vn 0.8183 -0.5450 0.1826
vn 0.6488 -0.7459 -0.1504
vn 0.7946 -0.1006 0.5987
vn 0.1622 -0.9048 -0.3938
vn 0.1780 -0.8617 -0.4752
vn 0.3003 -0.8765 -0.3763
vn 0.2456 -0.9187 -0.3092
vn 0.3725 -0.9048 -0.2064
vn 0.4516 -0.8617 -0.2314
vn 0.2789 -0.9188 -0.2795
vn 0.3393 -0.8765 -0.3415
vn 0.1117 -0.9858 -0.1257
vn 0.2304 -0.9514 -0.2045
vn 0.3336 -0.9196 -0.2076
vn 0.3265 -0.9348 -0.1400
vn 0.3020 -0.9527 -0.0331
vn 0.0256 -0.9983 -0.0531
vn 0.1120 -0.9858 -0.1254
vn 0.1767 -0.9514 -0.2524
vn 0.0498 -0.9983 -0.0315
vn -0.0015 -0.9527 -0.3039
vn 0.1016 -0.9348 -0.3404
vn 0.1679 -0.9196 -0.3552
vn 0.2307 -0.7901 -0.5680
vn 0.3011 -0.7102 -0.6363
vn 0.4408 -0.7096 -0.5497
vn 0.3750 -0.7995 -0.4692
vn 0.5377 -0.7901 -0.2944
vn 0.4230 -0.7995 -0.4264
vn 0.4954 -0.7096 -0.5011
vn 0.5975 -0.7102 -0.3723
vn 0.3366 -0.6833 -0.6479
vn 0.4547 -0.6834 -0.5711
vn 0.6050 -0.6833 -0.4088
vn 0.5150 -0.6834 -0.5173
vn 0.9876 -0.0540 -0.1473
vn 0.9937 -0.0092 0.1120
vn 0.9703 -0.2393 0.0345
vn 0.8704 -0.4283 -0.2429
vn 0.5344 -0.1411 -0.8334
vn 0.4793 0.3281 -0.8140
vn 0.9544 0.2796 -0.1041
vn 0.9629 0.2209 0.1552
vn 0.0328 -0.0540 -0.9980
vn 0.7664 -0.1411 -0.6266
vn 0.1412 -0.4283 -0.8926
vn -0.1458 -0.2393 -0.9599
vn -0.2255 -0.0092 -0.9742
vn -0.2649 0.2209 -0.9386
vn -0.0064 0.2797 -0.9601
vn 0.7535 0.3281 -0.5697
vn 0.7091 -0.5997 -0.3708
vn 0.9175 -0.3905 -0.0750
vn 0.8426 -0.5106 -0.1710
vn 0.5931 -0.6610 -0.4596
vn 0.2868 -0.5997 -0.7470
vn -0.0310 -0.3906 -0.9201
vn 0.3884 -0.6610 -0.6421
vn 0.0730 -0.5106 -0.8567
vn 0.5609 -0.6781 -0.4749
vn 0.7758 -0.5905 -0.2222
vn 0.7200 -0.6499 -0.2434
vn 0.5571 -0.7064 -0.4365
vn 0.4073 -0.6781 -0.6118
vn 0.3691 -0.7067 -0.6036
vn 0.1590 -0.6499 -0.7432
vn 0.1316 -0.5905 -0.7962
vn 0.5017 -0.7898 -0.3529
vn 0.6334 -0.7423 -0.2186
vn 0.5331 -0.8225 -0.1983
vn 0.4196 -0.8636 -0.2797
vn 0.2928 -0.7898 -0.5389
vn 0.2296 -0.8636 -0.4489
vn 0.1356 -0.8225 -0.5524
vn 0.1443 -0.7423 -0.6543
vn 0.3446 -0.9043 -0.2521
vn 0.4434 -0.8701 -0.2151
vn 0.2108 -0.9043 -0.3713
vn 0.1627 -0.8701 -0.4652
vn 0.8462 -0.5207 0.1130
vn 0.7594 -0.6493 0.0412
vn 0.9010 -0.4092 0.1438
vn 0.8388 -0.0572 0.5414
vn 0.8540 -0.0681 0.5158
vn 0.9056 -0.1147 0.4083
vn -0.2096 -0.5207 -0.8276
vn -0.2464 -0.4092 -0.8785
vn -0.1282 -0.6493 -0.7496
vn -0.5097 -0.1147 -0.8527
vn -0.6105 -0.0681 -0.7890
vn -0.6342 -0.0572 -0.7711
vn 0.8479 -0.3918 0.3573
vn 0.7784 -0.6073 0.1591
vn 0.8917 0.1236 0.4354
vn 0.8603 0.1657 0.4820
vn 0.8237 -0.3188 0.4690
vn 0.5203 -0.8018 0.2940
vn 0.4847 -0.8610 0.1543
vn -0.4524 -0.3918 -0.8012
vn -0.5605 -0.3188 -0.7643
vn -0.5777 0.1657 -0.7992
vn -0.5350 0.1236 -0.8358
vn -0.2475 -0.6074 -0.7549
vn -0.2090 -0.8610 -0.4637
vn -0.3519 -0.8018 -0.4830
vn 0.6009 -0.7951 -0.0817
vn 0.0121 -0.7951 -0.6063
vn 0.6755 0.5959 0.4343
vn 0.4474 0.8061 0.3874
vn 0.2896 0.6772 0.6765
vn 0.5634 0.5606 0.6068
vn 0.6505 0.4350 0.6226
vn 0.7554 0.3668 0.5430
vn 0.7408 0.5704 0.3549
vn 0.5208 0.8118 0.2641
vn -0.5090 0.5959 -0.6211
vn -0.6262 0.3668 -0.6879
vn -0.6933 0.4350 -0.5746
vn -0.6676 0.5606 -0.4899
vn -0.7053 0.6772 -0.2099
vn -0.4362 0.8061 -0.3998
vn -0.3222 0.8118 -0.4870
vn -0.4377 0.5704 -0.6951
vn 0.7604 0.5194 0.3898
vn 0.5517 0.7806 0.2938
vn 0.7457 0.4297 0.5093
vn 0.5468 0.7136 0.4380
vn -0.4746 0.5194 -0.7106
vn -0.3553 0.7806 -0.5143
vn -0.4980 0.7135 -0.4928
vn -0.5916 0.4297 -0.6822
vn 0.6772 0.2859 0.6780
vn 0.6327 0.1785 0.7535
vn 0.3540 0.3878 0.8510
vn 0.4586 0.5560 0.6932
vn -0.7514 0.2859 -0.5947
vn -0.8213 0.1785 -0.5419
vn -0.7413 0.5560 -0.3759
vn -0.8861 0.3879 -0.2538
vn 0.9268 -0.3238 0.1902
vn 0.8526 -0.0446 0.5207
vn 0.9477 -0.2358 0.2151
vn 0.8745 -0.0158 0.4848
vn -0.2954 -0.3238 -0.8988
vn -0.6152 -0.0446 -0.7871
vn -0.5821 -0.0159 -0.8129
vn -0.3226 -0.2358 -0.9167
vn 0.9718 0.0118 0.2357
vn 0.8891 0.0123 0.4575
vn 0.8915 -0.0146 0.4529
vn 0.9687 -0.1243 0.2151
vn 0.9402 0.2009 0.2750
vn 0.8683 0.1286 0.4791
vn -0.3459 0.0118 -0.9382
vn -0.3250 -0.1243 -0.9375
vn -0.5523 -0.0146 -0.8335
vn -0.5567 0.0123 -0.8306
vn -0.5758 0.1286 -0.8074
vn -0.3813 0.2009 -0.9024
vn 0.9079 0.2660 0.3241
vn 0.8398 0.1806 0.5120
vn 0.9366 0.2918 0.1940
vn 0.9451 0.2325 0.2298
vn 0.9086 0.2054 0.3638
vn 0.8345 0.1284 0.5358
vn -0.4264 0.2660 -0.8645
vn -0.3005 0.2918 -0.9081
vn -0.6051 0.1806 -0.7754
vn -0.6282 0.1284 -0.7674
vn -0.4659 0.2054 -0.8607
vn -0.3369 0.2325 -0.9124
vn 0.7213 -0.0389 0.6915
vn 0.8387 0.0746 0.5394
vn 0.8419 0.0716 0.5348
vn 0.7407 -0.0225 0.6715
vn 0.5834 -0.1738 0.7934
vn 0.5636 -0.1954 0.8026
vn 0.5492 -0.1592 0.8204
vn 0.7091 -0.0031 0.7051
vn -0.7698 -0.0389 -0.6370
vn -0.8621 -0.1954 -0.4676
vn -0.8552 -0.1738 -0.4883
vn -0.7522 -0.0225 -0.6586
vn -0.6281 0.0716 -0.7749
vn -0.6323 0.0746 -0.7711
vn -0.7819 -0.0030 -0.6234
vn -0.8781 -0.1592 -0.4512
vn 0.7150 0.0458 0.6977
vn 0.5486 -0.1061 0.8293
vn 0.5559 -0.1139 0.8234
vn 0.7366 0.0177 0.6761
vn -0.7752 0.0459 -0.6300
vn -0.8868 -0.1061 -0.4497
vn -0.7563 0.0177 -0.6540
vn -0.8819 -0.1139 -0.4575
vn 0.7468 -0.0140 0.6649
vn 0.5512 -0.0748 0.8310
vn 0.5268 0.1230 0.8410
vn 0.7469 0.0748 0.6607
vn -0.7463 -0.0140 -0.6654
vn -0.8889 -0.0748 -0.4520
vn -0.7422 0.0748 -0.6660
vn -0.8960 0.1230 -0.4267
vn 0.7419 0.1574 0.6518
vn 0.8882 0.0072 0.4593
vn 0.4770 0.2910 0.8293
vn 0.4143 0.3217 0.8514
vn 0.7188 0.1470 0.6795
vn -0.7328 0.1574 -0.6620
vn -0.8787 0.2910 -0.3785
vn -0.5584 0.0072 -0.8295
vn -0.7576 0.1471 -0.6359
vn -0.8934 0.3217 -0.3137
vn 0.6671 0.1411 0.7315
vn 0.3548 0.3278 0.8756
vn -0.8033 0.1411 -0.5786
vn -0.9106 0.3278 -0.2518
vn -0.0426 0.4857 0.8731
vn -0.0070 0.5806 0.8142
vn -0.0089 0.4633 0.8861
vn -0.4533 0.5408 0.7086
vn -0.4789 0.5611 0.6752
vn -0.4479 0.6744 0.5870
vn -0.8624 0.4857 0.1428
vn -0.8792 0.4633 0.1107
vn -0.8080 0.5806 0.1006
vn -0.5316 0.6745 0.5124
vn -0.6157 0.5611 0.5533
vn -0.6518 0.5408 0.5317
vn -0.5779 -0.5728 0.5814
vn -0.7209 -0.5207 0.4573
vn -0.3274 -0.4014 0.8554
vn -0.2911 -0.3164 0.9028
vn -0.6747 -0.7309 0.1026
vn -0.8441 -0.5362 -0.0046
vn -0.5111 -0.5728 0.6409
vn -0.8634 -0.3165 0.3930
vn -0.8121 -0.4014 0.4236
vn -0.3714 -0.5207 0.7687
vn 0.1016 -0.5362 0.8380
vn -0.0244 -0.7309 0.6820
vn 0.1605 -0.1138 0.9805
vn 0.2096 -0.2144 0.9540
vn 0.5930 -0.0629 0.8028
vn 0.5638 0.0005 0.8259
vn 0.5379 0.0669 0.8403
vn 0.1753 -0.0310 0.9840
vn -0.9924 -0.1138 -0.0467
vn -0.8852 0.0005 -0.4651
vn -0.8656 -0.0629 -0.4968
vn -0.9718 -0.2144 -0.0985
vn -0.9977 -0.0310 -0.0610
vn -0.8966 0.0669 -0.4377
vn 0.2591 -0.3196 0.9115
vn 0.5987 -0.1226 0.7916
vn -0.2688 -0.5260 0.8069
vn -0.2297 -0.6082 0.7598
vn 0.2744 -0.3894 0.8792
vn -0.9352 -0.3196 -0.1526
vn -0.7706 -0.5260 0.3598
vn -0.8551 -0.1226 -0.5037
vn -0.9049 -0.3894 -0.1715
vn -0.7284 -0.6082 0.3155
vn 0.2798 -0.4155 0.8655
vn -0.2055 -0.6545 0.7276
vn -0.2010 -0.6667 0.7177
vn 0.2737 -0.3932 0.8778
vn -0.8920 -0.4154 -0.1785
vn -0.6992 -0.6545 0.2878
vn -0.9034 -0.3932 -0.1710
vn -0.6898 -0.6667 0.2822
vn 0.2477 -0.3661 0.8970
vn -0.2203 -0.6568 0.7211
vn -0.2753 -0.6085 0.7443
vn 0.2008 -0.3628 0.9100
vn -0.9195 -0.3661 -0.1430
vn -0.6910 -0.6568 0.3018
vn -0.9270 -0.3628 -0.0949
vn -0.7077 -0.6085 0.3591
vn 0.1420 -0.2163 0.9659
vn -0.3909 -0.3500 0.8513
vn -0.4589 0.1523 0.8753
vn 0.0899 0.1416 0.9858
vn -0.9759 -0.2163 -0.0300
vn -0.8007 -0.3500 0.4861
vn -0.9896 0.1416 0.0240
vn -0.8168 0.1523 0.5565
vn -0.6929 -0.5901 0.4144
vn -0.8492 -0.5270 -0.0333
vn -0.8202 -0.5703 -0.0457
vn -0.6488 -0.6588 0.3807
vn -0.3320 -0.5901 0.7359
vn -0.3036 -0.6588 0.6883
vn 0.1398 -0.5703 0.8095
vn 0.1307 -0.5270 0.8397
vn -0.6112 -0.7113 0.3471
vn -0.7845 -0.6179 -0.0528
vn -0.7657 -0.6420 -0.0393
vn -0.5898 -0.7355 0.3333
vn -0.2745 -0.7113 0.6470
vn -0.2633 -0.7355 0.6242
vn 0.1271 -0.6420 0.7561
vn 0.1426 -0.6179 0.7732
vn -0.5768 -0.7324 0.3617
vn -0.7627 -0.6466 0.0128
vn -0.8027 -0.5898 0.0889
vn -0.6053 -0.6687 0.4318
vn -0.2930 -0.7325 0.6145
vn 0.0750 -0.6466 0.7591
vn -0.3594 -0.6687 0.6509
vn 0.0040 -0.5898 0.8076
vn -0.8258 -0.4741 -0.3054
vn -0.8060 -0.4665 -0.3643
vn -0.7400 -0.2533 -0.6231
vn -0.7844 -0.2625 -0.5620
vn -0.8302 -0.2491 -0.4987
vn -0.8706 -0.4293 -0.2405
vn 0.3984 -0.4741 0.7852
vn 0.6485 -0.2625 0.7145
vn 0.7040 -0.2533 0.6635
vn 0.4545 -0.4665 0.7588
vn 0.3390 -0.4293 0.8372
vn 0.5908 -0.2491 0.7674
vn -0.7994 -0.4533 -0.3943
vn -0.8075 -0.4347 -0.3988
vn -0.6803 -0.3228 -0.6580
vn -0.7017 -0.2737 -0.6578
vn 0.4836 -0.4533 0.7488
vn 0.4890 -0.4347 0.7563
vn 0.7341 -0.2737 0.6215
vn 0.7318 -0.3228 0.6002
vn -0.8143 -0.4335 -0.3859
vn -0.7917 -0.4940 -0.3595
vn -0.6520 -0.4635 -0.6001
vn -0.6739 -0.3826 -0.6320
vn 0.4770 -0.4335 0.7646
vn 0.4481 -0.4940 0.7451
vn 0.7053 -0.3826 0.5968
vn 0.6711 -0.4635 0.5787
vn -0.6429 -0.7049 -0.2997
vn -0.2793 -0.9456 -0.1667
vn -0.2277 -0.8775 -0.4221
vn -0.5337 -0.6376 -0.5555
vn 0.3716 -0.7049 0.6042
vn 0.1977 -0.9456 0.2583
vn 0.6132 -0.6376 0.4663
vn 0.4455 -0.8775 0.1777
vn -0.7645 0.5516 -0.3336
vn -0.6586 0.6087 -0.4425
vn -0.6827 0.5048 -0.5283
vn -0.7590 0.4504 -0.4702
vn -0.8256 0.3917 -0.4063
vn -0.8298 0.4714 -0.2989
vn -0.7339 0.6792 -0.0130
vn -0.7147 0.6994 0.0069
vn -0.6973 0.7006 -0.1515
vn 0.4193 0.5516 0.7211
vn 0.3923 0.4713 0.7899
vn 0.4985 0.3917 0.7734
vn 0.5544 0.4504 0.6999
vn 0.6033 0.5048 0.6174
vn 0.5152 0.6087 0.6033
vn 0.2307 0.7006 0.6753
vn 0.0753 0.6994 0.7107
vn 0.0974 0.6792 0.7275
vn -0.5421 0.6250 -0.5616
vn -0.5311 0.5798 -0.6178
vn -0.6515 0.2216 -0.7256
vn -0.6431 0.4346 -0.6306
vn -0.4657 0.8054 -0.3666
vn -0.4100 0.7971 -0.4432
vn 0.6202 0.6250 0.4740
vn 0.7003 0.4346 0.5663
vn 0.7956 0.2216 0.5638
vn 0.6748 0.5798 0.4566
vn 0.4874 0.7972 0.3563
vn 0.4177 0.8054 0.4204
vn -0.7613 0.2761 -0.5866
vn -0.7627 0.0094 -0.6467
vn -0.8923 -0.1137 -0.4370
vn -0.8798 0.1768 -0.4412
vn 0.6702 0.2761 0.6889
vn 0.5394 0.1768 0.8233
vn 0.5367 -0.1137 0.8361
vn 0.7301 0.0094 0.6833
vn -0.9482 0.1800 -0.2617
vn -0.9697 -0.1572 -0.1868
vn -0.9464 -0.1841 0.2653
vn -0.9454 0.3118 0.0949
vn 0.3690 0.1800 0.9118
vn 0.0145 0.3118 0.9500
vn -0.1548 -0.1842 0.9706
vn 0.2971 -0.1572 0.9418
vn -0.5209 0.4255 0.7400
vn -0.2057 0.7035 0.6803
vn -0.3751 -0.0417 0.9261
vn -0.4966 0.2602 0.8281
vn -0.6752 0.4255 0.6026
vn -0.6521 0.7035 0.2826
vn -0.7655 0.2602 0.5885
vn -0.8768 -0.0417 0.4791
vn -0.3893 0.7487 0.5365
vn -0.7862 0.5954 0.1655
vn -0.4881 0.7487 0.4485
vn -0.0740 0.5953 0.8001
vn -0.9255 0.2193 -0.3089
vn -0.9043 0.3657 -0.2203
vn -0.9770 -0.0041 -0.2133
vn -0.9988 0.0451 0.0197
vn 0.4132 0.2194 0.8838
vn 0.3227 0.3657 0.8730
vn 0.0952 0.0450 0.9944
vn 0.3242 -0.0041 0.9460
vn -0.8128 0.5822 -0.0190
vn -0.8648 0.4777 0.1548
vn -0.6792 0.7057 0.2016
vn -0.6828 0.7260 0.0826
vn 0.1124 0.5822 0.8053
vn -0.0544 0.4776 0.8769
vn -0.0035 0.7260 0.6877
vn -0.1221 0.7057 0.6979
vn -0.8414 0.4015 0.3618
vn -0.6877 0.6715 0.2759
vn -0.9291 -0.0210 0.3693
vn -0.8341 -0.0704 0.5472
vn -0.7578 0.3721 0.5360
vn -0.6034 0.6518 0.4594
vn -0.2627 0.4015 0.8774
vn -0.2601 -0.0210 0.9654
vn -0.1947 0.6714 0.7151
vn -0.3869 0.6518 0.6523
vn -0.4454 0.3721 0.8143
vn -0.4476 -0.0704 0.8914
vn -0.6677 0.7229 0.1777
vn -0.5607 0.8272 0.0378
vn -0.5956 0.6943 0.4039
vn -0.3490 0.8291 0.4369
vn -0.0997 0.7229 0.6837
vn 0.0269 0.8272 0.5613
vn -0.3939 0.8291 0.3969
vn -0.3327 0.6943 0.6381
vn -0.3748 0.6080 0.6999
vn -0.2426 0.5372 0.8078
vn -0.6275 0.2566 0.7351
vn -0.5135 0.6079 0.6056
vn -0.6522 0.6080 0.4528
vn -0.5426 0.6079 0.5797
vn -0.6581 0.2566 0.7078
vn -0.7745 0.5373 0.3338
vn -0.6225 0.6092 0.4914
vn -0.7592 0.5276 0.3811
vn -0.3226 0.6537 0.6845
vn -0.2666 0.6971 0.6656
vn -0.4166 0.6091 0.6748
vn -0.6305 0.6971 0.3413
vn -0.6429 0.6537 0.3992
vn -0.2913 0.5276 0.7980
vn -0.0305 0.7232 0.6899
vn -0.1222 0.6742 0.7284
vn -0.0482 0.7077 0.7048
vn 0.0639 0.7233 0.6876
vn 0.0713 0.8163 0.5732
vn -0.6818 0.7232 0.1096
vn -0.6903 0.7233 0.0156
vn -0.6946 0.7077 0.1289
vn -0.7095 0.6742 0.2052
vn -0.5776 0.8163 -0.0049
vn -0.4226 0.3706 0.8271
vn -0.3524 -0.0207 0.9356
vn -0.7730 0.3706 0.5149
vn -0.8889 -0.0207 0.4577
vn -0.7876 -0.4014 0.4675
vn -0.8479 -0.0389 0.5287
vn -0.5715 -0.4329 0.6971
vn -0.3702 -0.3962 0.8402
vn -0.3634 -0.0831 0.9279
vn -0.3738 -0.4014 0.8362
vn -0.6269 -0.4329 0.6478
vn -0.4277 -0.0389 0.9031
vn -0.8800 -0.0830 0.4677
vn -0.7921 -0.3962 0.4643
vn -0.7347 0.3509 0.5806
vn -0.3695 0.3586 0.8573
vn -0.4924 0.3509 0.7965
vn -0.8091 0.3586 0.4656
vn -0.1752 0.3853 0.9060
vn -0.1679 -0.0300 0.9853
vn 0.2060 0.0271 0.9782
vn 0.0407 0.4564 0.8888
vn -0.8799 0.3853 0.2781
vn -0.8876 0.4564 0.0618
vn -0.9954 0.0271 -0.0921
vn -0.9595 -0.0300 0.2801
vn 0.1957 0.5640 0.8022
vn 0.4181 0.3118 0.8532
vn -0.8194 0.5640 -0.1022
vn -0.8956 0.3118 -0.3173
vn 0.1851 0.9265 0.3275
vn -0.1012 0.9872 0.1233
vn 0.2636 0.9525 0.1525
vn 0.0063 0.9998 -0.0181
vn -0.3466 0.9265 -0.1462
vn -0.1109 0.9872 0.1147
vn 0.0172 0.9998 -0.0083
vn -0.1818 0.9525 -0.2443
vn -0.3535 0.9262 -0.1313
vn -0.2306 0.9454 -0.2305
vn 0.1710 0.9262 0.3360
vn 0.2555 0.9453 0.2026
vn -0.5908 0.5096 -0.6255
vn -0.4592 0.7621 -0.4564
vn -0.5797 0.6984 -0.4197
vn -0.6902 0.4105 -0.5959
vn -0.6468 0.1493 -0.7479
vn 0.6893 0.5096 0.5150
vn 0.6713 0.4105 0.6171
vn 0.4835 0.6984 0.5276
vn 0.5062 0.7621 0.4037
vn 0.8173 0.1493 0.5566
vn -0.2491 0.9375 -0.2428
vn -0.3670 0.9110 -0.1883
vn 0.0129 0.9997 -0.0207
vn -0.0606 0.9950 0.0797
vn 0.2698 0.9375 0.2196
vn 0.2292 0.9110 0.3429
vn -0.0722 0.9950 0.0694
vn 0.0191 0.9997 -0.0152
vn 0.5203 0.1413 0.8422
vn 0.4615 -0.0290 0.8866
vn -0.7203 0.3039 0.6235
vn 0.0395 0.5867 0.8088
vn -0.8965 0.1414 -0.4200
vn -0.9338 -0.0290 -0.3566
vn -0.8080 0.5867 0.0538
vn -0.5366 0.3039 0.7872
vn -0.4315 0.7855 0.4436
vn -0.6076 0.7411 0.2856
vn 0.1669 0.6665 0.7266
vn 0.1383 0.6849 0.7154
vn -0.3911 0.7854 0.4797
vn -0.7266 0.6849 -0.0551
vn -0.7410 0.6665 -0.0822
vn -0.2138 0.7411 0.6364
vn 0.1437 0.7878 0.5989
vn -0.2708 0.8980 0.3468
vn 0.2727 0.9134 0.3021
vn -0.6115 0.7878 -0.0739
vn -0.3315 0.9134 -0.2362
vn -0.3133 0.8980 0.3088
vn -0.6157 0.7880 0.0042
vn -0.7834 0.5817 0.2190
vn -0.9120 0.3920 -0.1206
vn -0.7862 0.5512 -0.2795
vn 0.0667 0.7880 0.6121
vn 0.3680 0.5512 0.7488
vn 0.2246 0.3920 0.8921
vn -0.1275 0.5817 0.8034
vn -0.8222 0.2727 -0.4996
vn -0.8929 0.1806 -0.4124
vn 0.5908 0.2727 0.7593
vn 0.5123 0.1806 0.8396
vn -0.5589 -0.3695 -0.7423
vn -0.6388 -0.2837 -0.7152
vn 0.8017 -0.3695 0.4699
vn 0.7839 -0.2837 0.5523
vn -0.7163 -0.3182 -0.6210
vn -0.8418 -0.3563 -0.4055
vn 0.6993 -0.3182 0.6401
vn 0.4996 -0.3563 0.7896
vn -0.9082 0.1696 -0.3825
vn -0.9353 0.3491 -0.0572
vn -0.9259 0.3764 -0.0314
vn -0.9130 0.1989 -0.3561
vn 0.4844 0.1696 0.8582
vn 0.1643 0.3491 0.9226
vn 0.4588 0.1989 0.8660
vn 0.1376 0.3764 0.9162
vn -0.8070 0.4984 0.3168
vn -0.7836 0.5073 0.3586
vn -0.2220 0.4984 0.8381
vn -0.2661 0.5073 0.8197
vn 0.0432 0.4011 0.9150
vn -0.4391 0.4746 0.7629
vn -0.9139 0.4011 0.0623
vn -0.7071 0.4749 0.5239
vn -0.7520 -0.3729 0.5435
vn -0.9384 -0.3132 0.1458
vn -0.9850 0.1334 0.1099
vn -0.8282 0.1595 0.5373
vn -0.4534 -0.3729 0.8095
vn -0.0369 -0.3132 0.9490
vn -0.4385 0.1595 0.8844
vn 0.0041 0.1334 0.9911
vn -0.9513 -0.2225 -0.2132
vn -0.8745 -0.1454 -0.4628
vn -0.9679 0.0702 -0.2412
vn 0.3211 -0.2225 0.9205
vn 0.5603 -0.1454 0.8155
vn 0.3509 0.0702 0.9338
vn -0.7770 0.4694 0.4195
vn -0.9294 0.3685 0.0201
vn -0.3274 0.4694 0.8200
vn 0.0869 0.3685 0.9256
vn -0.9294 0.2095 -0.3040
vn 0.4088 0.2095 0.8883
vn 0.7309 -0.3445 0.5892
vn 0.7682 -0.0474 0.6384
vn 0.5902 -0.1343 0.7960
vn 0.5519 -0.3631 0.7508
vn 0.4450 -0.6364 0.6301
vn 0.4827 -0.7638 0.4286
vn -0.6693 -0.3445 -0.6583
vn -0.8092 -0.3631 -0.4619
vn -0.8585 -0.1344 -0.4948
vn -0.7225 -0.0474 -0.6897
vn -0.4812 -0.7638 -0.4302
vn -0.6772 -0.6364 -0.3692
vn 0.7121 0.2066 0.6710
vn 0.6019 0.3825 0.7010
vn 0.5512 0.3341 0.7646
vn 0.5907 0.1349 0.7956
vn -0.7484 0.2066 -0.6302
vn -0.7655 0.3825 -0.5173
vn -0.8582 0.1349 -0.4953
vn -0.8228 0.3341 -0.4596
vn 0.4466 0.1624 0.8799
vn 0.3834 -0.1550 0.9105
vn 0.4560 0.4260 0.7814
vn 0.1112 0.3110 0.9439
vn -0.0606 -0.1760 0.9825
vn -0.9254 0.1624 -0.3425
vn -0.8286 0.4260 -0.3631
vn -0.9485 -0.1550 -0.2762
vn -0.9690 -0.1760 0.1731
vn -0.9504 0.3110 -0.0019
vn 0.3281 -0.3743 0.8673
vn -0.1480 -0.4069 0.9014
vn -0.2118 -0.7933 0.5708
vn 0.1999 -0.7600 0.6184
vn -0.8993 -0.3743 -0.2262
vn -0.6372 -0.7600 -0.1275
vn -0.5427 -0.7933 0.2760
vn -0.8784 -0.4069 0.2506
vn -0.1925 -0.9805 -0.0398
vn -0.0677 -0.9635 0.2589
vn -0.0372 -0.9978 -0.0540
vn -0.7577 -0.2982 0.5804
vn -0.6374 -0.6620 0.3943
vn -0.8447 -0.0207 0.5349
vn -0.3020 -0.3354 0.8924
vn -0.1286 -0.7106 0.6917
vn -0.4895 -0.2982 0.8194
vn -0.4342 -0.0207 0.9006
vn -0.3184 -0.6620 0.6785
vn -0.6723 -0.7107 0.2074
vn -0.8517 -0.3354 0.4026
vn 0.0617 -0.9805 0.1867
vn 0.0579 -0.9978 0.0308
vn -0.2494 -0.9635 0.0970
vn 0.0867 -0.9962 -0.0057
vn -0.0049 -0.9985 -0.0537
vn -0.0043 -0.9962 -0.0867
vn 0.0539 -0.9985 -0.0013
vn -0.0283 -0.9994 -0.0212
vn 0.0244 -0.9994 0.0257
vn 0.4312 -0.7651 0.4782
vn -0.0380 -0.9565 0.2894
vn 0.4673 -0.5366 0.7026
vn -0.5246 -0.7651 -0.3733
vn -0.7517 -0.5366 -0.3835
vn -0.2831 -0.9565 0.0711
vn -0.1588 -0.3435 0.9256
vn 0.1369 -0.3012 0.9437
vn -0.9012 -0.3435 0.2642
vn -0.9532 -0.3011 -0.0275
vn 0.4444 -0.2585 0.8577
vn -0.9031 -0.2586 -0.3428
vn -0.6085 0.4594 0.6470
vn -0.5727 0.4595 0.6789
vn 0.4739 0.4984 0.7260
vn -0.7756 0.4984 -0.3873
vn 0.2913 0.9429 0.1617
vn -0.1941 0.9429 -0.2708
vn -0.5586 -0.1295 -0.8193
vn -0.6136 -0.0599 -0.7874
vn -0.5117 -0.2593 -0.8191
vn -0.4186 -0.2463 -0.8741
vn -0.4813 -0.0672 -0.8740
vn -0.5204 0.0395 -0.8530
vn 0.8781 -0.1295 0.4607
vn 0.8725 -0.2593 0.4142
vn 0.8527 -0.0599 0.5190
vn 0.9072 0.0395 0.4189
vn 0.9235 -0.0672 0.3776
vn 0.9165 -0.2462 0.3153
vn -0.6657 -0.0551 -0.7441
vn -0.5392 0.0736 -0.8390
vn -0.5473 0.0518 -0.8353
vn -0.7072 -0.0724 -0.7033
vn 0.8157 -0.0551 0.5758
vn 0.8954 0.0735 0.4392
vn 0.7800 -0.0724 0.6216
vn 0.8927 0.0518 0.4476
vn -0.7269 -0.0888 -0.6809
vn -0.5233 -0.0824 -0.8481
vn 0.7600 -0.0888 0.6438
vn 0.9027 -0.0824 0.4224
vn -0.3323 0.1734 -0.9271
vn -0.3535 0.1124 -0.9287
vn 0.4574 0.3109 -0.8332
vn 0.4436 0.3937 -0.8051
vn -0.3023 0.1505 -0.9413
vn 0.9591 0.1734 0.2235
vn 0.7488 0.3937 -0.5332
vn 0.7751 0.3109 -0.5501
vn 0.9631 0.1124 0.2444
vn 0.9698 0.1505 0.1921
vn 0.9811 0.1843 -0.0584
vn 0.9567 0.1554 0.2459
vn 0.9564 0.2845 -0.0660
vn 0.4967 0.1464 -0.8555
vn -0.0548 0.1843 -0.9813
vn -0.0444 0.2845 -0.9576
vn -0.3543 0.1554 -0.9221
vn 0.7927 0.1464 -0.5917
vn 0.9320 0.3525 -0.0849
vn -0.0227 0.3525 -0.9355
vn -0.2346 -0.1220 -0.9644
vn 0.9850 -0.1220 0.1222
vn 0.9221 0.0042 0.3869
vn 0.8523 0.0229 0.5225
vn 0.8519 0.0445 0.5218
vn 0.9182 0.0473 0.3933
vn -0.4904 0.0042 -0.8715
vn -0.4963 0.0473 -0.8669
vn -0.6163 0.0445 -0.7863
vn -0.6171 0.0230 -0.7866
vn 0.9139 0.1003 0.3932
vn 0.8464 0.0753 0.5271
vn 0.9142 0.1142 0.3888
vn -0.4957 0.1003 -0.8627
vn -0.4913 0.1142 -0.8635
vn -0.6210 0.0753 -0.7802
vn 0.9149 0.1335 0.3810
vn -0.4837 0.1335 -0.8650
vn 0.4941 0.4980 0.7127
vn 0.4501 0.3676 0.8138
vn -0.7647 0.4980 -0.4089
vn -0.8601 0.3676 -0.3537
vn 0.3871 0.2427 0.8895
vn 0.3169 0.1529 0.9361
vn 0.5656 0.1772 0.8054
vn 0.5996 0.2386 0.7639
vn -0.9281 0.2427 -0.2822
vn -0.9663 0.1529 -0.2072
vn -0.8277 0.2386 -0.5078
vn -0.8651 0.1772 -0.4693
vn 0.2412 0.0655 0.9683
vn 0.5393 0.1300 0.8320
vn -0.9896 0.0655 -0.1283
vn -0.8885 0.1300 -0.4401
vn 0.7678 0.0345 0.6397
vn 0.7713 0.0182 0.6362
vn 0.7572 0.0824 0.6480
vn -0.7238 0.0345 -0.6892
vn -0.7207 0.0181 -0.6930
vn -0.7308 0.0824 -0.6776
vn 0.7603 0.0071 0.6496
vn -0.7327 0.0071 -0.6806
vn 0.7490 0.1379 0.6480
vn 0.7501 0.1742 0.6380
vn -0.7298 0.1379 -0.6696
vn -0.7200 0.1742 -0.6718
vn 0.7576 0.2219 0.6138
vn -0.6969 0.2218 -0.6820
vn -0.3355 -0.0156 -0.9419
vn -0.2566 -0.1995 -0.9457
vn 0.9742 -0.0156 0.2250
vn 0.9689 -0.1995 0.1462
vn -0.1333 -0.3501 -0.9272
vn -0.3594 -0.3985 -0.8438
vn 0.9364 -0.3501 0.0258
vn 0.8795 -0.3985 0.2600
vn -0.3920 -0.5641 -0.7267
vn -0.1205 -0.7724 -0.6236
vn -0.4749 -0.4579 -0.7516
vn 0.7670 -0.5642 0.3058
vn 0.8011 -0.4579 0.3854
vn 0.6333 -0.7724 0.0480
vn -0.4895 -0.3808 -0.7845
vn 0.8355 -0.3808 0.3960
vn -0.9155 -0.3751 -0.1458
vn -0.8602 -0.4045 0.3106
vn 0.2501 -0.3751 0.8926
vn -0.2097 -0.4045 0.8902
vn -0.4568 -0.3063 0.8352
vn -0.7874 -0.3329 0.5189
vn -0.7772 -0.3063 0.5497
vn -0.4249 -0.3330 0.8418
vn -0.9434 -0.2921 -0.1567
vn -0.9404 -0.3281 0.0895
vn 0.2642 -0.2921 0.9192
vn 0.0192 -0.3281 0.9444
vn -0.8721 -0.3547 0.3370
vn -0.7472 -0.3967 0.5332
vn -0.2345 -0.3547 0.9051
vn -0.4438 -0.3967 0.8036
vn -0.2962 -0.4014 0.8667
vn -0.8269 -0.4014 0.3938
vn -0.0049 -0.9980 -0.0636
vn 0.0424 -0.9980 -0.0476
vn 0.1603 -0.9705 -0.1799
vn 0.0716 -0.9671 -0.2441
vn 0.1952 -0.8839 -0.4251
vn 0.3031 -0.8901 -0.3402
vn -0.5010 -0.8618 0.0797
vn -0.0215 -0.8618 0.5068
vn 0.9616 -0.1716 0.2144
vn -0.3236 -0.1716 -0.9305
vn 0.7122 -0.1172 -0.6921
vn 0.7129 -0.1942 -0.6738
vn 0.7083 -0.0463 -0.7044
vn 0.6957 -0.3707 -0.6153
vn 0.5829 -0.6824 -0.4410
vn 0.6852 -0.0063 -0.7283
vn 0.6326 -0.0629 -0.7719
vn 0.0638 -0.9980 -0.0024
vn 0.2342 -0.9671 -0.0992
vn 0.3998 -0.8839 -0.2428
vn 0.5787 0.3175 0.7512
vn 0.5371 0.3001 0.7884
vn 0.0805 0.6330 0.7700
vn 0.1458 0.6722 0.7259
vn 0.2277 0.7169 0.6589
vn 0.6394 0.3505 0.6843
vn 0.8530 -0.0072 0.5218
vn 0.8126 -0.0395 0.5815
vn 0.7984 -0.0512 0.6000
vn -0.8128 0.3175 -0.4885
vn -0.7533 0.3505 -0.5565
vn -0.6806 0.7170 -0.1504
vn -0.7379 0.6722 -0.0614
vn -0.7741 0.6330 0.0085
vn -0.8449 0.3001 -0.4429
vn -0.6878 -0.0512 -0.7241
vn -0.6710 -0.0396 -0.7404
vn -0.6164 -0.0072 -0.7874
vn 0.5118 0.2854 0.8103
vn 0.0340 0.5943 0.8036
vn 0.7962 -0.0519 0.6028
vn 0.8029 -0.0358 0.5950
vn 0.5051 0.2801 0.8164
vn 0.0120 0.5658 0.8245
vn -0.8638 0.2854 -0.4152
vn -0.6903 -0.0519 -0.7216
vn -0.8021 0.5942 0.0586
vn -0.8204 0.5658 0.0829
vn -0.8690 0.2801 -0.4079
vn -0.6834 -0.0358 -0.7292
vn 0.5052 0.2784 0.8169
vn 0.0024 0.5440 0.8391
vn 0.8106 -0.0150 0.5854
vn 0.8137 -0.0054 0.5812
vn 0.5039 0.2726 0.8196
vn -0.0035 0.5260 0.8505
vn -0.8696 0.2784 -0.4079
vn -0.6747 -0.0150 -0.7379
vn -0.8338 0.5440 0.0941
vn -0.8445 0.5260 0.1013
vn -0.8722 0.2726 -0.4063
vn -0.6709 -0.0054 -0.7415
vn 0.5039 0.2711 0.8201
vn -0.0060 0.5178 0.8555
vn 0.8162 0.0014 0.5777
vn 0.8220 0.0172 0.5692
vn 0.5106 0.2835 0.8117
vn 0.0006 0.5266 0.8501
vn -0.8726 0.2711 -0.4062
vn -0.6677 0.0014 -0.7444
vn -0.8491 0.5179 0.1044
vn -0.8445 0.5267 0.0972
vn -0.8650 0.2835 -0.4139
vn -0.6599 0.0172 -0.7511
vn 0.5265 0.3251 0.7856
vn 0.0255 0.5609 0.8275
vn 0.8354 0.0602 0.5464
vn 0.8687 0.2660 0.4178
vn 0.5252 0.5105 0.6809
vn 0.0734 0.6315 0.7719
vn -0.8409 0.3251 -0.4327
vn -0.6388 0.0602 -0.7670
vn -0.8249 0.5609 0.0698
vn -0.7752 0.6315 0.0158
vn -0.7368 0.5105 -0.4434
vn -0.5149 0.2660 -0.8149
vn 0.9444 -0.2532 0.2098
vn 0.9387 -0.2687 0.2157
vn 0.8517 -0.4743 -0.2229
vn 0.8614 -0.4524 -0.2309
vn 0.8679 -0.4372 -0.2356
vn 0.9502 -0.2363 0.2033
vn -0.3170 -0.2532 -0.9140
vn 0.1307 -0.4524 -0.8822
vn 0.1236 -0.4743 -0.8716
vn -0.3222 -0.2687 -0.9077
vn -0.3113 -0.2362 -0.9205
vn 0.1342 -0.4372 -0.8893
vn 0.9294 -0.2932 0.2243
vn 0.8351 -0.5083 -0.2103
vn 0.9122 -0.3317 0.2404
vn 0.8107 -0.5546 -0.1876
vn -0.3297 -0.2932 -0.8974
vn 0.1129 -0.5083 -0.8538
vn 0.0932 -0.5546 -0.8269
vn -0.3438 -0.3317 -0.8785
vn 0.8946 -0.3631 0.2606
vn 0.7888 -0.5940 -0.1580
vn 0.8848 -0.3726 0.2797
vn 0.7769 -0.6167 -0.1266
vn -0.3617 -0.3631 -0.8587
vn 0.0662 -0.5939 -0.8018
vn 0.0365 -0.6167 -0.7864
vn -0.3795 -0.3726 -0.8468
vn 0.8858 -0.3652 0.2864
vn 0.9122 -0.3284 0.2450
vn 0.8107 -0.5706 -0.1309
vn 0.7776 -0.6199 -0.1054
vn -0.3863 -0.3652 -0.8470
vn -0.3482 -0.3284 -0.8780
vn 0.0151 -0.6198 -0.7846
vn 0.0368 -0.5706 -0.8204
vn 0.7192 0.4444 0.5340
vn 0.3484 0.7888 0.5064
vn 0.9236 0.1373 0.3579
vn -0.6132 0.4444 -0.6531
vn -0.5431 0.7888 -0.2878
vn -0.4617 0.1373 -0.8763
vn -0.0554 0.9508 0.3047
vn -0.1879 0.8742 0.4478
vn -0.3123 0.8829 0.3505
vn -0.1858 0.9602 0.2086
vn 0.6211 -0.5874 -0.5188
vn 0.5968 -0.6330 -0.4930
vn 0.5119 -0.6386 -0.5746
vn 0.5353 -0.5937 -0.6008
vn 0.5519 -0.5583 -0.6194
vn 0.6390 -0.5522 -0.5355
vn 0.5737 -0.6749 -0.4642
vn 0.5566 -0.7065 -0.4370
vn 0.4670 -0.7121 -0.5242
vn 0.4878 -0.6798 -0.5476
vn 0.5529 -0.7191 -0.4209
vn 0.5921 -0.6668 -0.4526
vn 0.4924 -0.6723 -0.5527
vn 0.4575 -0.7260 -0.5135
vn 0.6954 -0.3853 -0.6066
vn 0.9019 -0.2917 -0.3185
vn 0.6083 -0.4046 -0.6828
vn 0.9913 -0.1161 0.0627
vn -0.1763 -0.1161 -0.9775
vn 0.2127 -0.2917 -0.9326
vn -0.2618 0.8166 0.5144
vn -0.3194 0.7612 0.5643
vn -0.4258 0.7683 0.4779
vn -0.3762 0.8248 0.4222
vn -0.3641 0.7079 0.6053
vn -0.3916 0.6672 0.6336
vn -0.4929 0.6716 0.5532
vn -0.4659 0.7138 0.5230
vn -0.4087 0.6361 0.6544
vn -0.4191 0.6140 0.6689
vn -0.5236 0.6167 0.5877
vn -0.5116 0.6393 0.5742
vn -0.4239 0.6034 0.6755
vn -0.4200 0.6090 0.6729
vn -0.5268 0.6107 0.5913
vn -0.5292 0.6059 0.5940
vn -0.3942 0.6404 0.6592
vn -0.2366 0.7614 0.6036
vn -0.4062 0.7919 0.4560
vn -0.5105 0.6411 0.5730
vn 0.3129 0.9030 0.2945
vn 0.6957 0.7147 -0.0716
vn 0.3695 0.8316 -0.4147
vn 0.0537 0.9967 -0.0603
vn 0.9619 -0.1985 0.1878
vn 0.8812 -0.4065 -0.2414
vn 0.9068 -0.3310 -0.2613
vn 0.9958 -0.0570 0.0719
vn -0.2972 -0.1985 -0.9340
vn 0.1385 -0.4065 -0.9031
vn -0.1859 -0.0570 -0.9809
vn 0.1553 -0.3310 -0.9308
vn 0.6496 -0.5287 -0.5463
vn 0.5620 -0.5351 -0.6308
vn 0.5666 -0.5240 -0.6359
vn 0.6551 -0.5168 -0.5511
vn 0.6708 -0.4925 -0.5545
vn 0.5753 -0.5020 -0.6457
vn 0.6273 -0.3330 -0.7040
vn 0.7605 -0.3456 -0.5497
vn 0.8926 0.2498 -0.3752
vn 0.6063 0.4116 -0.6805
vn -0.2963 0.9508 0.0902
vn -0.4232 0.8741 0.2383
vn 0.4440 -0.5874 -0.6767
vn 0.4211 -0.6334 -0.6492
vn 0.4586 -0.5522 -0.6963
vn 0.3947 -0.6750 -0.6233
vn 0.3698 -0.7064 -0.6036
vn 0.3545 -0.7191 -0.5977
vn 0.3815 -0.6668 -0.6402
vn 0.5226 -0.3853 -0.7606
vn -0.4808 0.8167 0.3191
vn -0.5239 0.7612 0.3822
vn -0.5591 0.7080 0.4314
vn -0.5844 0.6672 0.4618
vn -0.6031 0.6361 0.4812
vn -0.6162 0.6140 0.4933
vn -0.6223 0.6034 0.4987
vn -0.6201 0.6090 0.4946
vn -0.6095 0.6404 0.4674
vn -0.5724 0.7614 0.3044
vn -0.3285 0.9030 -0.2770
vn -0.0089 0.7147 -0.6993
vn 0.4680 -0.5287 -0.7081
vn 0.4721 -0.5168 -0.7142
vn 0.4737 -0.4925 -0.7301
vn 0.4587 -0.3456 -0.8186
vn 0.2701 0.2498 -0.9299
usemtl body
s 1
f 1/1/1 2/2/2 3/3/3 4/4/4
f 1/1/1 8/5/5 9/6/6 2/2/2
f 10/7/7 13/8/8 14/9/9 15/10/10
f 10/7/7 15/10/10 16/11/11 17/12/12
f 1768/13/13 1769/14/14 1770/15/15 1771/16/16
f 1768/13/13 1771/16/16 1772/17/17 1773/18/18
f 1768/13/13 1773/18/18 1774/19/19 1775/20/20
f 1768/13/13 1775/20/20 1776/21/21 1769/14/14
f 1777/22/22 1778/23/23 1779/24/24 1780/25/25
f 1777/22/22 1780/25/25 1781/26/26 1782/27/27
f 1777/22/22 1782/27/27 1783/28/28 1784/29/29
f 1777/22/22 1784/29/29 1785/30/30 1778/23/23
f 1786/31/31 1787/32/32 1779/24/24 1778/23/23
f 1786/31/31 1778/23/23 1785/30/30 1788/33/33
f 1786/31/31 1788/33/33 1789/34/34 1790/35/35
f 1786/31/31 1790/35/35 1791/36/36 1787/32/32
f 1792/37/37 1793/38/38 1794/39/39 1795/40/40
f 1792/37/37 1795/40/40 1796/41/41 1797/42/42
f 1792/37/37 1797/42/42 1798/43/43 1799/44/44
f 1792/37/37 1799/44/44 1800/45/45 1793/38/38
f 1801/46/46 1802/47/47 1803/48/48 1804/49/49
f 1801/46/46 1804/49/49 1805/50/50 1806/51/51
f 1801/46/46 1806/51/51 1781/26/26 1780/25/25
f 1801/46/46 1780/25/25 1779/24/24 1802/47/47
f 1807/52/52 1808/53/53 1791/36/36 1809/54/54
f 1807/52/52 1809/54/54 1810/55/55 1811/56/56
f 1807/52/52 1811/56/56 1812/57/57 1813/58/58
f 1807/52/52 1813/58/58 1814/59/59 1808/53/53
f 1815/60/60 1816/61/61 1817/62/62 1818/63/63
f 1815/60/60 1818/63/63 1798/43/43 1819/64/64
f 1815/60/60 1819/64/64 1820/65/65 1821/66/66
f 1815/60/60 1821/66/66 1822/67/67 1816/61/61
f 1823/68/68 1808/53/53 1814/59/59 1824/69/69
f 1823/68/68 1824/69/69 1803/48/48 1802/47/47
f 1823/68/68 1802/47/47 1779/24/24 1787/32/32
f 1823/68/68 1787/32/32 1791/36/36 1808/53/53
f 1825/70/70 1826/71/71 1827/72/72 1828/73/73
f 1825/70/70 1828/73/73 1820/65/65 1819/64/64
f 1825/70/70 1819/64/64 1798/43/43 1797/42/42
f 1825/70/70 1797/42/42 1796/41/41 1826/71/71
f 1829/74/74 1830/75/75 1831/76/76 1832/77/77
f 1829/74/74 1832/77/77 1833/78/78 1834/79/79
f 1829/74/74 1834/79/79 1805/50/50 1804/49/49
f 1829/74/74 1804/49/49 1803/48/48 1830/75/75
f 1835/80/80 1836/81/81 1837/82/82 1838/83/83
f 1835/80/80 1838/83/83 1839/84/84 1840/85/85
f 1835/80/80 1840/85/85 1833/78/78 1832/77/77
f 1835/80/80 1832/77/77 1831/76/76 1836/81/81
f 1841/86/86 1830/75/75 1803/48/48 1824/69/69
f 1841/86/86 1824/69/69 1814/59/59 1842/87/87
f 1841/86/86 1842/87/87 1843/88/88 1844/89/89
f 1841/86/86 1844/89/89 1831/76/76 1830/75/75
f 1845/90/90 1846/91/91 1820/65/65 1828/73/73
f 1845/90/90 1828/73/73 1827/72/72 1847/92/92
f 1845/90/90 1847/92/92 1848/93/93 1849/94/94
f 1845/90/90 1849/94/94 1850/95/95 1846/91/91
f 1851/96/96 1811/56/56 1810/55/55 1852/97/97
f 1851/96/96 1852/97/97 1853/98/98 1854/99/99
f 1851/96/96 1854/99/99 1855/100/100 1856/101/101
f 1851/96/96 1856/101/101 1812/57/57 1811/56/56
f 1857/102/102 1858/103/103 1859/104/104 1860/105/105
f 1857/102/102 1860/105/105 1817/62/62 1816/61/61
f 1857/102/102 1816/61/61 1822/67/67 1861/106/106
f 1857/102/102 1861/106/106 1862/107/107 1858/103/103
f 1863/108/108 1842/87/87 1814/59/59 1813/58/58
f 1863/108/108 1813/58/58 1812/57/57 1864/109/109
f 1863/108/108 1864/109/109 1865/110/110 1866/111/111
f 1863/108/108 1866/111/111 1843/88/88 1842/87/87
f 1867/112/112 1868/113/113 1822/67/67 1821/66/66
f 1867/112/112 1821/66/66 1820/65/65 1846/91/91
f 1867/112/112 1846/91/91 1850/95/95 1869/114/114
f 1867/112/112 1869/114/114 1870/115/115 1868/113/113
f 1871/116/116 1836/81/81 1831/76/76 1844/89/89
f 1871/116/116 1844/89/89 1843/88/88 1872/117/117
f 1871/116/116 1872/117/117 1873/118/118 1874/119/119
f 1871/116/116 1874/119/119 1837/82/82 1836/81/81
f 1875/120/120 1876/121/121 1850/95/95 1849/94/94
f 1875/120/120 1849/94/94 1848/93/93 1877/122/122
f 1875/120/120 1877/122/122 1878/123/123 1879/124/124
f 1875/120/120 1879/124/124 1880/125/125 1876/121/121
f 1881/126/126 1882/127/127 1883/128/128 1884/129/129
f 1881/126/126 1884/129/129 1885/130/130 1886/131/131
f 1881/126/126 1886/131/131 1839/84/84 1838/83/83
f 1881/126/126 1838/83/83 1837/82/82 1882/127/127
f 1887/132/132 1888/133/133 1889/134/134 1890/135/135
f 1887/132/132 1890/135/135 1891/136/136 1892/137/137
f 1887/132/132 1892/137/137 1885/130/130 1884/129/129
f 1887/132/132 1884/129/129 1883/128/128 1888/133/133
f 1893/138/138 1894/139/139 1895/140/140 1896/141/141
f 1893/138/138 1896/141/141 1853/98/98 1897/142/142
f 1893/138/138 1897/142/142 1898/143/143 1899/144/144
f 1893/138/138 1899/144/144 1900/145/145 1894/139/139
f 1901/146/146 1902/147/147 1859/104/104 1903/148/148
f 1901/146/146 1903/148/148 1904/149/149 1905/150/150
f 1901/146/146 1905/150/150 1906/151/151 1907/152/152
f 1901/146/146 1907/152/152 1908/153/153 1902/147/147
f 1909/154/154 1854/99/99 1853/98/98 1896/141/141
f 1909/154/154 1896/141/141 1895/140/140 1910/155/155
f 1909/154/154 1910/155/155 1911/156/156 1912/157/157
f 1909/154/154 1912/157/157 1855/100/100 1854/99/99
f 1913/158/158 1914/159/159 1904/149/149 1903/148/148
f 1913/158/158 1903/148/148 1859/104/104 1858/103/103
f 1913/158/158 1858/103/103 1862/107/107 1915/160/160
f 1913/158/158 1915/160/160 1916/161/161 1914/159/159
f 1917/162/162 1864/109/109 1812/57/57 1856/101/101
f 1917/162/162 1856/101/101 1855/100/100 1918/163/163
f 1917/162/162 1918/163/163 1919/164/164 1920/165/165
f 1917/162/162 1920/165/165 1865/110/110 1864/109/109
f 1921/166/166 1922/167/167 1862/107/107 1861/106/106
f 1921/166/166 1861/106/106 1822/67/67 1868/113/113
f 1921/166/166 1868/113/113 1870/115/115 1923/168/168
f 1921/166/166 1923/168/168 1924/169/169 1922/167/167
f 1925/170/170 1872/117/117 1843/88/88 1866/111/111
f 1925/170/170 1866/111/111 1865/110/110 1926/171/171
f 1925/170/170 1926/171/171 1927/172/172 1928/173/173
f 1925/170/170 1928/173/173 1873/118/118 1872/117/117
f 1929/174/174 1930/175/175 1870/115/115 1869/114/114
f 1929/174/174 1869/114/114 1850/95/95 1876/121/121
f 1929/174/174 1876/121/121 1880/125/125 1931/176/176
f 1929/174/174 1931/176/176 1932/177/177 1930/175/175
f 1933/178/178 1882/127/127 1837/82/82 1874/119/119
f 1933/178/178 1874/119/119 1873/118/118 1934/179/179
f 1933/178/178 1934/179/179 1935/180/180 1936/181/181
f 1933/178/178 1936/181/181 1883/128/128 1882/127/127
f 1937/182/182 1938/183/183 1880/125/125 1879/124/124
f 1937/182/182 1879/124/124 1878/123/123 1939/184/184
f 1937/182/182 1939/184/184 1940/185/185 1941/186/186
f 1937/182/182 1941/186/186 1942/187/187 1938/183/183
f 1943/188/188 1888/133/133 1883/128/128 1936/181/181
f 1943/188/188 1936/181/181 1935/180/180 1944/189/189
f 1943/188/188 1944/189/189 1945/190/190 1946/191/191
f 1943/188/188 1946/191/191 1889/134/134 1888/133/133
f 1947/192/192 1948/193/193 1942/187/187 1941/186/186
f 1947/192/192 1941/186/186 1940/185/185 1949/194/194
f 1947/192/192 1949/194/194 1950/195/195 1951/196/196
f 1947/192/192 1951/196/196 1952/197/197 1948/193/193
f 1989/198/198 1926/171/171 1865/110/110 1920/165/165
f 1989/198/198 1920/165/165 1919/164/164 1973/199/199
f 1989/198/198 1973/199/199 1955/200/200 1990/201/201
f 1989/198/198 1990/201/201 1927/172/172 1926/171/171
f 1991/202/202 1977/203/203 1924/169/169 1923/168/168
f 1991/202/202 1923/168/168 1870/115/115 1930/175/175
f 1991/202/202 1930/175/175 1932/177/177 1992/204/204
f 1991/202/202 1992/204/204 1966/205/205 1977/203/203
f 1993/206/206 1934/179/179 1873/118/118 1928/173/173
f 1993/206/206 1928/173/173 1927/172/172 1994/207/207
f 1993/206/206 1994/207/207 1995/208/208 1996/209/209
f 1993/206/206 1996/209/209 1935/180/180 1934/179/179
f 1997/210/210 1998/211/211 1932/177/177 1931/176/176
f 1997/210/210 1931/176/176 1880/125/125 1938/183/183
f 1997/210/210 1938/183/183 1942/187/187 1999/212/212
f 1997/210/210 1999/212/212 2000/213/213 1998/211/211
f 2001/214/214 1944/189/189 1935/180/180 1996/209/209
f 2001/214/214 1996/209/209 1995/208/208 2002/215/215
f 2001/214/214 2002/215/215 2003/216/216 2004/217/217
f 2001/214/214 2004/217/217 1945/190/190 1944/189/189
f 2005/218/218 2006/219/219 2000/213/213 1999/212/212
f 2005/218/218 1999/212/212 1942/187/187 1948/193/193
f 2005/218/218 1948/193/193 1952/197/197 2007/220/220
f 2005/218/218 2007/220/220 2008/221/221 2006/219/219
f 2009/222/222 2010/223/223 1945/190/190 2004/217/217
f 2009/222/222 2004/217/217 2003/216/216 2011/224/224
f 2009/222/222 2011/224/224 2012/225/225 2013/226/226
f 2009/222/222 2013/226/226 2014/227/227 2010/223/223
f 2015/228/228 2016/229/229 2008/221/221 2007/220/220
f 2015/228/228 2007/220/220 1952/197/197 2017/230/230
f 2015/228/228 2017/230/230 2018/231/231 2019/232/232
f 2015/228/228 2019/232/232 2020/233/233 2016/229/229
f 2021/234/234 1994/207/207 1927/172/172 1990/201/201
f 2021/234/234 1990/201/201 1955/200/200 1954/235/235
f 2021/234/234 1954/235/235 1961/236/236 2022/237/237
f 2021/234/234 2022/237/237 1995/208/208 1994/207/207
f 2023/238/238 1967/239/239 1966/205/205 1992/204/204
f 2023/238/238 1992/204/204 1932/177/177 1998/211/211
f 2023/238/238 1998/211/211 2000/213/213 2024/240/240
f 2023/238/238 2024/240/240 1968/241/241 1967/239/239
f 2025/242/242 2002/215/215 1995/208/208 2022/237/237
f 2025/242/242 2022/237/237 1961/236/236 2026/243/243
f 2025/242/242 2026/243/243 2027/244/244 2028/245/245
f 2025/242/242 2028/245/245 2003/216/216 2002/215/215
f 2029/246/246 2030/247/247 1968/241/241 2024/240/240
f 2029/246/246 2024/240/240 2000/213/213 2006/219/219
f 2029/246/246 2006/219/219 2008/221/221 2031/248/248
f 2029/246/246 2031/248/248 2032/249/249 2030/247/247
f 2033/250/250 2034/251/251 1889/134/134 1946/191/191
f 2033/250/250 1946/191/191 1945/190/190 2010/223/223
f 2033/250/250 2010/223/223 2014/227/227 2035/252/252
f 2033/250/250 2035/252/252 2036/253/253 2034/251/251
f 2037/254/254 2017/230/230 1952/197/197 1951/196/196
f 2037/254/254 1951/196/196 1950/195/195 2038/255/255
f 2037/254/254 2038/255/255 2039/256/256 2040/257/257
f 2037/254/254 2040/257/257 2018/231/231 2017/230/230
f 2041/258/258 2042/259/259 2036/253/253 2035/252/252
f 2041/258/258 2035/252/252 2014/227/227 2043/260/260
f 2041/258/258 2043/260/260 2044/261/261 2045/262/262
f 2041/258/258 2045/262/262 2046/263/263 2042/259/259
f 2047/264/264 2048/265/265 2018/231/231 2040/257/257
f 2047/264/264 2040/257/257 2039/256/256 2049/266/266
f 2047/264/264 2049/266/266 2050/267/267 2051/268/268
f 2047/264/264 2051/268/268 2052/269/269 2048/265/265
f 2053/270/270 2043/260/260 2014/227/227 2013/226/226
f 2053/270/270 2013/226/226 2012/225/225 2054/271/271
f 2053/270/270 2054/271/271 2055/272/272 2056/273/273
f 2053/270/270 2056/273/273 2044/261/261 2043/260/260
f 2057/274/274 2058/275/275 2020/233/233 2019/232/232
f 2057/274/274 2019/232/232 2018/231/231 2048/265/265
f 2057/274/274 2048/265/265 2052/269/269 2059/276/276
f 2057/274/274 2059/276/276 2060/277/277 2058/275/275
f 2061/278/278 2062/279/279 2046/263/263 2045/262/262
f 2061/278/278 2045/262/262 2044/261/261 2063/280/280
f 2061/278/278 2063/280/280 2064/281/281 2065/282/282
f 2061/278/278 2065/282/282 2066/283/283 2062/279/279
f 2067/284/284 2068/285/285 2052/269/269 2051/268/268
f 2067/284/284 2051/268/268 2050/267/267 2069/286/286
f 2067/284/284 2069/286/286 2070/287/287 2071/288/288
f 2067/284/284 2071/288/288 2072/289/289 2068/285/285
f 2073/290/290 2074/291/291 2066/283/283 2065/282/282
f 2073/290/290 2065/282/282 2064/281/281 2075/292/292
f 2073/290/290 2075/292/292 2076/293/293 2077/294/294
f 2073/290/290 2077/294/294 2078/295/295 2074/291/291
f 2079/296/296 2080/297/297 2072/289/289 2071/288/288
f 2079/296/296 2071/288/288 2070/287/287 2081/298/298
f 2079/296/296 2081/298/298 2082/299/299 2083/300/300
f 2079/296/296 2083/300/300 2084/301/301 2080/297/297
f 2085/302/302 2034/251/251 2036/253/253 2086/303/303
f 2085/302/302 2086/303/303 2087/304/304 2088/305/305
f 2085/302/302 2088/305/305 1891/136/136 1890/135/135
f 2085/302/302 1890/135/135 1889/134/134 2034/251/251
f 2089/306/306 2042/259/259 2046/263/263 2090/307/307
f 2089/306/306 2090/307/307 2091/308/308 2092/309/309
f 2089/306/306 2092/309/309 2087/304/304 2086/303/303
f 2089/306/306 2086/303/303 2036/253/253 2042/259/259
f 2093/310/310 2062/279/279 2066/283/283 2094/311/311
f 2093/310/310 2094/311/311 2095/312/312 2096/313/313
f 2093/310/310 2096/313/313 2091/308/308 2090/307/307
f 2093/310/310 2090/307/307 2046/263/263 2062/279/279
f 2097/314/314 2074/291/291 2078/295/295 2098/315/315
f 2097/314/314 2098/315/315 2099/316/316 2100/317/317
f 2097/314/314 2100/317/317 2095/312/312 2094/311/311
f 2097/314/314 2094/311/311 2066/283/283 2074/291/291
f 2101/318/318 2102/319/319 2103/320/320 2104/321/321
f 2101/318/318 2104/321/321 2105/322/322 2106/323/323
f 2101/318/318 2106/323/323 2099/316/316 2098/315/315
f 2101/318/318 2098/315/315 2078/295/295 2102/319/319
f 2107/324/324 2108/325/325 1776/21/21 1775/20/20
f 2107/324/324 1775/20/20 1774/19/19 2109/326/326
f 2107/324/324 2109/326/326 2105/322/322 2104/321/321
f 2107/324/324 2104/321/321 2103/320/320 2108/325/325
f 2110/327/327 2108/325/325 2103/320/320 2111/328/328
f 2110/327/327 2111/328/328 2112/329/329 2113/330/330
f 2110/327/327 2113/330/330 2114/331/331 2115/332/332
f 2110/327/327 2115/332/332 1776/21/21 2108/325/325
f 2116/333/333 2117/334/334 2118/335/335 2119/336/336
f 2116/333/333 2119/336/336 2120/337/337 2121/338/338
f 2116/333/333 2121/338/338 2122/339/339 2123/340/340
f 2116/333/333 2123/340/340 2124/341/341 2117/334/334
f 2173/342/342 2115/332/332 2114/331/331 2142/343/343
f 2173/342/342 2142/343/343 2141/344/344 2174/345/345
f 2173/342/342 2174/345/345 1770/15/15 1769/14/14
f 2173/342/342 1769/14/14 1776/21/21 2115/332/332
f 2175/346/346 2176/347/347 2148/348/348 2147/349/349
f 2175/346/346 2147/349/349 2124/341/341 2123/340/340
f 2175/346/346 2123/340/340 2122/339/339 2177/350/350
f 2175/346/346 2177/350/350 2178/351/351 2176/347/347
f 3530/352/352 3531/353/353 3412/354/354 3411/355/355
f 3530/352/352 3411/355/355 3410/356/356 3532/357/357
f 3530/352/352 3532/357/357 3533/358/358 3534/359/359
f 3530/352/352 3534/359/359 3535/360/360 3531/353/353
f 3536/361/361 3537/362/362 3417/363/363 3416/364/364
f 3536/361/361 3416/364/364 3423/365/365 3538/366/366
f 3536/361/361 3538/366/366 3539/367/367 3540/368/368
f 3536/361/361 3540/368/368 3541/369/369 3537/362/362
f 3542/370/370 3543/371/371 3535/360/360 3534/359/359
f 3542/370/370 3534/359/359 3533/358/358 3544/372/372
f 3542/370/370 3544/372/372 3545/373/373 3546/374/374
f 3542/370/370 3546/374/374 3547/375/375 3543/371/371
f 3548/376/376 3549/377/377 3541/369/369 3540/368/368
f 3548/376/376 3540/368/368 3539/367/367 3550/378/378
f 3548/376/376 3550/378/378 3551/379/379 3552/380/380
f 3548/376/376 3552/380/380 3553/381/381 3549/377/377
f 3554/382/382 3532/357/357 3410/356/356 3555/383/383
f 3554/382/382 3555/383/383 3556/384/384 3557/385/385
f 3554/382/382 3557/385/385 3558/386/386 3559/387/387
f 3554/382/382 3559/387/387 3533/358/358 3532/357/357
f 3560/388/388 3561/389/389 3562/390/390 3563/391/391
f 3560/388/388 3563/391/391 3417/363/363 3537/362/362
f 3560/388/388 3537/362/362 3541/369/369 3564/392/392
f 3560/388/388 3564/392/392 3565/393/393 3561/389/389
f 3566/394/394 3544/372/372 3533/358/358 3559/387/387
f 3566/394/394 3559/387/387 3558/386/386 3567/395/395
f 3566/394/394 3567/395/395 3568/396/396 3569/397/397
f 3566/394/394 3569/397/397 3545/373/373 3544/372/372
f 3570/398/398 3571/399/399 3565/393/393 3564/392/392
f 3570/398/398 3564/392/392 3541/369/369 3549/377/377
f 3570/398/398 3549/377/377 3553/381/381 3572/400/400
f 3570/398/398 3572/400/400 3573/401/401 3571/399/399
f 3574/402/402 3557/385/385 3556/384/384 3575/403/403
f 3574/402/402 3575/403/403 3576/404/404 3577/405/405
f 3574/402/402 3577/405/405 3578/406/406 3579/407/407
f 3574/402/402 3579/407/407 3558/386/386 3557/385/385
f 3580/408/408 3581/409/409 3582/410/410 3583/411/411
f 3580/408/408 3583/411/411 3562/390/390 3561/389/389
f 3580/408/408 3561/389/389 3565/393/393 3584/412/412
f 3580/408/408 3584/412/412 3585/413/413 3581/409/409
f 3586/414/414 3587/415/415 3547/375/375 3546/374/374
f 3586/414/414 3546/374/374 3545/373/373 3588/416/416
f 3586/414/414 3588/416/416 3589/417/417 3590/418/418
f 3586/414/414 3590/418/418 3591/419/419 3587/415/415
f 3592/420/420 3593/421/421 3553/381/381 3552/380/380
f 3592/420/420 3552/380/380 3551/379/379 3594/422/422
f 3592/420/420 3594/422/422 3595/423/423 3596/424/424
f 3592/420/420 3596/424/424 3597/425/425 3593/421/421
f 3598/426/426 3599/427/427 3591/419/419 3590/418/418
f 3598/426/426 3590/418/418 3589/417/417 3600/428/428
f 3598/426/426 3600/428/428 3601/429/429 3602/430/430
f 3598/426/426 3602/430/430 3603/431/431 3599/427/427
f 3604/432/432 3605/433/433 3597/425/425 3596/424/424
f 3604/432/432 3596/424/424 3595/423/423 3606/434/434
f 3604/432/432 3606/434/434 3607/435/435 3608/436/436
f 3604/432/432 3608/436/436 3609/437/437 3605/433/433
f 3610/438/438 3588/416/416 3545/373/373 3569/397/397
f 3610/438/438 3569/397/397 3568/396/396 3611/439/439
f 3610/438/438 3611/439/439 3612/440/440 3613/441/441
f 3610/438/438 3613/441/441 3589/417/417 3588/416/416
f 3614/442/442 3615/443/443 3573/401/401 3572/400/400
f 3614/442/442 3572/400/400 3553/381/381 3593/421/421
f 3614/442/442 3593/421/421 3597/425/425 3616/444/444
f 3614/442/442 3616/444/444 3617/445/445 3615/443/443
f 3618/446/446 3567/395/395 3558/386/386 3579/407/407
f 3618/446/446 3579/407/407 3578/406/406 3619/447/447
f 3618/446/446 3619/447/447 2055/272/272 3620/448/448
f 3618/446/446 3620/448/448 3568/396/396 3567/395/395
f 3621/449/449 3622/450/450 3585/413/413 3584/412/412
f 3621/449/449 3584/412/412 3565/393/393 3571/399/399
f 3621/449/449 3571/399/399 3573/401/401 3623/451/451
f 3621/449/449 3623/451/451 2060/277/277 3622/450/450
f 3624/452/452 3577/405/405 3576/404/404 3625/453/453
f 3624/452/452 3625/453/453 2076/293/293 2075/292/292
f 3624/452/452 2075/292/292 2064/281/281 3626/454/454
f 3624/452/452 3626/454/454 3578/406/406 3577/405/405
f 3627/455/455 2080/297/297 2084/301/301 3628/456/456
f 3627/455/455 3628/456/456 3582/410/410 3581/409/409
f 3627/455/455 3581/409/409 3585/413/413 3629/457/457
f 3627/455/455 3629/457/457 2072/289/289 2080/297/297
f 3630/458/458 3600/428/428 3589/417/417 3613/441/441
f 3630/458/458 3613/441/441 3612/440/440 3631/459/459
f 3630/458/458 3631/459/459 2027/244/244 3632/460/460
f 3630/458/458 3632/460/460 3601/429/429 3600/428/428
f 3633/461/461 3634/462/462 3617/445/445 3616/444/444
f 3633/461/461 3616/444/444 3597/425/425 3605/433/433
f 3633/461/461 3605/433/433 3609/437/437 3635/463/463
f 3633/461/461 3635/463/463 2032/249/249 3634/462/462
f 3636/464/464 3611/439/439 3568/396/396 3620/448/448
f 3636/464/464 3620/448/448 2055/272/272 2054/271/271
f 3636/464/464 2054/271/271 2012/225/225 3637/465/465
f 3636/464/464 3637/465/465 3612/440/440 3611/439/439
f 3638/466/466 2058/275/275 2060/277/277 3623/451/451
f 3638/466/466 3623/451/451 3573/401/401 3615/443/443
f 3638/466/466 3615/443/443 3617/445/445 3639/467/467
f 3638/466/466 3639/467/467 2020/233/233 2058/275/275
f 3640/468/468 3619/447/447 3578/406/406 3626/454/454
f 3640/468/468 3626/454/454 2064/281/281 2063/280/280
f 3640/468/468 2063/280/280 2044/261/261 2056/273/273
f 3640/468/468 2056/273/273 2055/272/272 3619/447/447
f 3641/469/469 2068/285/285 2072/289/289 3629/457/457
f 3641/469/469 3629/457/457 3585/413/413 3622/450/450
f 3641/469/469 3622/450/450 2060/277/277 2059/276/276
f 3641/469/469 2059/276/276 2052/269/269 2068/285/285
f 3642/470/470 2102/319/319 2078/295/295 2077/294/294
f 3642/470/470 2077/294/294 2076/293/293 3643/471/471
f 3642/470/470 3643/471/471 2112/329/329 2111/328/328
f 3642/470/470 2111/328/328 2103/320/320 2102/319/319
f 3644/472/472 3645/473/473 2084/301/301 2083/300/300
f 3644/472/472 2083/300/300 2082/299/299 3646/474/474
f 3644/472/472 3646/474/474 2120/337/337 2119/336/336
f 3644/472/472 2119/336/336 2118/335/335 3645/473/473
f 3647/475/475 3631/459/459 3612/440/440 3637/465/465
f 3647/475/475 3637/465/465 2012/225/225 2011/224/224
f 3647/475/475 2011/224/224 2003/216/216 2028/245/245
f 3647/475/475 2028/245/245 2027/244/244 3631/459/459
f 3648/476/476 2016/229/229 2020/233/233 3639/467/467
f 3648/476/476 3639/467/467 3617/445/445 3634/462/462
f 3648/476/476 3634/462/462 2032/249/249 2031/248/248
f 3648/476/476 2031/248/248 2008/221/221 2016/229/229
f 3649/477/477 3650/478/478 3601/429/429 3632/460/460
f 3649/477/477 3632/460/460 2027/244/244 2026/243/243
f 3649/477/477 2026/243/243 1961/236/236 1960/479/479
f 3649/477/477 1960/479/479 1959/480/480 3650/478/478
f 3651/481/481 2030/247/247 2032/249/249 3635/463/463
f 3651/481/481 3635/463/463 3609/437/437 3652/482/482
f 3651/481/481 3652/482/482 1970/483/483 1969/484/484
f 3651/481/481 1969/484/484 1968/241/241 2030/247/247
f 3653/485/485 3650/478/478 1959/480/480 3654/486/486
f 3653/485/485 3654/486/486 3655/487/487 3656/488/488
f 3653/485/485 3656/488/488 3603/431/431 3602/430/430
f 3653/485/485 3602/430/430 3601/429/429 3650/478/478
f 3657/489/489 3658/490/490 3659/491/491 3660/492/492
f 3657/489/489 3660/492/492 1970/483/483 3652/482/482
f 3657/489/489 3652/482/482 3609/437/437 3608/436/436
f 3657/489/489 3608/436/436 3607/435/435 3658/490/490
f 5032/493/493 5033/494/494 5021/495/495 5020/496/496
f 5032/493/493 5020/496/496 5019/497/497 5034/498/498
f 5032/493/493 5034/498/498 5035/499/499 5036/500/500
f 5032/493/493 5036/500/500 5037/501/501 5033/494/494
f 5038/502/502 5039/503/503 5026/504/504 5025/505/505
f 5038/502/502 5025/505/505 5031/506/506 5040/507/507
f 5038/502/502 5040/507/507 5041/508/508 5042/509/509
f 5038/502/502 5042/509/509 5043/510/510 5039/503/503
f 5044/511/511 5045/512/512 5037/501/501 5036/500/500
f 5044/511/511 5036/500/500 5035/499/499 5046/513/513
f 5044/511/511 5046/513/513 5047/514/514 5048/515/515
f 5044/511/511 5048/515/515 5049/516/516 5045/512/512
f 5050/517/517 5051/518/518 5043/510/510 5042/509/509
f 5050/517/517 5042/509/509 5041/508/508 5052/519/519
f 5050/517/517 5052/519/519 5053/520/520 5054/521/521
f 5050/517/517 5054/521/521 5055/522/522 5051/518/518
f 5056/523/523 5057/524/524 5049/516/516 5048/515/515
f 5056/523/523 5048/515/515 5047/514/514 5058/525/525
f 5056/523/523 5058/525/525 5059/526/526 5060/527/527
f 5056/523/523 5060/527/527 5061/528/528 5057/524/524
f 5062/529/529 5063/530/530 5055/522/522 5054/521/521
f 5062/529/529 5054/521/521 5053/520/520 5064/531/531
f 5062/529/529 5064/531/531 5065/532/532 5066/533/533
f 5062/529/529 5066/533/533 5067/534/534 5063/530/530
f 5068/535/535 5033/494/494 5037/501/501 5069/536/536
f 5068/535/535 5069/536/536 5070/537/537 5071/538/538
f 5068/535/535 5071/538/538 5072/539/539 5073/540/540
f 5068/535/535 5073/540/540 5021/495/495 5033/494/494
f 5090/541/541 5034/498/498 5019/497/497 5087/542/542
f 5090/541/541 5087/542/542 1911/156/156 1910/155/155
f 5090/541/541 1910/155/155 1895/140/140 5091/543/543
f 5090/541/541 5091/543/543 5035/499/499 5034/498/498
f 5092/544/544 1914/159/159 1916/161/161 5089/545/545
f 5092/544/544 5089/545/545 5026/504/504 5039/503/503
f 5092/544/544 5039/503/503 5043/510/510 5093/546/546
f 5092/544/544 5093/546/546 1904/149/149 1914/159/159
f 5094/547/547 5046/513/513 5035/499/499 5091/543/543
f 5094/547/547 5091/543/543 1895/140/140 1894/139/139
f 5094/547/547 1894/139/139 1900/145/145 5095/548/548
f 5094/547/547 5095/548/548 5047/514/514 5046/513/513
f 5096/549/549 1905/150/150 1904/149/149 5093/546/546
f 5096/549/549 5093/546/546 5043/510/510 5051/518/518
f 5096/549/549 5051/518/518 5055/522/522 5097/550/550
f 5096/549/549 5097/550/550 1906/151/151 1905/150/150
f 5098/551/551 5058/525/525 5047/514/514 5095/548/548
f 5098/551/551 5095/548/548 1900/145/145 5099/552/552
f 5098/551/551 5099/552/552 5100/553/553 5101/554/554
f 5098/551/551 5101/554/554 5059/526/526 5058/525/525
f 5102/555/555 5103/556/556 1906/151/151 5097/550/550
f 5102/555/555 5097/550/550 5055/522/522 5063/530/530
f 5102/555/555 5063/530/530 5067/534/534 5104/557/557
f 5102/555/555 5104/557/557 5105/558/558 5103/556/556
f 5106/559/559 5107/560/560 5100/553/553 5099/552/552
f 5106/559/559 5099/552/552 1900/145/145 1899/144/144
f 5106/559/559 1899/144/144 1898/143/143 5108/561/561
f 5106/559/559 5108/561/561 5109/562/562 5107/560/560
f 5110/563/563 1907/152/152 1906/151/151 5103/556/556
f 5110/563/563 5103/556/556 5105/558/558 5111/564/564
f 5110/563/563 5111/564/564 5112/565/565 5113/566/566
f 5110/563/563 5113/566/566 1908/153/153 1907/152/152
f 5114/567/567 1897/142/142 1853/98/98 1852/97/97
f 5114/567/567 1852/97/97 1810/55/55 5115/568/568
f 5114/567/567 5115/568/568 5116/569/569 5117/570/570
f 5114/567/567 5117/570/570 1898/143/143 1897/142/142
f 5118/571/571 5119/572/572 1817/62/62 1860/105/105
f 5118/571/571 1860/105/105 1859/104/104 1902/147/147
f 5118/571/571 1902/147/147 1908/153/153 5120/573/573
f 5118/571/571 5120/573/573 5121/574/574 5119/572/572
f 5122/575/575 1809/54/54 1791/36/36 1790/35/35
f 5122/575/575 1790/35/35 1789/34/34 5123/576/576
f 5122/575/575 5123/576/576 5116/569/569 5115/568/568
f 5122/575/575 5115/568/568 1810/55/55 1809/54/54
f 5124/577/577 5125/578/578 1800/45/45 1799/44/44
f 5124/577/577 1799/44/44 1798/43/43 1818/63/63
f 5124/577/577 1818/63/63 1817/62/62 5119/572/572
f 5124/577/577 5119/572/572 5121/574/574 5125/578/578
f 5126/579/579 5117/570/570 5116/569/569 5127/580/580
f 5126/579/579 5127/580/580 5128/581/581 5129/582/582
f 5126/579/579 5129/582/582 5109/562/562 5108/561/561
f 5126/579/579 5108/561/561 1898/143/143 5117/570/570
f 5130/583/583 5131/584/584 5132/585/585 5133/586/586
f 5130/583/583 5133/586/586 5121/574/574 5120/573/573
f 5130/583/583 5120/573/573 1908/153/153 5113/566/566
f 5130/583/583 5113/566/566 5112/565/565 5131/584/584
f 5134/587/587 5129/582/582 5128/581/581 5135/588/588
f 5134/587/587 5139/589/589 5109/562/562 5129/582/582
f 5140/590/590 5143/591/591 5132/585/585 5131/584/584
f 5140/590/590 5131/584/584 5112/565/565 5144/592/592
f 5146/593/593 5107/560/560 5109/562/562 5139/589/589
f 5146/593/593 5148/594/594 5100/553/553 5107/560/560
f 5149/595/595 5144/592/592 5112/565/565 5111/564/564
f 5149/595/595 5111/564/564 5105/558/558 5151/596/596
f 5152/597/597 5153/598/598 5059/526/526 5101/554/554
f 5152/597/597 5101/554/554 5100/553/553 5148/594/594
f 5154/599/599 5151/596/596 5105/558/558 5104/557/557
f 5154/599/599 5104/557/557 5067/534/534 5155/600/600
f 5172/601/601 5173/602/602 5174/603/603 5175/604/604
f 5172/601/601 5175/604/604 5176/605/605 5177/606/606
f 5178/607/607 5179/608/608 5180/609/609 5181/610/610
f 5178/607/607 5182/611/611 5183/612/612 5179/608/608
f 5184/613/613 5135/588/588 5128/581/581 5186/614/614
f 5184/613/613 5186/614/614 5174/603/603 5173/602/602
f 5187/615/615 5181/610/610 5180/609/609 5189/616/616
f 5187/615/615 5189/616/616 5132/585/585 5143/591/591
f 5190/617/617 5191/618/618 5174/603/603 5186/614/614
f 5190/617/617 5186/614/614 5128/581/581 5127/580/580
f 5190/617/617 5127/580/580 5116/569/569 5192/619/619
f 5190/617/617 5192/619/619 5193/620/620 5191/618/618
f 5194/621/621 5133/586/586 5132/585/585 5189/616/616
f 5194/621/621 5189/616/616 5180/609/609 5195/622/622
f 5194/621/621 5195/622/622 5196/623/623 5197/624/624
f 5194/621/621 5197/624/624 5121/574/574 5133/586/586
f 5198/625/625 5192/619/619 5116/569/569 5123/576/576
f 5198/625/625 5123/576/576 1789/34/34 5199/626/626
f 5198/625/625 5199/626/626 5200/627/627 5201/628/628
f 5198/625/625 5201/628/628 5193/620/620 5192/619/619
f 5202/629/629 5203/630/630 1800/45/45 5125/578/578
f 5202/629/629 5125/578/578 5121/574/574 5197/624/624
f 5202/629/629 5197/624/624 5196/623/623 5204/631/631
f 5202/629/629 5204/631/631 5205/632/632 5203/630/630
f 5206/633/633 5207/634/634 5208/635/635 5209/636/636
f 5206/633/633 5209/636/636 5210/637/637 5211/638/638
f 5206/633/633 5211/638/638 5200/627/627 5212/639/639
f 5206/633/633 5212/639/639 5213/640/640 5207/634/634
f 5214/641/641 5215/642/642 5216/643/643 5217/644/644
f 5214/641/641 5217/644/644 5218/645/645 5219/646/646
f 5214/641/641 5219/646/646 5220/647/647 5221/648/648
f 5214/641/641 5221/648/648 5205/632/632 5215/642/642
f 5222/649/649 5201/628/628 5200/627/627 5211/638/638
f 5222/649/649 5211/638/638 5210/637/637 5223/650/650
f 5222/649/649 5223/650/650 5224/651/651 5225/652/652
f 5222/649/649 5225/652/652 5193/620/620 5201/628/628
f 5226/653/653 5227/654/654 5216/643/643 5215/642/642
f 5226/653/653 5215/642/642 5205/632/632 5204/631/631
f 5226/653/653 5204/631/631 5196/623/623 5228/655/655
f 5226/653/653 5228/655/655 5229/656/656 5227/654/654
f 5230/657/657 5191/618/618 5193/620/620 5225/652/652
f 5230/657/657 5225/652/652 5224/651/651 5231/658/658
f 5230/657/657 5231/658/658 5176/605/605 5175/604/604
f 5230/657/657 5175/604/604 5174/603/603 5191/618/618
f 5232/659/659 5233/660/660 5229/656/656 5228/655/655
f 5232/659/659 5228/655/655 5196/623/623 5195/622/622
f 5232/659/659 5195/622/622 5180/609/609 5179/608/608
f 5232/659/659 5179/608/608 5183/612/612 5233/660/660
f 5234/661/661 5199/626/626 1789/34/34 1788/33/33
f 5234/661/661 1788/33/33 1785/30/30 5235/662/662
f 5234/661/661 5235/662/662 5213/640/640 5212/639/639
f 5234/661/661 5212/639/639 5200/627/627 5199/626/626
f 5236/663/663 5237/664/664 1794/39/39 1793/38/38
f 5236/663/663 1793/38/38 1800/45/45 5203/630/630
f 5236/663/663 5203/630/630 5205/632/632 5221/648/648
f 5236/663/663 5221/648/648 5220/647/647 5237/664/664
f 5238/665/665 5235/662/662 1785/30/30 1784/29/29
f 5238/665/665 1784/29/29 1783/28/28 5239/666/666
f 5238/665/665 5239/666/666 5240/667/667 5241/668/668
f 5238/665/665 5241/668/668 5213/640/640 5235/662/662
f 5242/669/669 5207/634/634 5213/640/640 5241/668/668
f 5242/669/669 5241/668/668 5240/667/667 5243/670/670
f 5242/669/669 5243/670/670 5244/671/671 5245/672/672
f 5242/669/669 5245/672/672 5208/635/635 5207/634/634
f 5246/673/673 5247/674/674 5208/635/635 5245/672/672
f 5246/673/673 5245/672/672 5244/671/671 5248/675/675
f 5246/673/673 5248/675/675 5249/676/676 5250/677/677
f 5246/673/673 5250/677/677 5251/678/678 5247/674/674
f 5252/679/679 5253/680/680 5251/678/678 5250/677/677
f 5252/679/679 5250/677/677 5249/676/676 5254/681/681
f 5509/682/682 5510/683/683 5511/684/684 5512/685/685
f 5509/682/682 5512/685/685 5513/686/686 5514/687/687
f 5509/682/682 5514/687/687 5515/688/688 5516/689/689
f 5509/682/682 5516/689/689 5517/690/690 5510/683/683
f 5518/691/691 5519/692/692 5520/693/693 5521/694/694
f 5518/691/691 5521/694/694 5522/695/695 5523/696/696
f 5518/691/691 5523/696/696 5524/697/697 5525/698/698
f 5518/691/691 5525/698/698 5526/699/699 5519/692/692
f 5527/700/700 5528/701/701 5511/684/684 5510/683/683
f 5527/700/700 5510/683/683 5517/690/690 5529/702/702
f 5527/700/700 5529/702/702 3/3/3 2/2/2
f 5527/700/700 2/2/2 9/6/6 5528/701/701
f 5530/703/703 5523/696/696 5522/695/695 5531/704/704
f 5530/703/703 5531/704/704 16/11/11 15/10/10
f 5530/703/703 15/10/10 14/9/9 5532/705/705
f 5530/703/703 5532/705/705 5524/697/697 5523/696/696
f 5571/706/706 5572/707/707 5573/708/708 5574/709/709
f 5571/706/706 5574/709/709 9/6/6 8/5/5
f 5575/710/710 17/12/12 16/11/11 5577/711/711
f 5575/710/710 5577/711/711 5578/712/712 5576/713/713
f 5579/714/714 5580/715/715 5581/716/716 5582/717/717
f 5579/714/714 5582/717/717 5583/718/718 5584/719/719
f 5585/720/720 5586/721/721 5587/722/722 5588/723/723
f 5585/720/720 5589/724/724 5590/725/725 5586/721/721
f 5591/726/726 5592/727/727 5581/716/716 5580/715/715
f 5593/728/728 5588/723/723 5587/722/722 5594/729/729
f 5595/730/730 5596/731/731 5597/732/732 5598/733/733
f 5595/730/730 5598/733/733 5581/716/716 5592/727/727
f 5599/734/734 5594/729/729 5587/722/722 5601/735/735
f 5599/734/734 5601/735/735 5602/736/736 5600/737/737
f 5603/738/738 5598/733/733 5597/732/732 5604/739/739
f 5603/738/738 5604/739/739 5515/688/688 5514/687/687
f 5603/738/738 5514/687/687 5513/686/686 5605/740/740
f 5603/738/738 5605/740/740 5581/716/716 5598/733/733
f 5606/741/741 5607/742/742 5602/736/736 5601/735/735
f 5606/741/741 5601/735/735 5587/722/722 5608/743/743
f 5606/741/741 5608/743/743 5520/693/693 5519/692/692
f 5606/741/741 5519/692/692 5526/699/699 5607/742/742
f 5613/744/744 5584/719/719 5583/718/718 5614/745/745
f 5613/744/744 5614/745/745 5615/746/746 5616/747/747
f 5617/748/748 5618/749/749 5590/725/725 5589/724/724
f 5617/748/748 5619/750/750 5620/751/751 5618/749/749
f 5621/752/752 5582/717/717 5581/716/716 5605/740/740
f 5621/752/752 5605/740/740 5513/686/686 5622/753/753
f 5621/752/752 5622/753/753 5623/754/754 5624/755/755
f 5621/752/752 5624/755/755 5583/718/718 5582/717/717
f 5625/756/756 5626/757/757 5520/693/693 5608/743/743
f 5625/756/756 5608/743/743 5587/722/722 5586/721/721
f 5625/756/756 5586/721/721 5590/725/725 5627/758/758
f 5625/756/756 5627/758/758 5628/759/759 5626/757/757
f 5629/760/760 5516/689/689 5515/688/688 5604/739/739
f 5629/760/760 5604/739/739 5597/732/732 5630/761/761
f 5629/760/760 5630/761/761 3/3/3 5529/702/702
f 5629/760/760 5529/702/702 5517/690/690 5516/689/689
f 5631/762/762 5632/763/763 5602/736/736 5607/742/742
f 5631/762/762 5607/742/742 5526/699/699 5525/698/698
f 5631/762/762 5525/698/698 5524/697/697 5532/705/705
f 5631/762/762 5532/705/705 14/9/9 5632/763/763
f 5633/764/764 5630/761/761 5597/732/732 5596/731/731
f 5633/764/764 4/4/4 3/3/3 5630/761/761
f 5634/765/765 5600/737/737 5602/736/736 5632/763/763
f 5634/765/765 5632/763/763 14/9/9 13/8/8
f 5635/766/766 5528/701/701 9/6/6 5574/709/709
f 5635/766/766 5574/709/709 5573/708/708 5636/767/767
f 5635/766/766 5636/767/767 5637/768/768 5638/769/769
f 5635/766/766 5638/769/769 5511/684/684 5528/701/701
f 5639/770/770 5640/771/771 5578/712/712 5577/711/711
f 5639/770/770 5577/711/711 16/11/11 5531/704/704
f 5639/770/770 5531/704/704 5522/695/695 5641/772/772
f 5639/770/770 5641/772/772 5642/773/773 5640/771/771
f 5643/774/774 5512/685/685 5511/684/684 5638/769/769
f 5643/774/774 5638/769/769 5637/768/768 5644/775/775
f 5643/774/774 5644/775/775 5623/754/754 5622/753/753
f 5643/774/774 5622/753/753 5513/686/686 5512/685/685
f 5645/776/776 5646/777/777 5642/773/773 5641/772/772
f 5645/776/776 5641/772/772 5522/695/695 5521/694/694
f 5645/776/776 5521/694/694 5520/693/693 5626/757/757
f 5645/776/776 5626/757/757 5628/759/759 5646/777/777
f 5647/778/778 5614/745/745 5583/718/718 5624/755/755
f 5647/778/778 5624/755/755 5623/754/754 5648/779/779
f 5647/778/778 5648/779/779 5210/637/637 5649/780/780
f 5647/778/778 5649/780/780 5615/746/746 5614/745/745
f 5650/781/781 5651/782/782 5628/759/759 5627/758/758
f 5650/781/781 5627/758/758 5590/725/725 5618/749/749
f 5650/781/781 5618/749/749 5620/751/751 5652/783/783
f 5650/781/781 5652/783/783 5216/643/643 5651/782/782
f 5653/784/784 5616/747/747 5615/746/746 5654/785/785
f 5653/784/784 5654/785/785 5251/678/678 5253/680/680
f 5655/786/786 5656/787/787 5657/788/788 5658/789/789
f 5655/786/786 5658/789/789 5620/751/751 5619/750/750
f 5659/790/790 5660/791/791 5208/635/635 5247/674/674
f 5659/790/790 5247/674/674 5251/678/678 5654/785/785
f 5659/790/790 5654/785/785 5615/746/746 5660/791/791
f 5661/792/792 5662/793/793 5218/645/645 5663/794/794
f 5661/792/792 5663/794/794 5620/751/751 5658/789/789
f 5661/792/792 5658/789/789 5657/788/788 5662/793/793
f 5664/795/795 5660/791/791 5615/746/746 5649/780/780
f 5664/795/795 5649/780/780 5210/637/637 5209/636/636
f 5664/795/795 5209/636/636 5208/635/635 5660/791/791
f 5665/796/796 5652/783/783 5620/751/751 5663/794/794
f 5665/796/796 5663/794/794 5218/645/645 5217/644/644
f 5665/796/796 5217/644/644 5216/643/643 5652/783/783
f 5666/797/797 5223/650/650 5210/637/637 5648/779/779
f 5666/797/797 5648/779/779 5623/754/754 5644/775/775
f 5666/797/797 5644/775/775 5637/768/768 5667/798/798
f 5666/797/797 5667/798/798 5224/651/651 5223/650/650
f 5668/799/799 5646/777/777 5628/759/759 5651/782/782
f 5668/799/799 5651/782/782 5216/643/643 5227/654/654
f 5668/799/799 5227/654/654 5229/656/656 5669/800/800
f 5668/799/799 5669/800/800 5642/773/773 5646/777/777
f 5670/801/801 5231/658/658 5224/651/651 5667/798/798
f 5670/801/801 5667/798/798 5637/768/768 5636/767/767
f 5670/801/801 5636/767/767 5573/708/708 5671/802/802
f 5670/801/801 5671/802/802 5176/605/605 5231/658/658
f 5672/803/803 5640/771/771 5642/773/773 5669/800/800
f 5672/803/803 5669/800/800 5229/656/656 5233/660/660
f 5672/803/803 5233/660/660 5183/612/612 5673/804/804
f 5672/803/803 5673/804/804 5578/712/712 5640/771/771
f 6006/805/805 3531/353/353 3535/360/360 6007/806/806
f 6006/805/805 6007/806/806 6008/807/807 6009/808/808
f 6006/805/805 6009/808/808 6010/809/809 6011/810/810
f 6006/805/805 6011/810/810 3412/354/354 3531/353/353
f 6012/811/811 3543/371/371 3547/375/375 6013/812/812
f 6012/811/811 6013/812/812 6014/813/813 6015/814/814
f 6012/811/811 6015/814/814 6008/807/807 6007/806/806
f 6012/811/811 6007/806/806 3535/360/360 3543/371/371
f 6016/815/815 3587/415/415 3591/419/419 6017/816/816
f 6016/815/815 6017/816/816 6018/817/817 6019/818/818
f 6016/815/815 6019/818/818 6014/813/813 6013/812/812
f 6016/815/815 6013/812/812 3547/375/375 3587/415/415
f 6020/819/819 3599/427/427 3603/431/431 6021/820/820
f 6020/819/819 6021/820/820 6022/821/821 6023/822/822
f 6020/819/819 6023/822/822 6018/817/817 6017/816/816
f 6020/819/819 6017/816/816 3591/419/419 3599/427/427
f 6052/823/823 6053/824/824 5061/528/528 5060/527/527
f 6052/823/823 5060/527/527 5059/526/526 5153/598/598
f 6054/825/825 5155/600/600 5067/534/534 5066/533/533
f 6054/825/825 5066/533/533 5065/532/532 6055/826/826
f 6056/827/827 6057/828/828 6058/829/829 6059/830/830
f 6056/827/827 6059/830/830 5061/528/528 6053/824/824
f 6060/831/831 5057/524/524 5061/528/528 6059/830/830
f 6060/831/831 6059/830/830 6058/829/829 6061/832/832
f 6060/831/831 6061/832/832 6062/833/833 6063/834/834
f 6060/831/831 6063/834/834 5049/516/516 5057/524/524
f 6064/835/835 5045/512/512 5049/516/516 6063/834/834
f 6064/835/835 6063/834/834 6062/833/833 6065/836/836
f 6064/835/835 6065/836/836 5070/537/537 5069/536/536
f 6064/835/835 5069/536/536 5037/501/501 5045/512/512
f 6285/837/837 5177/606/606 5176/605/605 5671/802/802
f 6285/837/837 5671/802/802 5573/708/708 5572/707/707
f 6286/838/838 5576/713/713 5578/712/712 5673/804/804
f 6286/838/838 5673/804/804 5183/612/612 5182/611/611
f 6343/839/839 6344/840/840 2178/351/351 2177/350/350
f 6343/839/839 2177/350/350 2122/339/339 6345/841/841
f 6343/839/839 6345/841/841 1774/842/19 1773/843/18
f 6343/839/839 1773/843/18 1772/844/17 6344/840/840
f 6346/845/842 6347/846/843 1796/41/41 1795/40/40
f 6346/845/842 1795/40/40 1794/39/39 6348/847/844
f 6346/845/842 6348/847/844 1783/848/28 1782/849/27
f 6346/845/842 1782/849/27 1781/850/26 6347/846/843
f 6349/851/845 6350/852/846 1827/72/72 1826/71/71
f 6349/851/845 1826/71/71 1796/41/41 6347/846/843
f 6349/851/845 6347/846/843 1781/850/26 1806/853/51
f 6349/851/845 1806/853/51 1805/854/50 6350/852/846
f 6351/855/847 6352/856/848 1848/93/93 1847/92/92
f 6351/855/847 1847/92/92 1827/72/72 6350/852/846
f 6351/855/847 6350/852/846 1805/854/50 1834/857/79
f 6351/855/847 1834/857/79 1833/858/78 6352/856/848
f 6353/859/849 6354/860/850 1878/123/123 1877/122/122
f 6353/859/849 1877/122/122 1848/93/93 6352/856/848
f 6353/859/849 6352/856/848 1833/858/78 1840/861/85
f 6353/859/849 1840/861/85 1839/862/84 6354/860/850
f 6355/863/851 6356/864/852 1940/185/185 1939/184/184
f 6355/863/851 1939/184/184 1878/123/123 6354/860/850
f 6355/863/851 6354/860/850 1839/862/84 1886/865/131
f 6355/863/851 1886/865/131 1885/866/130 6356/864/852
f 6357/867/853 6358/868/854 1950/195/195 1949/194/194
f 6357/867/853 1949/194/194 1940/185/185 6356/864/852
f 6357/867/853 6356/864/852 1885/866/130 1892/869/137
f 6357/867/853 1892/869/137 1891/870/136 6358/868/854
f 6359/871/855 6360/872/856 2039/256/256 2038/255/255
f 6359/871/855 2038/255/255 1950/195/195 6358/868/854
f 6359/871/855 6358/868/854 1891/870/136 2088/873/305
f 6359/871/855 2088/873/305 2087/874/304 6360/872/856
f 6361/875/857 6362/876/858 2050/267/267 2049/266/266
f 6361/875/857 2049/266/266 2039/256/256 6360/872/856
f 6361/875/857 6360/872/856 2087/874/304 2092/877/309
f 6361/875/857 2092/877/309 2091/878/308 6362/876/858
f 6363/879/859 6364/880/860 2070/287/287 2069/286/286
f 6363/879/859 2069/286/286 2050/267/267 6362/876/858
f 6363/879/859 6362/876/858 2091/878/308 2096/881/313
f 6363/879/859 2096/881/313 2095/882/312 6364/880/860
f 6365/883/861 6366/884/862 2082/299/299 2081/298/298
f 6365/883/861 2081/298/298 2070/287/287 6364/880/860
f 6365/883/861 6364/880/860 2095/882/312 2100/885/317
f 6365/883/861 2100/885/317 2099/886/316 6366/884/862
f 6367/887/863 6368/888/864 2120/337/337 3646/474/474
f 6367/887/863 3646/474/474 2082/299/299 6366/884/862
f 6367/887/863 6366/884/862 2099/886/316 2106/889/323
f 6367/887/863 2106/889/323 2105/890/322 6368/888/864
f 6369/891/865 6345/841/841 2122/339/339 2121/338/338
f 6369/891/865 2121/338/338 2120/337/337 6368/888/864
f 6369/891/865 6368/888/864 2105/890/322 2109/892/326
f 6369/891/865 2109/892/326 1774/842/19 6345/841/841
f 6386/893/866 6387/894/867 5041/508/508 5040/507/507
f 6386/893/866 5040/507/507 5031/506/506 6388/895/868
f 6386/893/866 6388/895/868 5072/896/539 5071/897/538
f 6386/893/866 5071/897/538 5070/898/537 6387/894/867
f 6392/899/869 6348/847/844 1794/39/39 5237/664/664
f 6392/899/869 5237/664/664 5220/647/647 6393/900/870
f 6392/899/869 6393/900/870 5240/901/667 5239/902/666
f 6392/899/869 5239/902/666 1783/848/28 6348/847/844
f 6394/903/871 6393/900/870 5220/647/647 5219/646/646
f 6394/903/871 5219/646/646 5218/645/645 6395/904/872
f 6394/903/871 6395/904/872 5244/905/671 5243/906/670
f 6394/903/871 5243/906/670 5240/901/667 6393/900/870
f 6396/907/873 6395/904/872 5218/645/645 5662/793/793
f 6396/907/873 5662/793/793 5657/788/788 6397/908/874
f 6396/907/873 6397/908/874 5249/909/676 5248/910/675
f 6396/907/873 5248/910/675 5244/905/671 6395/904/872
f 6398/911/875 6397/908/874 5657/788/788 5656/787/787
f 6398/911/875 5254/912/681 5249/909/676 6397/908/874
f 6426/913/876 6427/914/877 3539/367/367 3538/366/366
f 6426/913/876 3538/366/366 3423/365/365 6428/915/878
f 6426/913/876 6428/915/878 6010/916/809 6009/917/808
f 6426/913/876 6009/917/808 6008/918/807 6427/914/877
f 6429/919/879 6430/920/880 3551/379/379 3550/378/378
f 6429/919/879 3550/378/378 3539/367/367 6427/914/877
f 6429/919/879 6427/914/877 6008/918/807 6015/921/814
f 6429/919/879 6015/921/814 6014/922/813 6430/920/880
f 6431/923/881 6432/924/882 3595/423/423 3594/422/422
f 6431/923/881 3594/422/422 3551/379/379 6430/920/880
f 6431/923/881 6430/920/880 6014/922/813 6019/925/818
f 6431/923/881 6019/925/818 6018/926/817 6432/924/882
f 6433/927/883 6434/928/884 3607/435/435 3606/434/434
f 6433/927/883 3606/434/434 3595/423/423 6432/924/882
f 6433/927/883 6432/924/882 6018/926/817 6023/929/822
f 6433/927/883 6023/929/822 6022/930/821 6434/928/884
f 6436/931/885 6055/826/826 5065/532/532 6437/932/886
f 6436/931/885 6437/932/886 6058/933/829 6057/934/828
f 6438/935/887 6437/932/886 5065/532/532 5064/531/531
f 6438/935/887 5064/531/531 5053/520/520 6439/936/888
f 6438/935/887 6439/936/888 6062/937/833 6061/938/832
f 6438/935/887 6061/938/832 6058/933/829 6437/932/886
f 6440/939/889 6439/936/888 5053/520/520 5052/519/519
f 6440/939/889 5052/519/519 5041/508/508 6387/894/867
f 6440/939/889 6387/894/867 5070/898/537 6065/940/836
f 6440/939/889 6065/940/836 6062/937/833 6439/936/888
usemtl ear
f 1/941/1 4/942/4 5/943/890 6/944/891
f 1/941/1 6/944/891 7/945/892 8/946/5
f 10/947/7 11/948/893 12/949/894 13/950/8
f 10/947/7 17/951/12 18/952/895 11/948/893
f 69/953/896 70/954/897 71/955/898 72/956/899
f 69/953/896 72/956/899 73/957/900 74/958/901
f 4497/959/902 4498/960/903 4499/961/904 4500/962/905
f 4497/959/902 4500/962/905 4501/963/906 4502/964/907
f 4497/959/902 4502/964/907 4503/965/908 4504/966/909
f 4497/959/902 4504/966/909 4505/967/910 4498/960/903
f 4506/968/911 4507/969/912 4508/970/913 4509/971/914
f 4506/968/911 4509/971/914 4510/972/915 4511/973/916
f 4506/968/911 4511/973/916 4512/974/917 4513/975/918
f 4506/968/911 4513/975/918 4514/976/919 4507/969/912
f 4515/977/920 4502/964/907 4501/963/906 4516/978/921
f 4515/977/920 4516/978/921 4517/979/922 4518/980/923
f 4515/977/920 4518/980/923 4503/965/908 4502/964/907
f 4519/981/924 4520/982/925 4514/976/919 4513/975/918
f 4519/981/924 4513/975/918 4512/974/917 4521/983/926
f 4519/981/924 4521/983/926 4522/984/927 4520/982/925
f 4523/985/928 4524/986/929 4503/965/908 4518/980/923
f 4523/985/928 4518/980/923 4517/979/922 4525/987/930
f 4523/985/928 4525/987/930 4526/988/931 4524/986/929
f 4527/989/932 4521/983/926 4512/974/917 4528/990/933
f 4527/989/932 4528/990/933 4529/991/934 4530/992/935
f 4527/989/932 4530/992/935 4522/984/927 4521/983/926
f 4531/993/936 4525/987/930 4517/979/922 4516/978/921
f 4531/993/936 4516/978/921 4501/963/906 4532/994/937
f 4531/993/936 4532/994/937 4533/995/938 4534/996/939
f 4531/993/936 4534/996/939 4526/988/931 4525/987/930
f 4535/997/940 4520/982/925 4522/984/927 4530/992/935
f 4535/997/940 4530/992/935 4529/991/934 4536/998/941
f 4535/997/940 4536/998/941 4537/999/942 4538/1000/943
f 4535/997/940 4538/1000/943 4514/976/919 4520/982/925
f 4539/1001/944 4504/966/909 4503/965/908 4540/1002/945
f 4539/1001/944 4540/1002/945 4541/1003/946 4542/1004/947
f 4539/1001/944 4542/1004/947 4543/1005/948 4544/1006/949
f 4539/1001/944 4544/1006/949 4505/967/910 4504/966/909
f 4545/1007/950 4546/1008/951 4512/974/917 4511/973/916
f 4545/1007/950 4511/973/916 4510/972/915 4547/1009/952
f 4545/1007/950 4547/1009/952 4548/1010/953 4549/1011/954
f 4545/1007/950 4549/1011/954 4550/1012/955 4546/1008/951
f 4551/1013/956 4524/986/929 4526/988/931 4552/1014/957
f 4551/1013/956 4552/1014/957 4541/1003/946 4540/1002/945
f 4551/1013/956 4540/1002/945 4503/965/908 4524/986/929
f 4553/1015/958 4554/1016/959 4529/991/934 4528/990/933
f 4553/1015/958 4528/990/933 4512/974/917 4546/1008/951
f 4553/1015/958 4546/1008/951 4550/1012/955 4554/1016/959
f 4555/1017/960 4532/994/937 4501/963/906 4500/962/905
f 4555/1017/960 4500/962/905 4499/961/904 4556/1018/961
f 4555/1017/960 4556/1018/961 4557/1019/962 4558/1020/963
f 4555/1017/960 4558/1020/963 4533/995/938 4532/994/937
f 4559/1021/964 4507/969/912 4514/976/919 4538/1000/943
f 4559/1021/964 4538/1000/943 4537/999/942 4560/1022/965
f 4559/1021/964 4560/1022/965 4561/1023/966 4562/1024/967
f 4559/1021/964 4562/1024/967 4508/970/913 4507/969/912
f 4563/1025/968 4564/1026/969 4557/1019/962 4556/1018/961
f 4563/1025/968 4556/1018/961 4499/961/904 4498/960/903
f 4563/1025/968 4498/960/903 4505/967/910 4564/1026/969
f 4565/1027/970 4562/1024/967 4561/1023/966 4566/1028/971
f 4565/1027/970 4566/1028/971 4510/972/915 4509/971/914
f 4565/1027/970 4509/971/914 4508/970/913 4562/1024/967
f 4567/1029/972 4564/1026/969 4505/967/910 4544/1006/949
f 4567/1029/972 4544/1006/949 4543/1005/948 4568/1030/973
f 4567/1029/972 4568/1030/973 4569/1031/974 4570/1032/975
f 4567/1029/972 4570/1032/975 4557/1019/962 4564/1026/969
f 4571/1033/976 4547/1009/952 4510/972/915 4566/1028/971
f 4571/1033/976 4566/1028/971 4561/1023/966 4572/1034/977
f 4571/1033/976 4572/1034/977 4573/1035/978 4574/1036/979
f 4571/1033/976 4574/1036/979 4548/1010/953 4547/1009/952
f 4575/1037/980 4576/1038/981 4543/1005/948 4542/1004/947
f 4575/1037/980 4542/1004/947 4541/1003/946 4552/1014/957
f 4575/1037/980 4552/1014/957 4526/988/931 4577/1039/982
f 4575/1037/980 4577/1039/982 4578/1040/983 4576/1038/981
f 4579/1041/984 4549/1011/954 4548/1010/953 4580/1042/985
f 4579/1041/984 4580/1042/985 4581/1043/986 4582/1044/987
f 4579/1041/984 4582/1044/987 4529/991/934 4554/1016/959
f 4579/1041/984 4554/1016/959 4550/1012/955 4549/1011/954
f 4583/1045/988 4577/1039/982 4526/988/931 4584/1046/989
f 4583/1045/988 4584/1046/989 4585/1047/990 4586/1048/991
f 4583/1045/988 4586/1048/991 4587/1049/992 4588/1050/993
f 4583/1045/988 4588/1050/993 4578/1040/983 4577/1039/982
f 4589/1051/994 4590/1052/995 4529/991/934 4582/1044/987
f 4589/1051/994 4582/1044/987 4581/1043/986 4591/1053/996
f 4589/1051/994 4591/1053/996 4592/1054/997 4593/1055/998
f 4589/1051/994 4593/1055/998 4594/1056/999 4590/1052/995
f 4595/1057/1000 4584/1046/989 4526/988/931 4534/996/939
f 4595/1057/1000 4534/996/939 4533/995/938 4596/1058/1001
f 4595/1057/1000 4596/1058/1001 4597/1059/1002 4598/1060/1003
f 4595/1057/1000 4598/1060/1003 4585/1047/990 4584/1046/989
f 4599/1061/1004 4536/998/941 4529/991/934 4590/1052/995
f 4599/1061/1004 4590/1052/995 4594/1056/999 4600/1062/1005
f 4599/1061/1004 4600/1062/1005 4601/1063/1006 4602/1064/1007
f 4599/1061/1004 4602/1064/1007 4537/999/942 4536/998/941
f 4603/1065/1008 4598/1060/1003 4597/1059/1002 4604/1066/1009
f 4603/1065/1008 4604/1066/1009 4605/1067/1010 4606/1068/1011
f 4603/1065/1008 4606/1068/1011 4587/1049/992 4586/1048/991
f 4603/1065/1008 4586/1048/991 4585/1047/990 4598/1060/1003
f 4607/1069/1012 4608/1070/1013 4601/1063/1006 4600/1062/1005
f 4607/1069/1012 4600/1062/1005 4594/1056/999 4593/1055/998
f 4607/1069/1012 4593/1055/998 4592/1054/997 4609/1071/1014
f 4607/1069/1012 4609/1071/1014 4610/1072/1015 4608/1070/1013
f 4611/1073/1016 4612/1074/1017 4587/1049/992 4606/1068/1011
f 4611/1073/1016 4606/1068/1011 4605/1067/1010 4613/1075/1018
f 4611/1073/1016 4613/1075/1018 4614/1076/1019 4615/1077/1020
f 4611/1073/1016 4615/1077/1020 4616/1078/1021 4612/1074/1017
f 4617/1079/1022 4609/1071/1014 4592/1054/997 4618/1080/1023
f 4617/1079/1022 4618/1080/1023 4619/1081/1024 4620/1082/1025
f 4617/1079/1022 4620/1082/1025 4621/1083/1026 4622/1084/1027
f 4617/1079/1022 4622/1084/1027 4610/1072/1015 4609/1071/1014
f 4623/1085/1028 4612/1074/1017 4616/1078/1021 4624/1086/1029
f 4623/1085/1028 4624/1086/1029 4625/1087/1030 4626/1088/1031
f 4623/1085/1028 4626/1088/1031 4578/1040/983 4588/1050/993
f 4623/1085/1028 4588/1050/993 4587/1049/992 4612/1074/1017
f 4627/1089/1032 4628/1090/1033 4619/1081/1024 4618/1080/1023
f 4627/1089/1032 4618/1080/1023 4592/1054/997 4591/1053/996
f 4627/1089/1032 4591/1053/996 4581/1043/986 4629/1091/1034
f 4627/1089/1032 4629/1091/1034 4630/1092/1035 4628/1090/1033
f 4631/1093/1036 4626/1088/1031 4625/1087/1030 4632/1094/1037
f 4631/1093/1036 4632/1094/1037 4633/1095/1038 4634/1096/1039
f 4631/1093/1036 4634/1096/1039 4543/1005/948 4576/1038/981
f 4631/1093/1036 4576/1038/981 4578/1040/983 4626/1088/1031
f 4635/1097/1040 4636/1098/1041 4630/1092/1035 4629/1091/1034
f 4635/1097/1040 4629/1091/1034 4581/1043/986 4580/1042/985
f 4635/1097/1040 4580/1042/985 4548/1010/953 4637/1099/1042
f 4635/1097/1040 4637/1099/1042 4638/1100/1043 4636/1098/1041
f 4639/1101/1044 4568/1030/973 4543/1005/948 4634/1096/1039
f 4639/1101/1044 4634/1096/1039 4633/1095/1038 4640/1102/1045
f 4639/1101/1044 4640/1102/1045 4641/1103/1046 4642/1104/1047
f 4639/1101/1044 4642/1104/1047 4569/1031/974 4568/1030/973
f 4643/1105/1048 4637/1099/1042 4548/1010/953 4574/1036/979
f 4643/1105/1048 4574/1036/979 4573/1035/978 4644/1106/1049
f 4643/1105/1048 4644/1106/1049 4645/1107/1050 4646/1108/1051
f 4643/1105/1048 4646/1108/1051 4638/1100/1043 4637/1099/1042
f 4647/1109/1052 4648/1110/1053 4649/1111/1054 4650/1112/1055
f 4647/1109/1052 4650/1112/1055 4597/1059/1002 4596/1058/1001
f 4647/1109/1052 4596/1058/1001 4533/995/938 4651/1113/1056
f 4647/1109/1052 4651/1113/1056 4652/1114/1057 4648/1110/1053
f 4653/1115/1058 4654/1116/1059 4655/1117/1060 4656/1118/1061
f 4653/1115/1058 4656/1118/1061 4657/1119/1062 4658/1120/1063
f 4653/1115/1058 4658/1120/1063 4537/999/942 4602/1064/1007
f 4653/1115/1058 4602/1064/1007 4601/1063/1006 4654/1116/1059
f 4659/1121/1064 4660/1122/1065 4661/1123/1066 4662/1124/1067
f 4659/1121/1064 4662/1124/1067 4652/1114/1057 4651/1113/1056
f 4659/1121/1064 4651/1113/1056 4533/995/938 4660/1122/1065
f 4663/1125/1068 4664/1126/1069 4665/1127/1070 4666/1128/1071
f 4663/1125/1068 4666/1128/1071 4537/999/942 4658/1120/1063
f 4663/1125/1068 4658/1120/1063 4657/1119/1062 4664/1126/1069
f 4667/1129/1072 4660/1122/1065 4533/995/938 4558/1020/963
f 4667/1129/1072 4558/1020/963 4557/1019/962 4668/1130/1073
f 4667/1129/1072 4668/1130/1073 4661/1123/1066 4660/1122/1065
f 4669/1131/1074 4560/1022/965 4537/999/942 4666/1128/1071
f 4669/1131/1074 4666/1128/1071 4665/1127/1070 4670/1132/1075
f 4669/1131/1074 4670/1132/1075 4561/1023/966 4560/1022/965
f 4671/1133/1076 4672/1134/1077 4557/1019/962 4570/1032/975
f 4671/1133/1076 4570/1032/975 4569/1031/974 4673/1135/1078
f 4671/1133/1076 4673/1135/1078 4674/1136/1079 4672/1134/1077
f 4675/1137/1080 4676/1138/1081 4677/1139/1082 4678/1140/1083
f 4675/1137/1080 4678/1140/1083 4573/1035/978 4572/1034/977
f 4675/1137/1080 4572/1034/977 4561/1023/966 4676/1138/1081
f 4679/1141/1084 4673/1135/1078 4569/1031/974 4642/1104/1047
f 4679/1141/1084 4642/1104/1047 4641/1103/1046 4680/1142/1085
f 4679/1141/1084 4680/1142/1085 4681/1143/1086 4682/1144/1087
f 4679/1141/1084 4682/1144/1087 4674/1136/1079 4673/1135/1078
f 4683/1145/1088 4644/1106/1049 4573/1035/978 4678/1140/1083
f 4683/1145/1088 4678/1140/1083 4677/1139/1082 4684/1146/1089
f 4683/1145/1088 4684/1146/1089 4685/1147/1090 4686/1148/1091
f 4683/1145/1088 4686/1148/1091 4645/1107/1050 4644/1106/1049
f 4687/1149/1092 4640/1102/1045 4633/1095/1038 4688/1150/1093
f 4687/1149/1092 4688/1150/1093 4689/1151/1094 4690/1152/1095
f 4687/1149/1092 4690/1152/1095 4691/1153/1096 4692/1154/1097
f 4687/1149/1092 4692/1154/1097 4641/1103/1046 4640/1102/1045
f 4693/1155/1098 4694/1156/1099 4638/1100/1043 4646/1108/1051
f 4693/1155/1098 4646/1108/1051 4645/1107/1050 4695/1157/1100
f 4693/1155/1098 4695/1157/1100 4696/1158/1101 4697/1159/1102
f 4693/1155/1098 4697/1159/1102 4698/1160/1103 4694/1156/1099
f 4699/1161/1104 4688/1150/1093 4633/1095/1038 4632/1094/1037
f 4699/1161/1104 4632/1094/1037 4625/1087/1030 4700/1162/1105
f 4699/1161/1104 4700/1162/1105 4701/1163/1106 4702/1164/1107
f 4699/1161/1104 4702/1164/1107 4689/1151/1094 4688/1150/1093
f 4703/1165/1108 4636/1098/1041 4638/1100/1043 4694/1156/1099
f 4703/1165/1108 4694/1156/1099 4698/1160/1103 4704/1166/1109
f 4703/1165/1108 4704/1166/1109 4705/1167/1110 4706/1168/1111
f 4703/1165/1108 4706/1168/1111 4630/1092/1035 4636/1098/1041
f 4707/1169/1112 4680/1142/1085 4641/1103/1046 4692/1154/1097
f 4707/1169/1112 4692/1154/1097 4691/1153/1096 4708/1170/1113
f 4707/1169/1112 4708/1170/1113 4709/1171/1114 4710/1172/1115
f 4707/1169/1112 4710/1172/1115 4681/1143/1086 4680/1142/1085
f 4711/1173/1116 4695/1157/1100 4645/1107/1050 4686/1148/1091
f 4711/1173/1116 4686/1148/1091 4685/1147/1090 4712/1174/1117
f 4711/1173/1116 4712/1174/1117 4713/1175/1118 4714/1176/1119
f 4711/1173/1116 4714/1176/1119 4696/1158/1101 4695/1157/1100
f 4715/1177/1120 4716/1178/1121 4709/1171/1114 4708/1170/1113
f 4715/1177/1120 4708/1170/1113 4691/1153/1096 4717/1179/1122
f 4715/1177/1120 4717/1179/1122 4718/1180/1123 4719/1181/1124
f 4715/1177/1120 4719/1181/1124 4720/1182/1125 4716/1178/1121
f 4721/1183/1126 4714/1176/1119 4713/1175/1118 4722/1184/1127
f 4721/1183/1126 4722/1184/1127 4723/1185/1128 4724/1186/1129
f 4721/1183/1126 4724/1186/1129 4725/1187/1130 4726/1188/1131
f 4721/1183/1126 4726/1188/1131 4696/1158/1101 4714/1176/1119
f 4727/1189/1132 4700/1162/1105 4625/1087/1030 4624/1086/1029
f 4727/1189/1132 4624/1086/1029 4616/1078/1021 4728/1190/1133
f 4727/1189/1132 4728/1190/1133 4729/1191/1134 4730/1192/1135
f 4727/1189/1132 4730/1192/1135 4701/1163/1106 4700/1162/1105
f 4731/1193/1136 4628/1090/1033 4630/1092/1035 4706/1168/1111
f 4731/1193/1136 4706/1168/1111 4705/1167/1110 4732/1194/1137
f 4731/1193/1136 4732/1194/1137 4733/1195/1138 4734/1196/1139
f 4731/1193/1136 4734/1196/1139 4619/1081/1024 4628/1090/1033
f 4735/1197/1140 4728/1190/1133 4616/1078/1021 4615/1077/1020
f 4735/1197/1140 4615/1077/1020 4614/1076/1019 4736/1198/1141
f 4735/1197/1140 4736/1198/1141 4737/1199/1142 4738/1200/1143
f 4735/1197/1140 4738/1200/1143 4729/1191/1134 4728/1190/1133
f 4739/1201/1144 4620/1082/1025 4619/1081/1024 4734/1196/1139
f 4739/1201/1144 4734/1196/1139 4733/1195/1138 4740/1202/1145
f 4739/1201/1144 4740/1202/1145 4741/1203/1146 4742/1204/1147
f 4739/1201/1144 4742/1204/1147 4621/1083/1026 4620/1082/1025
f 4743/1205/1148 4744/1206/1149 4729/1191/1134 4738/1200/1143
f 4743/1205/1148 4738/1200/1143 4737/1199/1142 4745/1207/1150
f 4743/1205/1148 4745/1207/1150 4746/1208/1151 4744/1206/1149
f 4747/1209/1152 4740/1202/1145 4733/1195/1138 4748/1210/1153
f 4747/1209/1152 4748/1210/1153 4749/1211/1154 4750/1212/1155
f 4747/1209/1152 4750/1212/1155 4741/1203/1146 4740/1202/1145
f 4751/1213/1156 4744/1206/1149 4746/1208/1151 4752/1214/1157
f 4751/1213/1156 4752/1214/1157 4753/1215/1158 4754/1216/1159
f 4751/1213/1156 4754/1216/1159 4729/1191/1134 4744/1206/1149
f 4755/1217/1160 4756/1218/1161 4749/1211/1154 4748/1210/1153
f 4755/1217/1160 4748/1210/1153 4733/1195/1138 4757/1219/1162
f 4755/1217/1160 4757/1219/1162 4758/1220/1163 4756/1218/1161
f 4759/1221/1164 4752/1214/1157 4746/1208/1151 4760/1222/1165
f 4759/1221/1164 4760/1222/1165 4720/1182/1125 4719/1181/1124
f 4759/1221/1164 4719/1181/1124 4718/1180/1123 4761/1223/1166
f 4759/1221/1164 4761/1223/1166 4753/1215/1158 4752/1214/1157
f 4762/1224/1167 4763/1225/1168 4749/1211/1154 4756/1218/1161
f 4762/1224/1167 4756/1218/1161 4758/1220/1163 4764/1226/1169
f 4762/1224/1167 4764/1226/1169 4725/1187/1130 4724/1186/1129
f 4762/1224/1167 4724/1186/1129 4723/1185/1128 4763/1225/1168
f 4765/1227/1170 4766/1228/1171 4718/1180/1123 4717/1179/1122
f 4765/1227/1170 4717/1179/1122 4691/1153/1096 4690/1152/1095
f 4765/1227/1170 4690/1152/1095 4689/1151/1094 4767/1229/1172
f 4765/1227/1170 4767/1229/1172 4768/1230/1173 4766/1228/1171
f 4769/1231/1174 4726/1188/1131 4725/1187/1130 4770/1232/1175
f 4769/1231/1174 4770/1232/1175 4771/1233/1176 4772/1234/1177
f 4769/1231/1174 4772/1234/1177 4698/1160/1103 4697/1159/1102
f 4769/1231/1174 4697/1159/1102 4696/1158/1101 4726/1188/1131
f 4773/1235/1178 4774/1236/1179 4768/1230/1173 4767/1229/1172
f 4773/1235/1178 4767/1229/1172 4689/1151/1094 4702/1164/1107
f 4773/1235/1178 4702/1164/1107 4701/1163/1106 4775/1237/1180
f 4773/1235/1178 4775/1237/1180 4776/1238/1181 4774/1236/1179
f 4777/1239/1182 4772/1234/1177 4771/1233/1176 4778/1240/1183
f 4777/1239/1182 4778/1240/1183 4779/1241/1184 4780/1242/1185
f 4777/1239/1182 4780/1242/1185 4705/1167/1110 4704/1166/1109
f 4777/1239/1182 4704/1166/1109 4698/1160/1103 4772/1234/1177
f 4781/1243/1186 4775/1237/1180 4701/1163/1106 4730/1192/1135
f 4781/1243/1186 4730/1192/1135 4729/1191/1134 4754/1216/1159
f 4781/1243/1186 4754/1216/1159 4753/1215/1158 4782/1244/1187
f 4781/1243/1186 4782/1244/1187 4776/1238/1181 4775/1237/1180
f 4783/1245/1188 4732/1194/1137 4705/1167/1110 4780/1242/1185
f 4783/1245/1188 4780/1242/1185 4779/1241/1184 4784/1246/1189
f 4783/1245/1188 4784/1246/1189 4758/1220/1163 4757/1219/1162
f 4783/1245/1188 4757/1219/1162 4733/1195/1138 4732/1194/1137
f 4785/1247/1190 4782/1244/1187 4753/1215/1158 4761/1223/1166
f 4785/1247/1190 4761/1223/1166 4718/1180/1123 4766/1228/1171
f 4785/1247/1190 4766/1228/1171 4768/1230/1173 4774/1236/1179
f 4785/1247/1190 4774/1236/1179 4776/1238/1181 4782/1244/1187
f 4786/1248/1191 4764/1226/1169 4758/1220/1163 4784/1246/1189
f 4786/1248/1191 4784/1246/1189 4779/1241/1184 4778/1240/1183
f 4786/1248/1191 4778/1240/1183 4771/1233/1176 4770/1232/1175
f 4786/1248/1191 4770/1232/1175 4725/1187/1130 4764/1226/1169
f 5156/1249/1192 4613/1075/1018 4605/1067/1010 5157/1250/1193
f 5156/1249/1192 5157/1250/1193 5158/1251/1194 5159/1252/1195
f 5156/1249/1192 5159/1252/1195 5160/1253/1196 5161/1254/1197
f 5156/1249/1192 5161/1254/1197 4614/1076/1019 4613/1075/1018
f 5162/1255/1198 5163/1256/1199 4610/1072/1015 4622/1084/1027
f 5162/1255/1198 4622/1084/1027 4621/1083/1026 5164/1257/1200
f 5162/1255/1198 5164/1257/1200 5165/1258/1201 5166/1259/1202
f 5162/1255/1198 5166/1259/1202 5167/1260/1203 5163/1256/1199
f 5168/1261/1204 5157/1250/1193 4605/1067/1010 4604/1066/1009
f 5168/1261/1204 4604/1066/1009 4597/1059/1002 4650/1112/1055
f 5168/1261/1204 4650/1112/1055 4649/1111/1054 5169/1262/1205
f 5168/1261/1204 5169/1262/1205 5158/1251/1194 5157/1250/1193
f 5170/1263/1206 4608/1070/1013 4610/1072/1015 5163/1256/1199
f 5170/1263/1206 5163/1256/1199 5167/1260/1203 5171/1264/1207
f 5170/1263/1206 5171/1264/1207 4655/1117/1060 4654/1116/1059
f 5170/1263/1206 4654/1116/1059 4601/1063/1006 4608/1070/1013
f 5172/1265/601 5169/1262/1205 4649/1111/1054 5173/1266/602
f 5172/1265/601 5177/1267/606 5158/1251/1194 5169/1262/1205
f 5178/1268/607 5181/1269/610 4655/1117/1060 5171/1264/1207
f 5178/1268/607 5171/1264/1207 5167/1260/1203 5182/1270/611
f 5184/1271/613 5173/1266/602 4649/1111/1054 5185/1272/1208
f 5187/1273/615 5188/1274/1209 4655/1117/1060 5181/1269/610
f 5252/1275/679 5254/1276/681 73/957/900 72/956/899
f 5252/1275/679 72/956/899 71/955/898 5253/1277/680
f 5317/1278/1210 5185/1272/1208 4649/1111/1054 5318/1279/1211
f 5319/1280/1212 5320/1281/1213 4655/1117/1060 5188/1274/1209
f 5321/1282/1214 5318/1279/1211 4649/1111/1054 4648/1110/1053
f 5321/1282/1214 4648/1110/1053 4652/1114/1057 5322/1283/1215
f 5323/1284/1216 4656/1118/1061 4655/1117/1060 5320/1281/1213
f 5323/1284/1216 5324/1285/1217 4657/1119/1062 4656/1118/1061
f 5325/1286/1218 5322/1283/1215 4652/1114/1057 4662/1124/1067
f 5325/1286/1218 4662/1124/1067 4661/1123/1066 5326/1287/1219
f 5329/1288/1220 5332/1289/1221 4665/1127/1070 4664/1126/1069
f 5329/1288/1220 4664/1126/1069 4657/1119/1062 5324/1285/1217
f 5333/1290/1222 5326/1287/1219 4661/1123/1066 5335/1291/1223
f 5333/1290/1222 5335/1291/1223 5336/1292/1224 5337/1293/1225
f 5338/1294/1226 5339/1295/1227 4665/1127/1070 5332/1289/1221
f 5338/1294/1226 5341/1296/1228 5342/1297/1229 5339/1295/1227
f 5349/1298/1230 5350/1299/1231 4674/1136/1079 5351/1300/1232
f 5349/1298/1230 5351/1300/1232 5336/1292/1224 5335/1291/1223
f 5349/1298/1230 5335/1291/1223 4661/1123/1066 5350/1299/1231
f 5352/1301/1233 5353/1302/1234 4677/1139/1082 5354/1303/1235
f 5352/1301/1233 5354/1303/1235 4665/1127/1070 5339/1295/1227
f 5352/1301/1233 5339/1295/1227 5342/1297/1229 5353/1302/1234
f 5355/1304/1236 5337/1293/1225 5336/1292/1224 5356/1305/1237
f 5355/1304/1236 5356/1305/1237 71/955/898 70/954/897
f 5357/1306/1238 5358/1307/1239 5359/1308/1240 5360/1309/1241
f 5357/1306/1238 5360/1309/1241 5342/1297/1229 5341/1296/1228
f 5533/1310/1242 5534/1311/1243 5535/1312/1244 5536/1313/1245
f 5533/1310/1242 5536/1313/1245 4681/1143/1086 4710/1172/1115
f 5533/1310/1242 4710/1172/1115 4709/1171/1114 5537/1314/1246
f 5533/1310/1242 5537/1314/1246 5538/1315/1247 5534/1311/1243
f 5539/1316/1248 4712/1174/1117 4685/1147/1090 5540/1317/1249
f 5539/1316/1248 5540/1317/1249 5541/1318/1250 5542/1319/1251
f 5539/1316/1248 5542/1319/1251 5543/1320/1252 5544/1321/1253
f 5539/1316/1248 5544/1321/1253 4713/1175/1118 4712/1174/1117
f 5545/1322/1254 5546/1323/1255 5538/1315/1247 5537/1314/1246
f 5545/1322/1254 5537/1314/1246 4709/1171/1114 4716/1178/1121
f 5545/1322/1254 4716/1178/1121 4720/1182/1125 5547/1324/1256
f 5545/1322/1254 5547/1324/1256 5548/1325/1257 5546/1323/1255
f 5549/1326/1258 4722/1184/1127 4713/1175/1118 5544/1321/1253
f 5549/1326/1258 5544/1321/1253 5543/1320/1252 5550/1327/1259
f 5549/1326/1258 5550/1327/1259 5551/1328/1260 5552/1329/1261
f 5549/1326/1258 5552/1329/1261 4723/1185/1128 4722/1184/1127
f 5553/1330/1262 5554/1331/1263 5/943/890 5555/1332/1264
f 5553/1330/1262 5555/1332/1264 5548/1325/1257 5547/1324/1256
f 5553/1330/1262 5547/1324/1256 4720/1182/1125 5554/1331/1263
f 5556/1333/1265 5557/1334/1266 12/949/894 5558/1335/1267
f 5556/1333/1265 5558/1335/1267 4723/1185/1128 5552/1329/1261
f 5556/1333/1265 5552/1329/1261 5551/1328/1260 5557/1334/1266
f 5559/1336/1268 5554/1331/1263 4720/1182/1125 4760/1222/1165
f 5559/1336/1268 4760/1222/1165 4746/1208/1151 5560/1337/1269
f 5559/1336/1268 5560/1337/1269 5/943/890 5554/1331/1263
f 5561/1338/1270 4763/1225/1168 4723/1185/1128 5558/1335/1267
f 5561/1338/1270 5558/1335/1267 12/949/894 5562/1339/1271
f 5561/1338/1270 5562/1339/1271 4749/1211/1154 4763/1225/1168
f 5563/1340/1272 6/944/891 5/943/890 5560/1337/1269
f 5563/1340/1272 5560/1337/1269 4746/1208/1151 4745/1207/1150
f 5563/1340/1272 4745/1207/1150 4737/1199/1142 5564/1341/1273
f 5563/1340/1272 5564/1341/1273 7/945/892 6/944/891
f 5565/1342/1274 4750/1212/1155 4749/1211/1154 5562/1339/1271
f 5565/1342/1274 5562/1339/1271 12/949/894 11/948/893
f 5565/1342/1274 11/948/893 18/952/895 5566/1343/1275
f 5565/1342/1274 5566/1343/1275 4741/1203/1146 4750/1212/1155
f 5567/1344/1276 5568/1345/1277 7/945/892 5564/1341/1273
f 5567/1344/1276 5564/1341/1273 4737/1199/1142 4736/1198/1141
f 5567/1344/1276 4736/1198/1141 4614/1076/1019 5161/1254/1197
f 5567/1344/1276 5161/1254/1197 5160/1253/1196 5568/1345/1277
f 5569/1346/1278 4742/1204/1147 4741/1203/1146 5566/1343/1275
f 5569/1346/1278 5566/1343/1275 18/952/895 5570/1347/1279
f 5569/1346/1278 5570/1347/1279 5165/1258/1201 5164/1257/1200
f 5569/1346/1278 5164/1257/1200 4621/1083/1026 4742/1204/1147
f 5571/1348/706 8/946/5 7/945/892 5568/1345/1277
f 5571/1348/706 5568/1345/1277 5160/1253/1196 5572/1349/707
f 5575/1350/710 5576/1351/713 5165/1258/1201 5570/1347/1279
f 5575/1350/710 5570/1347/1279 18/952/895 17/951/12
f 5579/1352/714 5534/1311/1243 5538/1315/1247 5580/1353/715
f 5579/1352/714 5584/1354/719 5535/1312/1244 5534/1311/1243
f 5585/1355/720 5588/1356/723 5543/1320/1252 5542/1319/1251
f 5585/1355/720 5542/1319/1251 5541/1318/1250 5589/1357/724
f 5591/1358/726 5580/1353/715 5538/1315/1247 5546/1323/1255
f 5591/1358/726 5546/1323/1255 5548/1325/1257 5592/1359/727
f 5593/1360/728 5594/1361/729 5551/1328/1260 5550/1327/1259
f 5593/1360/728 5550/1327/1259 5543/1320/1252 5588/1356/723
f 5595/1362/730 5592/1359/727 5548/1325/1257 5596/1363/731
f 5599/1364/734 5600/1365/737 5551/1328/1260 5594/1361/729
f 5609/1366/1280 5351/1300/1232 4674/1136/1079 4682/1144/1087
f 5609/1366/1280 4682/1144/1087 4681/1143/1086 5536/1313/1245
f 5609/1366/1280 5536/1313/1245 5535/1312/1244 5610/1367/1281
f 5609/1366/1280 5610/1367/1281 5336/1292/1224 5351/1300/1232
f 5611/1368/1282 5540/1317/1249 4685/1147/1090 4684/1146/1089
f 5611/1368/1282 4684/1146/1089 4677/1139/1082 5353/1302/1234
f 5611/1368/1282 5353/1302/1234 5342/1297/1229 5612/1369/1283
f 5611/1368/1282 5612/1369/1283 5541/1318/1250 5540/1317/1249
f 5613/1370/744 5610/1367/1281 5535/1312/1244 5584/1354/719
f 5613/1370/744 5616/1371/747 5336/1292/1224 5610/1367/1281
f 5617/1372/748 5589/1357/724 5541/1318/1250 5612/1369/1283
f 5617/1372/748 5612/1369/1283 5342/1297/1229 5619/1373/750
f 5633/1374/764 5596/1363/731 5548/1325/1257 5555/1332/1264
f 5633/1374/764 5555/1332/1264 5/943/890 4/942/4
f 5634/1375/765 5557/1334/1266 5551/1328/1260 5600/1365/737
f 5634/1375/765 13/950/8 12/949/894 5557/1334/1266
f 5653/1376/784 5253/1277/680 71/955/898 5356/1305/1237
f 5653/1376/784 5356/1305/1237 5336/1292/1224 5616/1371/747
f 5655/1377/786 5619/1373/750 5342/1297/1229 5360/1309/1241
f 5655/1377/786 5360/1309/1241 5359/1308/1240 5656/1378/787
f 6285/1379/837 5572/1349/707 5160/1253/1196 5159/1252/1195
f 6285/1379/837 5159/1252/1195 5158/1251/1194 5177/1267/606
f 6286/1380/838 5182/1270/611 5167/1260/1203 5166/1259/1202
f 6286/1380/838 5166/1259/1202 5165/1258/1201 5576/1351/713
f 6287/1381/1284 5350/1299/1231 4661/1123/1066 4668/1130/1073
f 6287/1381/1284 4668/1130/1073 4557/1019/962 4672/1134/1077
f 6287/1381/1284 4672/1134/1077 4674/1136/1079 5350/1299/1231
f 6288/1382/1285 4670/1132/1075 4665/1127/1070 5354/1303/1235
f 6288/1382/1285 5354/1303/1235 4677/1139/1082 4676/1138/1081
f 6288/1382/1285 4676/1138/1081 4561/1023/966 4670/1132/1075
f 6289/1383/1286 6290/1384/1287 5359/1308/1240 5358/1307/1239
f 6289/1383/1286 74/1385/901 73/1386/900 6290/1384/1287
f 6398/1387/875 5656/1378/787 5359/1308/1240 6290/1384/1287
f 6398/1387/875 6290/1384/1287 73/1386/900 5254/1388/681
usemtl head
f 19/1389/1288 20/1390/1289 21/1391/1290 22/1392/1291
f 19/1389/1288 22/1392/1291 23/1393/1292 24/1394/1293
f 19/1389/1288 24/1394/1293 25/1395/1294 26/1396/1295
f 19/1389/1288 26/1396/1295 27/1397/1296 20/1390/1289
f 28/1398/1297 29/1399/1298 30/1400/1299 31/1401/1300
f 28/1398/1297 31/1401/1300 32/1402/1301 33/1403/1302
f 28/1398/1297 33/1403/1302 34/1404/1303 35/1405/1304
f 28/1398/1297 35/1405/1304 36/1406/1305 29/1399/1298
f 37/1407/1306 20/1390/1289 27/1397/1296 38/1408/1307
f 37/1407/1306 38/1408/1307 39/1409/1308 40/1410/1309
f 37/1407/1306 40/1410/1309 41/1411/1310 42/1412/1311
f 37/1407/1306 42/1412/1311 21/1391/1290 20/1390/1289
f 43/1413/1312 44/1414/1313 45/1415/1314 46/1416/1315
f 43/1413/1312 46/1416/1315 34/1404/1303 33/1403/1302
f 43/1413/1312 33/1403/1302 32/1402/1301 47/1417/1316
f 43/1413/1312 47/1417/1316 48/1418/1317 44/1414/1313
f 49/1419/1318 50/1420/1319 51/1421/1320 52/1422/1321
f 49/1419/1318 52/1422/1321 39/1409/1308 38/1408/1307
f 49/1419/1318 38/1408/1307 27/1397/1296 50/1420/1319
f 53/1423/1322 54/1424/1323 55/1425/1324 56/1426/1325
f 53/1423/1322 56/1426/1325 34/1404/1303 46/1416/1315
f 53/1423/1322 46/1416/1315 45/1415/1314 54/1424/1323
f 57/1427/1326 52/1422/1321 51/1421/1320 58/1428/1327
f 57/1427/1326 58/1428/1327 59/1429/1328 60/1430/1329
f 57/1427/1326 60/1430/1329 61/1431/1330 62/1432/1331
f 57/1427/1326 62/1432/1331 39/1409/1308 52/1422/1321
f 63/1433/1332 64/1434/1333 65/1435/1334 66/1436/1335
f 63/1433/1332 66/1436/1335 55/1425/1324 54/1424/1323
f 63/1433/1332 54/1424/1323 45/1415/1314 67/1437/1336
f 63/1433/1332 67/1437/1336 68/1438/1337 64/1434/1333
f 69/1439/896 74/1440/901 75/1441/1338 76/1442/1339
f 69/1439/896 76/1442/1339 59/1429/1328 70/1443/897
f 77/1444/1340 60/1430/1329 59/1429/1328 76/1442/1339
f 77/1444/1340 76/1442/1339 75/1441/1338 78/1445/1341
f 77/1444/1340 78/1445/1341 79/1446/1342 80/1447/1343
f 77/1444/1340 80/1447/1343 61/1431/1330 60/1430/1329
f 81/1448/1344 82/1449/1345 39/1409/1308 62/1432/1331
f 81/1448/1344 62/1432/1331 61/1431/1330 83/1450/1346
f 81/1448/1344 83/1450/1346 84/1451/1347 85/1452/1348
f 81/1448/1344 85/1452/1348 86/1453/1349 82/1449/1345
f 87/1454/1350 88/1455/1351 68/1438/1337 67/1437/1336
f 87/1454/1350 67/1437/1336 45/1415/1314 89/1456/1352
f 87/1454/1350 89/1456/1352 90/1457/1353 91/1458/1354
f 87/1454/1350 91/1458/1354 92/1459/1355 88/1455/1351
f 93/1460/1356 40/1410/1309 39/1409/1308 82/1449/1345
f 93/1460/1356 82/1449/1345 86/1453/1349 94/1461/1357
f 93/1460/1356 94/1461/1357 95/1462/1358 96/1463/1359
f 93/1460/1356 96/1463/1359 41/1411/1310 40/1410/1309
f 97/1464/1360 98/1465/1361 90/1457/1353 89/1456/1352
f 97/1464/1360 89/1456/1352 45/1415/1314 44/1414/1313
f 97/1464/1360 44/1414/1313 48/1418/1317 99/1466/1362
f 97/1464/1360 99/1466/1362 100/1467/1363 98/1465/1361
f 101/1468/1364 96/1463/1359 95/1462/1358 102/1469/1365
f 101/1468/1364 102/1469/1365 103/1470/1366 104/1471/1367
f 101/1468/1364 104/1471/1367 105/1472/1368 106/1473/1369
f 101/1468/1364 106/1473/1369 41/1411/1310 96/1463/1359
f 107/1474/1370 108/1475/1371 109/1476/1372 110/1477/1373
f 107/1474/1370 110/1477/1373 100/1467/1363 99/1466/1362
f 107/1474/1370 99/1466/1362 48/1418/1317 111/1478/1374
f 107/1474/1370 111/1478/1374 112/1479/1375 108/1475/1371
f 113/1480/1376 114/1481/1377 103/1470/1366 102/1469/1365
f 113/1480/1376 102/1469/1365 95/1462/1358 115/1482/1378
f 113/1480/1376 115/1482/1378 116/1483/1379 117/1484/1380
f 113/1480/1376 117/1484/1380 118/1485/1381 119/1486/1382
f 113/1480/1376 119/1486/1382 120/1487/1383 114/1481/1377
f 121/1488/1384 122/1489/1385 123/1490/1386 124/1491/1387
f 121/1488/1384 124/1491/1387 100/1467/1363 110/1477/1373
f 121/1488/1384 110/1477/1373 109/1476/1372 125/1492/1388
f 121/1488/1384 125/1492/1388 126/1493/1389 127/1494/1390
f 121/1488/1384 127/1494/1390 128/1495/1391 122/1489/1385
f 129/1496/1392 130/1497/1393 131/1498/1394 132/1499/1395
f 129/1496/1392 132/1499/1395 103/1470/1366 114/1481/1377
f 129/1496/1392 114/1481/1377 120/1487/1383 130/1497/1393
f 133/1500/1396 134/1501/1397 135/1502/1398 136/1503/1399
f 133/1500/1396 136/1503/1399 126/1493/1389 125/1492/1388
f 133/1500/1396 125/1492/1388 109/1476/1372 134/1501/1397
f 137/1504/1400 138/1505/1401 86/1453/1349 85/1452/1348
f 137/1504/1400 85/1452/1348 84/1451/1347 139/1506/1402
f 137/1504/1400 139/1506/1402 140/1507/1403 141/1508/1404
f 137/1504/1400 141/1508/1404 142/1509/1405 138/1505/1401
f 143/1510/1406 144/1511/1407 92/1459/1355 91/1458/1354
f 143/1510/1406 91/1458/1354 90/1457/1353 145/1512/1408
f 143/1510/1406 145/1512/1408 146/1513/1409 147/1514/1410
f 143/1510/1406 147/1514/1410 148/1515/1411 144/1511/1407
f 149/1516/1412 94/1461/1357 86/1453/1349 138/1505/1401
f 149/1516/1412 138/1505/1401 142/1509/1405 150/1517/1413
f 149/1516/1412 150/1517/1413 116/1483/1379 115/1482/1378
f 149/1516/1412 115/1482/1378 95/1462/1358 94/1461/1357
f 151/1518/1414 152/1519/1415 146/1513/1409 145/1512/1408
f 151/1518/1414 145/1512/1408 90/1457/1353 98/1465/1361
f 151/1518/1414 98/1465/1361 100/1467/1363 124/1491/1387
f 151/1518/1414 124/1491/1387 123/1490/1386 152/1519/1415
f 153/1520/1416 117/1484/1380 116/1483/1379 154/1521/1417
f 153/1520/1416 154/1521/1417 155/1522/1418 156/1523/1419
f 153/1520/1416 156/1523/1419 157/1524/1420 158/1525/1421
f 153/1520/1416 158/1525/1421 118/1485/1381 117/1484/1380
f 159/1526/1422 160/1527/1423 161/1528/1424 162/1529/1425
f 159/1526/1422 162/1529/1425 123/1490/1386 122/1489/1385
f 159/1526/1422 122/1489/1385 128/1495/1391 163/1530/1426
f 159/1526/1422 163/1530/1426 164/1531/1427 160/1527/1423
f 165/1532/1428 156/1523/1419 155/1522/1418 166/1533/1429
f 165/1532/1428 166/1533/1429 167/1534/1430 168/1535/1431
f 165/1532/1428 168/1535/1431 157/1524/1420 156/1523/1419
f 169/1536/1432 170/1537/1433 161/1528/1424 160/1527/1423
f 169/1536/1432 160/1527/1423 164/1531/1427 171/1538/1434
f 169/1536/1432 171/1538/1434 172/1539/1435 170/1537/1433
f 173/1540/1436 174/1541/1437 157/1524/1420 168/1535/1431
f 173/1540/1436 168/1535/1431 167/1534/1430 175/1542/1438
f 173/1540/1436 175/1542/1438 176/1543/1439 177/1544/1440
f 173/1540/1436 177/1544/1440 178/1545/1441 174/1541/1437
f 179/1546/1442 180/1547/1443 172/1539/1435 171/1538/1434
f 179/1546/1442 171/1538/1434 164/1531/1427 181/1548/1444
f 179/1546/1442 181/1548/1444 182/1549/1445 183/1550/1446
f 179/1546/1442 183/1550/1446 184/1551/1447 180/1547/1443
f 185/1552/1448 150/1517/1413 142/1509/1405 186/1553/1449
f 185/1552/1448 186/1553/1449 187/1554/1450 188/1555/1451
f 185/1552/1448 188/1555/1451 155/1522/1418 154/1521/1417
f 185/1552/1448 154/1521/1417 116/1483/1379 150/1517/1413
f 189/1556/1452 190/1557/1453 191/1558/1454 192/1559/1455
f 189/1556/1452 192/1559/1455 146/1513/1409 152/1519/1415
f 189/1556/1452 152/1519/1415 123/1490/1386 162/1529/1425
f 189/1556/1452 162/1529/1425 161/1528/1424 190/1557/1453
f 205/1560/1456 188/1555/1451 187/1554/1450 196/1561/1457
f 205/1560/1456 196/1561/1457 195/1562/1458 206/1563/1459
f 205/1560/1456 206/1563/1459 167/1534/1430 166/1533/1429
f 205/1560/1456 166/1533/1429 155/1522/1418 188/1555/1451
f 207/1564/1460 208/1565/1461 201/1566/1462 200/1567/1463
f 207/1564/1460 200/1567/1463 191/1558/1454 190/1557/1453
f 207/1564/1460 190/1557/1453 161/1528/1424 170/1537/1433
f 207/1564/1460 170/1537/1433 172/1539/1435 208/1565/1461
f 209/1568/1464 206/1563/1459 195/1562/1458 194/1569/1465
f 209/1568/1464 194/1569/1465 198/1570/1466 210/1571/1467
f 209/1568/1464 210/1571/1467 176/1543/1439 175/1542/1438
f 209/1568/1464 175/1542/1438 167/1534/1430 206/1563/1459
f 211/1572/1468 212/1573/1469 203/1574/1470 202/1575/1471
f 211/1572/1468 202/1575/1471 201/1566/1462 208/1565/1461
f 211/1572/1468 208/1565/1461 172/1539/1435 180/1547/1443
f 211/1572/1468 180/1547/1443 184/1551/1447 212/1573/1469
f 213/1576/1472 214/1577/1473 176/1543/1439 210/1571/1467
f 213/1576/1472 210/1571/1467 198/1570/1466 215/1578/1474
f 213/1576/1472 215/1578/1474 216/1579/1475 217/1580/1476
f 213/1576/1472 217/1580/1476 218/1581/1477 214/1577/1473
f 219/1582/1478 220/1583/1479 203/1574/1470 212/1573/1469
f 219/1582/1478 212/1573/1469 184/1551/1447 221/1584/1480
f 219/1582/1478 221/1584/1480 222/1585/1481 223/1586/1482
f 219/1582/1478 223/1586/1482 224/1587/1483 220/1583/1479
f 225/1588/1484 217/1580/1476 216/1579/1475 226/1589/1485
f 225/1588/1484 226/1589/1485 227/1590/1486 228/1591/1487
f 225/1588/1484 228/1591/1487 229/1592/1488 230/1593/1489
f 225/1588/1484 230/1593/1489 218/1581/1477 217/1580/1476
f 231/1594/1490 232/1595/1491 233/1596/1492 234/1597/1493
f 231/1594/1490 234/1597/1493 224/1587/1483 223/1586/1482
f 231/1594/1490 223/1586/1482 222/1585/1481 235/1598/1494
f 231/1594/1490 235/1598/1494 236/1599/1495 232/1595/1491
f 237/1600/1496 226/1589/1485 216/1579/1475 238/1601/1497
f 237/1600/1496 238/1601/1497 239/1602/1498 240/1603/1499
f 237/1600/1496 240/1603/1499 241/1604/1500 242/1605/1501
f 237/1600/1496 242/1605/1501 227/1590/1486 226/1589/1485
f 243/1606/1502 244/1607/1503 245/1608/1504 246/1609/1505
f 243/1606/1502 246/1609/1505 224/1587/1483 234/1597/1493
f 243/1606/1502 234/1597/1493 233/1596/1492 247/1610/1506
f 243/1606/1502 247/1610/1506 248/1611/1507 244/1607/1503
f 249/1612/1508 215/1578/1474 198/1570/1466 250/1613/1509
f 249/1612/1508 250/1613/1509 251/1614/1510 252/1615/1511
f 249/1612/1508 252/1615/1511 239/1602/1498 238/1601/1497
f 249/1612/1508 238/1601/1497 216/1579/1475 215/1578/1474
f 253/1616/1512 254/1617/1513 255/1618/1514 256/1619/1515
f 253/1616/1512 256/1619/1515 203/1574/1470 220/1583/1479
f 253/1616/1512 220/1583/1479 224/1587/1483 246/1609/1505
f 253/1616/1512 246/1609/1505 245/1608/1504 254/1617/1513
f 257/1620/1516 252/1615/1511 251/1614/1510 258/1621/1517
f 257/1620/1516 258/1621/1517 259/1622/1518 260/1623/1519
f 257/1620/1516 260/1623/1519 261/1624/1520 262/1625/1521
f 257/1620/1516 262/1625/1521 239/1602/1498 252/1615/1511
f 263/1626/1522 264/1627/1523 265/1628/1524 266/1629/1525
f 263/1626/1522 266/1629/1525 255/1618/1514 254/1617/1513
f 263/1626/1522 254/1617/1513 245/1608/1504 267/1630/1526
f 263/1626/1522 267/1630/1526 268/1631/1527 264/1627/1523
f 269/1632/1528 270/1633/1529 261/1624/1520 260/1623/1519
f 269/1632/1528 260/1623/1519 259/1622/1518 271/1634/1530
f 269/1632/1528 271/1634/1530 272/1635/1531 273/1636/1532
f 269/1632/1528 273/1636/1532 274/1637/1533 270/1633/1529
f 275/1638/1534 276/1639/1535 265/1628/1524 264/1627/1523
f 275/1638/1534 264/1627/1523 268/1631/1527 277/1640/1536
f 275/1638/1534 277/1640/1536 278/1641/1537 279/1642/1538
f 275/1638/1534 279/1642/1538 280/1643/1539 276/1639/1535
f 355/1644/1540 139/1506/1402 84/1451/1347 356/1645/1541
f 355/1644/1540 356/1645/1541 357/1646/1542 358/1647/1543
f 355/1644/1540 358/1647/1543 353/1648/1544 352/1649/1545
f 355/1644/1540 352/1649/1545 140/1507/1403 139/1506/1402
f 359/1650/1546 83/1450/1346 61/1431/1330 80/1447/1343
f 359/1650/1546 80/1447/1343 79/1446/1342 360/1651/1547
f 359/1650/1546 360/1651/1547 357/1646/1542 356/1645/1541
f 359/1650/1546 356/1645/1541 84/1451/1347 83/1450/1346
f 379/1652/1548 362/1653/1549 369/1654/1550 380/1655/1551
f 379/1652/1548 380/1655/1551 381/1656/1552 382/1657/1553
f 379/1652/1548 382/1657/1553 383/1658/1554 384/1659/1555
f 379/1652/1548 384/1659/1555 363/1660/1556 362/1653/1549
f 385/1661/1557 386/1662/1558 387/1663/1559 388/1664/1560
f 385/1661/1557 388/1664/1560 376/1665/1561 375/1666/1562
f 385/1661/1557 375/1666/1562 374/1667/1563 389/1668/1564
f 385/1661/1557 389/1668/1564 390/1669/1565 386/1662/1558
f 416/1670/1566 417/1671/1567 418/1672/1568 419/1673/1569
f 416/1670/1566 419/1673/1569 420/1674/1570 421/1675/1571
f 416/1670/1566 421/1675/1571 422/1676/1572 423/1677/1573
f 416/1670/1566 423/1677/1573 424/1678/1574 417/1671/1567
f 425/1679/1575 426/1680/1576 427/1681/1577 428/1682/1578
f 425/1679/1575 428/1682/1578 429/1683/1579 430/1684/1580
f 425/1679/1575 430/1684/1580 431/1685/813 432/1686/1581
f 425/1679/1575 432/1686/1581 433/1687/1582 426/1680/1576
f 434/1688/1583 435/1689/1584 436/1690/1585 437/1691/1586
f 434/1688/1583 437/1691/1586 433/1687/1582 438/1692/1587
f 434/1688/1583 438/1692/1587 439/1693/1588 435/1689/1584
f 440/1694/1589 441/1695/1590 442/1696/1591 443/1697/1592
f 440/1694/1589 443/1697/1592 444/1698/1593 445/1699/1594
f 440/1694/1589 445/1699/1594 446/1700/1595 441/1695/1590
f 447/1701/1596 448/1702/1597 433/1687/1582 437/1691/1586
f 447/1701/1596 437/1691/1586 436/1690/1585 449/1703/1598
f 447/1701/1596 449/1703/1598 450/1704/1599 448/1702/1597
f 451/1705/1600 441/1695/1590 446/1700/1595 452/1706/1601
f 451/1705/1600 452/1706/1601 453/1707/1602 454/1708/1603
f 451/1705/1600 454/1708/1603 442/1696/1591 441/1695/1590
f 455/1709/1604 448/1702/1597 450/1704/1599 456/1710/1605
f 455/1709/1604 456/1710/1605 427/1681/1577 426/1680/1576
f 455/1709/1604 426/1680/1576 433/1687/1582 448/1702/1597
f 457/1711/1606 458/1712/1607 453/1707/1602 452/1706/1601
f 457/1711/1606 452/1706/1601 446/1700/1595 459/1713/1608
f 457/1711/1606 459/1713/1608 460/1714/1609 458/1712/1607
f 461/1715/1610 462/1716/1611 424/1678/1574 463/1717/1612
f 461/1715/1610 463/1717/1612 427/1681/1577 456/1710/1605
f 461/1715/1610 456/1710/1605 450/1704/1599 462/1716/1611
f 464/1718/1613 465/1719/1614 466/1720/1615 467/1721/1616
f 464/1718/1613 467/1721/1616 453/1707/1602 458/1712/1607
f 464/1718/1613 458/1712/1607 460/1714/1609 465/1719/1614
f 468/1722/1617 463/1717/1612 424/1678/1574 423/1677/1573
f 468/1722/1617 423/1677/1573 422/1676/1572 469/1723/1618
f 468/1722/1617 469/1723/1618 429/1683/1579 428/1682/1578
f 468/1722/1617 428/1682/1578 427/1681/1577 463/1717/1612
f 470/1724/1619 438/1692/1587 433/1687/1582 432/1686/1581
f 470/1724/1619 432/1686/1581 431/1685/813 471/1725/1620
f 470/1724/1619 471/1725/1620 472/1726/1621 473/1727/1622
f 470/1724/1619 473/1727/1622 439/1693/1588 438/1692/1587
f 474/1728/1623 475/1729/1624 439/1693/1588 473/1727/1622
f 474/1728/1623 473/1727/1622 472/1726/1621 476/1730/1625
f 474/1728/1623 476/1730/1625 477/1731/1626 478/1732/1627
f 474/1728/1623 478/1732/1627 479/1733/1628 475/1729/1624
f 480/1734/1629 462/1716/1611 450/1704/1599 481/1735/1630
f 480/1734/1629 481/1735/1630 482/1736/1631 483/1737/1632
f 480/1734/1629 483/1737/1632 424/1678/1574 462/1716/1611
f 484/1738/1633 485/1739/1634 453/1707/1602 467/1721/1616
f 484/1738/1633 467/1721/1616 466/1720/1615 486/1740/1635
f 484/1738/1633 486/1740/1635 487/1741/1636 485/1739/1634
f 488/1742/1637 489/1743/1638 482/1736/1631 481/1735/1630
f 488/1742/1637 481/1735/1630 450/1704/1599 490/1744/1639
f 488/1742/1637 490/1744/1639 491/1745/1640 489/1743/1638
f 492/1746/1641 485/1739/1634 487/1741/1636 493/1747/1642
f 492/1746/1641 493/1747/1642 494/1748/1643 495/1749/1644
f 492/1746/1641 495/1749/1644 453/1707/1602 485/1739/1634
f 496/1750/1645 497/1751/1646 491/1745/1640 490/1744/1639
f 496/1750/1645 490/1744/1639 450/1704/1599 449/1703/1598
f 496/1750/1645 449/1703/1598 436/1690/1585 497/1751/1646
f 498/1752/1647 495/1749/1644 494/1748/1643 499/1753/1648
f 498/1752/1647 499/1753/1648 442/1696/1591 454/1708/1603
f 498/1752/1647 454/1708/1603 453/1707/1602 495/1749/1644
f 500/1754/1649 497/1751/1646 436/1690/1585 501/1755/1650
f 500/1754/1649 501/1755/1650 502/1756/1651 503/1757/1652
f 500/1754/1649 503/1757/1652 491/1745/1640 497/1751/1646
f 504/1758/1653 505/1759/1654 442/1696/1591 499/1753/1648
f 504/1758/1653 499/1753/1648 494/1748/1643 506/1760/1655
f 504/1758/1653 506/1760/1655 507/1761/1656 505/1759/1654
f 508/1762/1657 509/1763/1658 502/1756/1651 501/1755/1650
f 508/1762/1657 501/1755/1650 436/1690/1585 510/1764/1659
f 508/1762/1657 510/1764/1659 511/1765/1660 509/1763/1658
f 512/1766/1661 505/1759/1654 507/1761/1656 513/1767/1662
f 512/1766/1661 513/1767/1662 514/1768/1663 515/1769/1664
f 512/1766/1661 515/1769/1664 442/1696/1591 505/1759/1654
f 516/1770/1665 509/1763/1658 511/1765/1660 517/1771/1666
f 516/1770/1665 517/1771/1666 518/1772/1667 519/1773/1668
f 516/1770/1665 519/1773/1668 502/1756/1651 509/1763/1658
f 520/1774/1669 521/1775/1670 514/1768/1663 513/1767/1662
f 520/1774/1669 513/1767/1662 507/1761/1656 522/1776/1671
f 520/1774/1669 522/1776/1671 523/1777/1672 521/1775/1670
f 524/1778/1673 525/1779/1674 502/1756/1651 519/1773/1668
f 524/1778/1673 519/1773/1668 518/1772/1667 526/1780/1675
f 524/1778/1673 526/1780/1675 527/1781/1676 525/1779/1674
f 528/1782/1677 522/1776/1671 507/1761/1656 529/1783/1678
f 528/1782/1677 529/1783/1678 530/1784/1679 531/1785/1680
f 528/1782/1677 531/1785/1680 523/1777/1672 522/1776/1671
f 532/1786/1681 525/1779/1674 527/1781/1676 533/1787/1682
f 532/1786/1681 533/1787/1682 534/1788/1683 535/1789/1684
f 532/1786/1681 535/1789/1684 502/1756/1651 525/1779/1674
f 536/1790/1685 537/1791/1686 530/1784/1679 529/1783/1678
f 536/1790/1685 529/1783/1678 507/1761/1656 538/1792/1687
f 536/1790/1685 538/1792/1687 539/1793/1688 537/1791/1686
f 540/1794/1689 541/1795/1690 534/1788/1683 533/1787/1682
f 540/1794/1689 533/1787/1682 527/1781/1676 542/1796/1691
f 540/1794/1689 542/1796/1691 543/1797/1692 541/1795/1690
f 544/1798/1693 537/1791/1686 539/1793/1688 545/1799/1694
f 544/1798/1693 545/1799/1694 546/1800/1695 547/1801/1696
f 544/1798/1693 547/1801/1696 530/1784/1679 537/1791/1686
f 548/1802/1697 541/1795/1690 543/1797/1692 549/1803/1698
f 548/1802/1697 549/1803/1698 550/1804/1699 551/1805/1700
f 548/1802/1697 551/1805/1700 534/1788/1683 541/1795/1690
f 552/1806/1701 553/1807/1702 546/1800/1695 545/1799/1694
f 552/1806/1701 545/1799/1694 539/1793/1688 554/1808/1703
f 552/1806/1701 554/1808/1703 555/1809/1704 553/1807/1702
f 556/1810/1705 557/1811/1706 491/1745/1640 503/1757/1652
f 556/1810/1705 503/1757/1652 502/1756/1651 535/1789/1684
f 556/1810/1705 535/1789/1684 534/1788/1683 557/1811/1706
f 558/1812/1707 506/1760/1655 494/1748/1643 559/1813/1708
f 558/1812/1707 559/1813/1708 539/1793/1688 538/1792/1687
f 558/1812/1707 538/1792/1687 507/1761/1656 506/1760/1655
f 560/1814/1709 561/1815/1710 562/1816/1711 563/1817/1712
f 560/1814/1709 563/1817/1712 543/1797/1692 564/1818/1713
f 560/1814/1709 564/1818/1713 565/1819/1714 561/1815/1710
f 566/1820/1715 567/1821/1716 568/1822/1717 569/1823/1718
f 566/1820/1715 569/1823/1718 570/1824/1719 571/1825/1720
f 566/1820/1715 571/1825/1720 546/1800/1695 567/1821/1716
f 572/1826/1721 573/1827/1722 574/1828/1723 575/1829/1724
f 572/1826/1721 575/1829/1724 565/1819/1714 564/1818/1713
f 572/1826/1721 564/1818/1713 543/1797/1692 573/1827/1722
f 576/1830/1725 577/1831/1726 578/1832/1727 579/1833/1728
f 576/1830/1725 579/1833/1728 546/1800/1695 571/1825/1720
f 576/1830/1725 571/1825/1720 570/1824/1719 577/1831/1726
f 580/1834/1729 573/1827/1722 543/1797/1692 542/1796/1691
f 580/1834/1729 542/1796/1691 527/1781/1676 581/1835/1730
f 580/1834/1729 581/1835/1730 574/1828/1723 573/1827/1722
f 582/1836/1731 547/1801/1696 546/1800/1695 579/1833/1728
f 582/1836/1731 579/1833/1728 578/1832/1727 583/1837/1732
f 582/1836/1731 583/1837/1732 530/1784/1679 547/1801/1696
f 584/1838/1733 585/1839/1734 586/1840/1735 587/1841/1736
f 584/1838/1733 587/1841/1736 574/1828/1723 581/1835/1730
f 584/1838/1733 581/1835/1730 527/1781/1676 585/1839/1734
f 588/1842/1737 589/1843/1738 590/1844/1739 591/1845/1740
f 588/1842/1737 591/1845/1740 530/1784/1679 583/1837/1732
f 588/1842/1737 583/1837/1732 578/1832/1727 589/1843/1738
f 592/1846/1741 585/1839/1734 527/1781/1676 526/1780/1675
f 592/1846/1741 526/1780/1675 518/1772/1667 593/1847/1742
f 592/1846/1741 593/1847/1742 586/1840/1735 585/1839/1734
f 594/1848/1743 531/1785/1680 530/1784/1679 591/1845/1740
f 594/1848/1743 591/1845/1740 590/1844/1739 595/1849/1744
f 594/1848/1743 595/1849/1744 523/1777/1672 531/1785/1680
f 596/1850/1745 597/1851/1746 598/1852/1747 599/1853/1748
f 596/1850/1745 599/1853/1748 586/1840/1735 593/1847/1742
f 596/1850/1745 593/1847/1742 518/1772/1667 597/1851/1746
f 600/1854/1749 601/1855/1750 602/1856/1751 603/1857/1752
f 600/1854/1749 603/1857/1752 523/1777/1672 595/1849/1744
f 600/1854/1749 595/1849/1744 590/1844/1739 601/1855/1750
f 604/1858/1753 597/1851/1746 518/1772/1667 517/1771/1666
f 604/1858/1753 517/1771/1666 511/1765/1660 605/1859/1754
f 604/1858/1753 605/1859/1754 598/1852/1747 597/1851/1746
f 606/1860/1755 521/1775/1670 523/1777/1672 603/1857/1752
f 606/1860/1755 603/1857/1752 602/1856/1751 607/1861/1756
f 606/1860/1755 607/1861/1756 514/1768/1663 521/1775/1670
f 608/1862/1757 609/1863/1758 479/1733/1628 610/1864/1759
f 608/1862/1757 610/1864/1759 598/1852/1747 605/1859/1754
f 608/1862/1757 605/1859/1754 511/1765/1660 609/1863/1758
f 611/1865/1760 612/1866/1761 613/1867/1762 614/1868/1763
f 611/1865/1760 614/1868/1763 514/1768/1663 607/1861/1756
f 611/1865/1760 607/1861/1756 602/1856/1751 612/1866/1761
f 615/1869/1764 609/1863/1758 511/1765/1660 616/1870/1765
f 615/1869/1764 616/1870/1765 439/1693/1588 475/1729/1624
f 615/1869/1764 475/1729/1624 479/1733/1628 609/1863/1758
f 617/1871/1766 618/1872/1767 514/1768/1663 614/1868/1763
f 617/1871/1766 614/1868/1763 613/1867/1762 619/1873/1768
f 617/1871/1766 619/1873/1768 444/1698/1593 618/1872/1767
f 620/1874/1769 435/1689/1584 439/1693/1588 616/1870/1765
f 620/1874/1769 616/1870/1765 511/1765/1660 510/1764/1659
f 620/1874/1769 510/1764/1659 436/1690/1585 435/1689/1584
f 621/1875/1770 618/1872/1767 444/1698/1593 443/1697/1592
f 621/1875/1770 443/1697/1592 442/1696/1591 515/1769/1664
f 621/1875/1770 515/1769/1664 514/1768/1663 618/1872/1767
f 622/1876/1771 623/1877/1772 550/1804/1699 549/1803/1698
f 622/1876/1771 549/1803/1698 543/1797/1692 563/1817/1712
f 622/1876/1771 563/1817/1712 562/1816/1711 623/1877/1772
f 624/1878/1773 553/1807/1702 555/1809/1704 625/1879/1774
f 624/1878/1773 625/1879/1774 568/1822/1717 567/1821/1716
f 624/1878/1773 567/1821/1716 546/1800/1695 553/1807/1702
f 626/1880/1775 623/1877/1772 562/1816/1711 627/1881/1776
f 626/1880/1775 627/1881/1776 628/1882/1777 629/1883/1778
f 626/1880/1775 629/1883/1778 550/1804/1699 623/1877/1772
f 630/1884/1779 631/1885/1780 568/1822/1717 625/1879/1774
f 630/1884/1779 625/1879/1774 555/1809/1704 632/1886/1781
f 630/1884/1779 632/1886/1781 633/1887/1782 631/1885/1780
f 634/1888/1783 635/1889/1784 628/1882/1777 627/1881/1776
f 634/1888/1783 627/1881/1776 562/1816/1711 636/1890/1785
f 634/1888/1783 636/1890/1785 637/1891/1786 635/1889/1784
f 638/1892/1787 631/1885/1780 633/1887/1782 639/1893/1788
f 638/1892/1787 639/1893/1788 640/1894/1789 641/1895/1790
f 638/1892/1787 641/1895/1790 568/1822/1717 631/1885/1780
f 642/1896/1791 635/1889/1784 637/1891/1786 643/1897/1792
f 642/1896/1791 643/1897/1792 644/1898/1793 645/1899/1794
f 642/1896/1791 645/1899/1794 628/1882/1777 635/1889/1784
f 646/1900/1795 647/1901/1796 640/1894/1789 639/1893/1788
f 646/1900/1795 639/1893/1788 633/1887/1782 648/1902/1797
f 646/1900/1795 648/1902/1797 649/1903/1798 647/1901/1796
f 650/1904/1799 651/1905/1800 644/1898/1793 643/1897/1792
f 650/1904/1799 643/1897/1792 637/1891/1786 652/1906/1801
f 650/1904/1799 652/1906/1801 653/1907/1802 651/1905/1800
f 654/1908/1803 647/1901/1796 649/1903/1798 655/1909/1804
f 654/1908/1803 655/1909/1804 656/1910/1805 657/1911/1806
f 654/1908/1803 657/1911/1806 640/1894/1789 647/1901/1796
f 658/1912/1807 651/1905/1800 653/1907/1802 659/1913/1808
f 658/1912/1807 659/1913/1808 660/1914/1809 661/1915/1810
f 658/1912/1807 661/1915/1810 644/1898/1793 651/1905/1800
f 662/1916/1811 663/1917/1812 656/1910/1805 655/1909/1804
f 662/1916/1811 655/1909/1804 649/1903/1798 664/1918/1813
f 662/1916/1811 664/1918/1813 665/1919/1814 663/1917/1812
f 666/1920/1815 667/1921/1816 660/1914/1809 659/1913/1808
f 666/1920/1815 659/1913/1808 653/1907/1802 668/1922/1817
f 666/1920/1815 668/1922/1817 669/1923/1818 667/1921/1816
f 670/1924/1819 663/1917/1812 665/1919/1814 671/1925/1820
f 670/1924/1819 671/1925/1820 672/1926/1821 673/1927/1822
f 670/1924/1819 673/1927/1822 656/1910/1805 663/1917/1812
f 674/1928/1823 667/1921/1816 669/1923/1818 675/1929/1824
f 674/1928/1823 675/1929/1824 676/1930/1825 677/1931/1826
f 674/1928/1823 677/1931/1826 660/1914/1809 667/1921/1816
f 678/1932/1827 679/1933/1828 672/1926/1821 671/1925/1820
f 678/1932/1827 671/1925/1820 665/1919/1814 680/1934/1829
f 678/1932/1827 680/1934/1829 681/1935/1830 679/1933/1828
f 682/1936/1831 683/1937/1832 676/1930/1825 675/1929/1824
f 682/1936/1831 675/1929/1824 669/1923/1818 684/1938/1833
f 682/1936/1831 684/1938/1833 685/1939/1834 683/1937/1832
f 686/1940/1835 679/1933/1828 681/1935/1830 687/1941/1836
f 686/1940/1835 687/1941/1836 688/1942/1837 689/1943/1838
f 686/1940/1835 689/1943/1838 672/1926/1821 679/1933/1828
f 690/1944/1839 691/1945/1840 628/1882/1777 645/1899/1794
f 690/1944/1839 645/1899/1794 644/1898/1793 692/1946/1841
f 690/1944/1839 692/1946/1841 693/1947/1842 691/1945/1840
f 694/1948/1843 648/1902/1797 633/1887/1782 695/1949/1844
f 694/1948/1843 695/1949/1844 696/1950/1845 697/1951/1846
f 694/1948/1843 697/1951/1846 649/1903/1798 648/1902/1797
f 698/1952/1847 699/1953/1848 693/1947/1842 692/1946/1841
f 698/1952/1847 692/1946/1841 644/1898/1793 661/1915/1810
f 698/1952/1847 661/1915/1810 660/1914/1809 699/1953/1848
f 700/1954/1849 697/1951/1846 696/1950/1845 701/1955/1850
f 700/1954/1849 701/1955/1850 665/1919/1814 664/1918/1813
f 700/1954/1849 664/1918/1813 649/1903/1798 697/1951/1846
f 702/1956/1851 703/1957/1852 704/1958/1853 705/1959/1854
f 702/1956/1851 705/1959/1854 693/1947/1842 706/1960/1855
f 702/1956/1851 706/1960/1855 707/1961/1856 703/1957/1852
f 708/1962/1857 709/1963/1858 710/1964/1859 711/1965/1860
f 708/1962/1857 711/1965/1860 712/1966/1861 713/1967/1862
f 708/1962/1857 713/1967/1862 696/1950/1845 709/1963/1858
f 714/1968/1863 699/1953/1848 660/1914/1809 715/1969/1864
f 714/1968/1863 715/1969/1864 707/1961/1856 706/1960/1855
f 714/1968/1863 706/1960/1855 693/1947/1842 699/1953/1848
f 716/1970/1865 717/1971/1866 665/1919/1814 701/1955/1850
f 716/1970/1865 701/1955/1850 696/1950/1845 713/1967/1862
f 716/1970/1865 713/1967/1862 712/1966/1861 717/1971/1866
f 718/1972/1867 719/1973/1868 707/1961/1856 715/1969/1864
f 718/1972/1867 715/1969/1864 660/1914/1809 677/1931/1826
f 718/1972/1867 677/1931/1826 676/1930/1825 719/1973/1868
f 720/1974/1869 717/1971/1866 712/1966/1861 721/1975/1870
f 720/1974/1869 721/1975/1870 681/1935/1830 680/1934/1829
f 720/1974/1869 680/1934/1829 665/1919/1814 717/1971/1866
f 722/1976/1871 723/1977/1872 724/1978/1873 725/1979/1874
f 722/1976/1871 725/1979/1874 726/1980/1875 727/1981/1876
f 722/1976/1871 727/1981/1876 728/1982/1877 729/1983/1878
f 722/1976/1871 729/1983/1878 685/1939/1834 723/1977/1872
f 730/1984/1879 731/1985/1880 724/1978/1873 723/1977/1872
f 730/1984/1879 723/1977/1872 685/1939/1834 684/1938/1833
f 730/1984/1879 684/1938/1833 669/1923/1818 731/1985/1880
f 732/1986/1881 733/1987/1882 734/1988/1883 735/1989/1884
f 732/1986/1881 735/1989/1884 672/1926/1821 689/1943/1838
f 732/1986/1881 689/1943/1838 688/1942/1837 733/1987/1882
f 736/1990/1885 731/1985/1880 669/1923/1818 737/1991/1886
f 736/1990/1885 737/1991/1886 738/1992/1887 739/1993/1888
f 736/1990/1885 739/1993/1888 724/1978/1873 731/1985/1880
f 740/1994/1889 741/1995/1890 672/1926/1821 735/1989/1884
f 740/1994/1889 735/1989/1884 734/1988/1883 742/1996/1891
f 740/1994/1889 742/1996/1891 743/1997/1892 741/1995/1890
f 744/1998/1893 745/1999/1894 738/1992/1887 737/1991/1886
f 744/1998/1893 737/1991/1886 669/1923/1818 668/1922/1817
f 744/1998/1893 668/1922/1817 653/1907/1802 745/1999/1894
f 746/2000/1895 741/1995/1890 743/1997/1892 747/2001/1896
f 746/2000/1895 747/2001/1896 656/1910/1805 673/1927/1822
f 746/2000/1895 673/1927/1822 672/1926/1821 741/1995/1890
f 748/2002/1897 745/1999/1894 653/1907/1802 749/2003/1898
f 748/2002/1897 749/2003/1898 750/2004/1899 751/2005/1900
f 748/2002/1897 751/2005/1900 738/1992/1887 745/1999/1894
f 752/2006/1901 753/2007/1902 656/1910/1805 747/2001/1896
f 752/2006/1901 747/2001/1896 743/1997/1892 754/2008/1903
f 752/2006/1901 754/2008/1903 755/2009/1904 753/2007/1902
f 756/2010/1905 757/2011/1906 750/2004/1899 749/2003/1898
f 756/2010/1905 749/2003/1898 653/1907/1802 652/1906/1801
f 756/2010/1905 652/1906/1801 637/1891/1786 757/2011/1906
f 758/2012/1907 753/2007/1902 755/2009/1904 759/2013/1908
f 758/2012/1907 759/2013/1908 640/1894/1789 657/1911/1806
f 758/2012/1907 657/1911/1806 656/1910/1805 753/2007/1902
f 760/2014/1909 757/2011/1906 637/1891/1786 761/2015/1910
f 760/2014/1909 761/2015/1910 762/2016/1911 763/2017/1912
f 760/2014/1909 763/2017/1912 750/2004/1899 757/2011/1906
f 764/2018/1913 765/2019/1914 640/1894/1789 759/2013/1908
f 764/2018/1913 759/2013/1908 755/2009/1904 766/2020/1915
f 764/2018/1913 766/2020/1915 767/2021/1916 765/2019/1914
f 768/2022/1917 769/2023/1918 762/2016/1911 761/2015/1910
f 768/2022/1917 761/2015/1910 637/1891/1786 636/1890/1785
f 768/2022/1917 636/1890/1785 562/1816/1711 769/2023/1918
f 770/2024/1919 765/2019/1914 767/2021/1916 771/2025/1920
f 770/2024/1919 771/2025/1920 568/1822/1717 641/1895/1790
f 770/2024/1919 641/1895/1790 640/1894/1789 765/2019/1914
f 772/2026/1921 769/2023/1918 562/1816/1711 773/2027/1922
f 772/2026/1921 773/2027/1922 774/2028/1923 775/2029/1924
f 772/2026/1921 775/2029/1924 762/2016/1911 769/2023/1918
f 776/2030/1925 777/2031/1926 568/1822/1717 771/2025/1920
f 776/2030/1925 771/2025/1920 767/2021/1916 778/2032/1927
f 776/2030/1925 778/2032/1927 779/2033/1928 777/2031/1926
f 780/2034/1929 561/1815/1710 565/1819/1714 781/2035/1930
f 780/2034/1929 781/2035/1930 774/2028/1923 773/2027/1922
f 780/2034/1929 773/2027/1922 562/1816/1711 561/1815/1710
f 782/2036/1931 783/2037/1932 570/1824/1719 569/1823/1718
f 782/2036/1931 569/1823/1718 568/1822/1717 777/2031/1926
f 782/2036/1931 777/2031/1926 779/2033/1928 783/2037/1932
f 784/2038/1933 785/2039/1934 685/1939/1834 729/1983/1878
f 784/2038/1933 729/1983/1878 728/1982/1877 786/2040/1935
f 784/2038/1933 786/2040/1935 787/2041/1936 788/2042/1937
f 784/2038/1933 788/2042/1937 789/2043/1938 785/2039/1934
f 790/2044/1939 683/1937/1832 685/1939/1834 785/2039/1934
f 790/2044/1939 785/2039/1934 789/2043/1938 791/2045/1940
f 790/2044/1939 791/2045/1940 676/1930/1825 683/1937/1832
f 792/2046/1941 793/2047/1942 688/1942/1837 687/1941/1836
f 792/2046/1941 687/1941/1836 681/1935/1830 794/2048/1943
f 792/2046/1941 794/2048/1943 795/2049/1944 793/2047/1942
f 796/2050/1945 797/2051/1946 798/2052/1947 799/2053/1948
f 796/2050/1945 799/2053/1948 676/1930/1825 791/2045/1940
f 796/2050/1945 791/2045/1940 789/2043/1938 797/2051/1946
f 800/2054/1949 801/2055/1950 802/2056/1951 803/2057/1952
f 800/2054/1949 803/2057/1952 795/2049/1944 794/2048/1943
f 800/2054/1949 794/2048/1943 681/1935/1830 801/2055/1950
f 804/2058/1953 805/2059/1954 789/2043/1938 788/2042/1937
f 804/2058/1953 788/2042/1937 787/2041/1936 806/2060/1955
f 804/2058/1953 806/2060/1955 807/2061/1956 808/2062/1957
f 804/2058/1953 808/2062/1957 809/2063/1958 805/2059/1954
f 810/2064/1959 797/2051/1946 789/2043/1938 805/2059/1954
f 810/2064/1959 805/2059/1954 809/2063/1958 811/2065/1960
f 810/2064/1959 811/2065/1960 798/2052/1947 797/2051/1946
f 812/2066/1961 813/2067/1962 795/2049/1944 803/2057/1952
f 812/2066/1961 803/2057/1952 802/2056/1951 814/2068/1963
f 812/2066/1961 814/2068/1963 815/2069/1964 813/2067/1962
f 816/2070/1965 817/2071/1966 818/2072/1967 819/2073/1968
f 816/2070/1965 819/2073/1968 798/2052/1947 811/2065/1960
f 816/2070/1965 811/2065/1960 809/2063/1958 817/2071/1966
f 820/2074/1969 821/2075/1970 822/2076/1971 823/2077/1972
f 820/2074/1969 823/2077/1972 815/2069/1964 814/2068/1963
f 820/2074/1969 814/2068/1963 802/2056/1951 821/2075/1970
f 824/2078/1973 825/2079/1974 798/2052/1947 819/2073/1968
f 824/2078/1973 819/2073/1968 818/2072/1967 826/2080/1975
f 824/2078/1973 826/2080/1975 827/2081/1976 825/2079/1974
f 828/2082/1977 821/2075/1970 802/2056/1951 829/2083/1978
f 828/2082/1977 829/2083/1978 830/2084/1979 831/2085/1980
f 828/2082/1977 831/2085/1980 822/2076/1971 821/2075/1970
f 832/2086/1981 833/2087/1982 834/2088/1983 835/2089/1984
f 832/2086/1981 835/2089/1984 827/2081/1976 826/2080/1975
f 832/2086/1981 826/2080/1975 818/2072/1967 833/2087/1982
f 836/2090/1985 837/2091/1986 838/2092/1987 839/2093/1988
f 836/2090/1985 839/2093/1988 822/2076/1971 831/2085/1980
f 836/2090/1985 831/2085/1980 830/2084/1979 837/2091/1986
f 840/2094/1989 833/2087/1982 818/2072/1967 841/2095/1990
f 840/2094/1989 841/2095/1990 842/2096/1991 843/2097/1992
f 840/2094/1989 843/2097/1992 834/2088/1983 833/2087/1982
f 844/2098/1993 845/2099/1994 822/2076/1971 839/2093/1988
f 844/2098/1993 839/2093/1988 838/2092/1987 846/2100/1995
f 844/2098/1993 846/2100/1995 847/2101/1996 845/2099/1994
f 848/2102/1997 849/2103/1998 834/2088/1983 843/2097/1992
f 848/2102/1997 843/2097/1992 842/2096/1991 850/2104/1999
f 848/2102/1997 850/2104/1999 851/2105/2000 852/2106/2001
f 848/2102/1997 852/2106/2001 853/2107/2002 849/2103/1998
f 854/2108/2003 855/2109/2004 847/2101/1996 846/2100/1995
f 854/2108/2003 846/2100/1995 838/2092/1987 856/2110/2005
f 854/2108/2003 856/2110/2005 857/2111/2006 858/2112/2007
f 854/2108/2003 858/2112/2007 859/2113/2008 855/2109/2004
f 860/2114/2009 852/2106/2001 851/2105/2000 861/2115/2010
f 860/2114/2009 861/2115/2010 862/2116/2011 863/2117/2012
f 860/2114/2009 863/2117/2012 864/2118/2013 865/2119/2014
f 860/2114/2009 865/2119/2014 853/2107/2002 852/2106/2001
f 866/2120/2015 850/2104/1999 842/2096/1991 867/2121/2016
f 866/2120/2015 867/2121/2016 868/2122/2017 869/2123/2018
f 866/2120/2015 869/2123/2018 870/2124/2019 871/2125/2020
f 866/2120/2015 871/2125/2020 851/2105/2000 850/2104/1999
f 872/2126/2021 873/2127/2022 874/2128/2023 875/2129/2024
f 872/2126/2021 875/2129/2024 847/2101/1996 855/2109/2004
f 872/2126/2021 855/2109/2004 859/2113/2008 876/2130/2025
f 872/2126/2021 876/2130/2025 877/2131/2026 873/2127/2022
f 878/2132/2027 879/2133/2028 868/2122/2017 867/2121/2016
f 878/2132/2027 867/2121/2016 842/2096/1991 841/2095/1990
f 878/2132/2027 841/2095/1990 818/2072/1967 879/2133/2028
f 880/2134/2029 875/2129/2024 874/2128/2023 881/2135/2030
f 880/2134/2029 881/2135/2030 822/2076/1971 845/2099/1994
f 880/2134/2029 845/2099/1994 847/2101/1996 875/2129/2024
f 882/2136/2031 879/2133/2028 818/2072/1967 883/2137/2032
f 882/2136/2031 883/2137/2032 884/2138/2033 885/2139/2034
f 882/2136/2031 885/2139/2034 868/2122/2017 879/2133/2028
f 886/2140/2035 887/2141/2036 822/2076/1971 881/2135/2030
f 886/2140/2035 881/2135/2030 874/2128/2023 888/2142/2037
f 886/2140/2035 888/2142/2037 889/2143/2038 887/2141/2036
f 890/2144/2039 817/2071/1966 809/2063/1958 891/2145/2040
f 890/2144/2039 891/2145/2040 884/2138/2033 883/2137/2032
f 890/2144/2039 883/2137/2032 818/2072/1967 817/2071/1966
f 892/2146/2041 893/2147/2042 815/2069/1964 823/2077/1972
f 892/2146/2041 823/2077/1972 822/2076/1971 887/2141/2036
f 892/2146/2041 887/2141/2036 889/2143/2038 893/2147/2042
f 894/2148/2043 891/2145/2040 809/2063/1958 808/2062/1957
f 894/2148/2043 808/2062/1957 807/2061/1956 895/2149/2044
f 894/2148/2043 895/2149/2044 896/2150/2045 897/2151/2046
f 894/2148/2043 897/2151/2046 884/2138/2033 891/2145/2040
f 898/2152/2047 871/2125/2020 870/2124/2019 899/2153/2048
f 898/2152/2047 899/2153/2048 900/2154/2049 901/2155/2050
f 898/2152/2047 901/2155/2050 862/2116/2011 861/2115/2010
f 898/2152/2047 861/2115/2010 851/2105/2000 871/2125/2020
f 902/2156/2051 869/2123/2018 868/2122/2017 903/2157/2052
f 902/2156/2051 903/2157/2052 904/2158/2053 905/2159/2054
f 902/2156/2051 905/2159/2054 900/2154/2049 899/2153/2048
f 902/2156/2051 899/2153/2048 870/2124/2019 869/2123/2018
f 906/2160/2055 885/2139/2034 884/2138/2033 897/2151/2046
f 906/2160/2055 897/2151/2046 896/2150/2045 907/2161/2056
f 906/2160/2055 907/2161/2056 904/2158/2053 903/2157/2052
f 906/2160/2055 903/2157/2052 868/2122/2017 885/2139/2034
f 2830/2162/2057 2831/2163/2058 2832/2164/2059 2833/2165/2060
f 2830/2162/2057 2833/2165/2060 2834/2166/2061 2835/2167/2062
f 2830/2162/2057 2835/2167/2062 2836/2168/2063 2831/2163/2058
f 2837/2169/2064 2838/2170/2065 2839/2171/2066 2840/2172/2067
f 2837/2169/2064 2840/2172/2067 2841/2173/2068 2842/2174/2069
f 2837/2169/2064 2842/2174/2069 2843/2175/2070 2838/2170/2065
f 2844/2176/2071 2845/2177/2072 2834/2166/2061 2833/2165/2060
f 2844/2176/2071 2833/2165/2060 2832/2164/2059 2846/2178/2073
f 2844/2176/2071 2846/2178/2073 2847/2179/2074 2845/2177/2072
f 2848/2180/2075 2838/2170/2065 2843/2175/2070 2849/2181/2076
f 2848/2180/2075 2849/2181/2076 2850/2182/2077 2851/2183/2078
f 2848/2180/2075 2851/2183/2078 2839/2171/2066 2838/2170/2065
f 2852/2184/2079 2845/2177/2072 2847/2179/2074 2853/2185/2080
f 2852/2184/2079 2853/2185/2080 2854/2186/2081 2855/2187/2082
f 2852/2184/2079 2855/2187/2082 2834/2166/2061 2845/2177/2072
f 2856/2188/2083 2857/2189/2084 2850/2182/2077 2849/2181/2076
f 2856/2188/2083 2849/2181/2076 2843/2175/2070 2858/2190/2085
f 2856/2188/2083 2858/2190/2085 2859/2191/2086 2857/2189/2084
f 2860/2192/2087 2861/2193/2088 2854/2186/2081 2853/2185/2080
f 2860/2192/2087 2853/2185/2080 2847/2179/2074 2862/2194/2089
f 2860/2192/2087 2862/2194/2089 2863/2195/2090 2861/2193/2088
f 2864/2196/2091 2857/2189/2084 2859/2191/2086 2865/2197/2092
f 2864/2196/2091 2865/2197/2092 2866/2198/2093 2867/2199/2094
f 2864/2196/2091 2867/2199/2094 2850/2182/2077 2857/2189/2084
f 2868/2200/2095 2861/2193/2088 2863/2195/2090 2869/2201/2096
f 2868/2200/2095 2869/2201/2096 2870/2202/2097 2871/2203/2098
f 2868/2200/2095 2871/2203/2098 2854/2186/2081 2861/2193/2088
f 2872/2204/2099 2873/2205/2100 2866/2198/2093 2865/2197/2092
f 2872/2204/2099 2865/2197/2092 2859/2191/2086 2874/2206/2101
f 2872/2204/2099 2874/2206/2101 2875/2207/2102 2873/2205/2100
f 2876/2208/2103 489/1743/1638 491/1745/1640 2877/2209/2104
f 2876/2208/2103 2877/2209/2104 2836/2168/2063 2878/2210/2105
f 2876/2208/2103 2878/2210/2105 482/1736/1631 489/1743/1638
f 2879/2211/2106 2880/2212/2107 494/1748/1643 493/1747/1642
f 2879/2211/2106 493/1747/1642 487/1741/1636 2881/2213/2108
f 2879/2211/2106 2881/2213/2108 2841/2173/2068 2880/2212/2107
f 2882/2214/2109 2831/2163/2058 2836/2168/2063 2877/2209/2104
f 2882/2214/2109 2877/2209/2104 491/1745/1640 2883/2215/2110
f 2882/2214/2109 2883/2215/2110 2832/2164/2059 2831/2163/2058
f 2884/2216/2111 2880/2212/2107 2841/2173/2068 2840/2172/2067
f 2884/2216/2111 2840/2172/2067 2839/2171/2066 2885/2217/2112
f 2884/2216/2111 2885/2217/2112 494/1748/1643 2880/2212/2107
f 2886/2218/2113 557/1811/1706 534/1788/1683 2887/2219/2114
f 2886/2218/2113 2887/2219/2114 2832/2164/2059 2883/2215/2110
f 2886/2218/2113 2883/2215/2110 491/1745/1640 557/1811/1706
f 2888/2220/2115 2889/2221/2116 539/1793/1688 559/1813/1708
f 2888/2220/2115 559/1813/1708 494/1748/1643 2885/2217/2112
f 2888/2220/2115 2885/2217/2112 2839/2171/2066 2889/2221/2116
f 2890/2222/2117 2891/2223/2118 2832/2164/2059 2887/2219/2114
f 2890/2222/2117 2887/2219/2114 534/1788/1683 551/1805/1700
f 2890/2222/2117 551/1805/1700 550/1804/1699 2891/2223/2118
f 2892/2224/2119 2889/2221/2116 2839/2171/2066 2893/2225/2120
f 2892/2224/2119 2893/2225/2120 555/1809/1704 554/1808/1703
f 2892/2224/2119 554/1808/1703 539/1793/1688 2889/2221/2116
f 2894/2226/2121 2891/2223/2118 550/1804/1699 2895/2227/2122
f 2894/2226/2121 2895/2227/2122 2847/2179/2074 2846/2178/2073
f 2894/2226/2121 2846/2178/2073 2832/2164/2059 2891/2223/2118
f 2896/2228/2123 2897/2229/2124 555/1809/1704 2893/2225/2120
f 2896/2228/2123 2893/2225/2120 2839/2171/2066 2851/2183/2078
f 2896/2228/2123 2851/2183/2078 2850/2182/2077 2897/2229/2124
f 2898/2230/2125 2899/2231/2126 2847/2179/2074 2895/2227/2122
f 2898/2230/2125 2895/2227/2122 550/1804/1699 629/1883/1778
f 2898/2230/2125 629/1883/1778 628/1882/1777 2899/2231/2126
f 2900/2232/2127 2897/2229/2124 2850/2182/2077 2901/2233/2128
f 2900/2232/2127 2901/2233/2128 633/1887/1782 632/1886/1781
f 2900/2232/2127 632/1886/1781 555/1809/1704 2897/2229/2124
f 2902/2234/2129 2899/2231/2126 628/1882/1777 2903/2235/2130
f 2902/2234/2129 2903/2235/2130 2863/2195/2090 2862/2194/2089
f 2902/2234/2129 2862/2194/2089 2847/2179/2074 2899/2231/2126
f 2904/2236/2131 2905/2237/2132 633/1887/1782 2901/2233/2128
f 2904/2236/2131 2901/2233/2128 2850/2182/2077 2867/2199/2094
f 2904/2236/2131 2867/2199/2094 2866/2198/2093 2905/2237/2132
f 2906/2238/2133 691/1945/1840 693/1947/1842 2907/2239/2134
f 2906/2238/2133 2907/2239/2134 2863/2195/2090 2903/2235/2130
f 2906/2238/2133 2903/2235/2130 628/1882/1777 691/1945/1840
f 2908/2240/2135 2909/2241/2136 696/1950/1845 695/1949/1844
f 2908/2240/2135 695/1949/1844 633/1887/1782 2905/2237/2132
f 2908/2240/2135 2905/2237/2132 2866/2198/2093 2909/2241/2136
f 2910/2242/2137 2911/2243/2138 2870/2202/2097 2869/2201/2096
f 2910/2242/2137 2869/2201/2096 2863/2195/2090 2907/2239/2134
f 2910/2242/2137 2907/2239/2134 693/1947/1842 2911/2243/2138
f 2912/2244/2139 2873/2205/2100 2875/2207/2102 2913/2245/2140
f 2912/2244/2139 2913/2245/2140 696/1950/1845 2909/2241/2136
f 2912/2244/2139 2909/2241/2136 2866/2198/2093 2873/2205/2100
f 2914/2246/2141 2911/2243/2138 693/1947/1842 705/1959/1854
f 2914/2246/2141 705/1959/1854 704/1958/1853 2915/2247/2142
f 2914/2246/2141 2915/2247/2142 2870/2202/2097 2911/2243/2138
f 2916/2248/2143 709/1963/1858 696/1950/1845 2913/2245/2140
f 2916/2248/2143 2913/2245/2140 2875/2207/2102 2917/2249/2144
f 2916/2248/2143 2917/2249/2144 710/1964/1859 709/1963/1858
f 2918/2250/2145 2919/2251/2146 2870/2202/2097 2915/2247/2142
f 2918/2250/2145 2915/2247/2142 704/1958/1853 2920/2252/2147
f 2918/2250/2145 2920/2252/2147 2921/2253/2148 2919/2251/2146
f 2922/2254/2149 2917/2249/2144 2875/2207/2102 2923/2255/2150
f 2922/2254/2149 2923/2255/2150 2924/2256/2151 2925/2257/2152
f 2922/2254/2149 2925/2257/2152 710/1964/1859 2917/2249/2144
f 2926/2258/2153 719/1973/1868 676/1930/1825 799/2053/1948
f 2926/2258/2153 799/2053/1948 798/2052/1947 2927/2259/2154
f 2926/2258/2153 2927/2259/2154 707/1961/1856 719/1973/1868
f 2928/2260/2155 801/2055/1950 681/1935/1830 721/1975/1870
f 2928/2260/2155 721/1975/1870 712/1966/1861 2929/2261/2156
f 2928/2260/2155 2929/2261/2156 802/2056/1951 801/2055/1950
f 2930/2262/2157 825/2079/1974 827/2081/1976 2931/2263/2158
f 2930/2262/2157 2931/2263/2158 707/1961/1856 2927/2259/2154
f 2930/2262/2157 2927/2259/2154 798/2052/1947 825/2079/1974
f 2932/2264/2159 2933/2265/2160 830/2084/1979 829/2083/1978
f 2932/2264/2159 829/2083/1978 802/2056/1951 2929/2261/2156
f 2932/2264/2159 2929/2261/2156 712/1966/1861 2933/2265/2160
f 2934/2266/2161 703/1957/1852 707/1961/1856 2931/2263/2158
f 2934/2266/2161 2931/2263/2158 827/2081/1976 2935/2267/2162
f 2934/2266/2161 2935/2267/2162 704/1958/1853 703/1957/1852
f 2936/2268/2163 2933/2265/2160 712/1966/1861 711/1965/1860
f 2936/2268/2163 711/1965/1860 710/1964/1859 2937/2269/2164
f 2936/2268/2163 2937/2269/2164 830/2084/1979 2933/2265/2160
f 2938/2270/2165 2939/2271/2166 704/1958/1853 2935/2267/2162
f 2938/2270/2165 2935/2267/2162 827/2081/1976 835/2089/1984
f 2938/2270/2165 835/2089/1984 834/2088/1983 2939/2271/2166
f 2940/2272/2167 2937/2269/2164 710/1964/1859 2941/2273/2168
f 2940/2272/2167 2941/2273/2168 838/2092/1987 837/2091/1986
f 2940/2272/2167 837/2091/1986 830/2084/1979 2937/2269/2164
f 2942/2274/2169 2939/2271/2166 834/2088/1983 2943/2275/2170
f 2942/2274/2169 2943/2275/2170 2921/2253/2148 2920/2252/2147
f 2942/2274/2169 2920/2252/2147 704/1958/1853 2939/2271/2166
f 2944/2276/2171 2945/2277/2172 838/2092/1987 2941/2273/2168
f 2944/2276/2171 2941/2273/2168 710/1964/1859 2925/2257/2152
f 2944/2276/2171 2925/2257/2152 2924/2256/2151 2945/2277/2172
f 2946/2278/2173 2943/2275/2170 834/2088/1983 849/2103/1998
f 2946/2278/2173 849/2103/1998 853/2107/2002 2947/2279/2174
f 2946/2278/2173 2947/2279/2174 2948/2280/2175 2949/2281/2176
f 2946/2278/2173 2949/2281/2176 2921/2253/2148 2943/2275/2170
f 2950/2282/2177 2951/2283/2178 857/2111/2006 856/2110/2005
f 2950/2282/2177 856/2110/2005 838/2092/1987 2945/2277/2172
f 2950/2282/2177 2945/2277/2172 2924/2256/2151 2952/2284/2179
f 2950/2282/2177 2952/2284/2179 2953/2285/2180 2951/2283/2178
f 2954/2286/2181 2947/2279/2174 853/2107/2002 2955/2287/2182
f 2954/2286/2181 2955/2287/2182 2956/2288/2183 2957/2289/2184
f 2954/2286/2181 2957/2289/2184 2958/2290/2185 2959/2291/2186
f 2954/2286/2181 2959/2291/2186 2948/2280/2175 2947/2279/2174
f 2960/2292/2187 2961/2293/2188 2962/2294/2189 2963/2295/2190
f 2960/2292/2187 2963/2295/2190 857/2111/2006 2951/2283/2178
f 2960/2292/2187 2951/2283/2178 2953/2285/2180 2964/2296/2191
f 2960/2292/2187 2964/2296/2191 2965/2297/2192 2961/2293/2188
f 2966/2298/2193 2955/2287/2182 853/2107/2002 865/2119/2014
f 2966/2298/2193 865/2119/2014 864/2118/2013 2967/2299/2194
f 2966/2298/2193 2967/2299/2194 2968/2300/2195 2969/2301/2196
f 2966/2298/2193 2969/2301/2196 2956/2288/2183 2955/2287/2182
f 2970/2302/2197 2919/2251/2146 2921/2253/2148 2971/2303/2198
f 2970/2302/2197 2971/2303/2198 2972/2304/2199 2973/2305/2200
f 2970/2302/2197 2973/2305/2200 2870/2202/2097 2919/2251/2146
f 2974/2306/2201 2975/2307/2202 2924/2256/2151 2923/2255/2150
f 2974/2306/2201 2923/2255/2150 2875/2207/2102 2976/2308/2203
f 2974/2306/2201 2976/2308/2203 2977/2309/2204 2975/2307/2202
f 2978/2310/2205 2979/2311/2206 2972/2304/2199 2971/2303/2198
f 2978/2310/2205 2971/2303/2198 2921/2253/2148 2949/2281/2176
f 2978/2310/2205 2949/2281/2176 2948/2280/2175 2980/2312/2207
f 2978/2310/2205 2980/2312/2207 2981/2313/2208 2979/2311/2206
f 2982/2314/2209 2952/2284/2179 2924/2256/2151 2975/2307/2202
f 2982/2314/2209 2975/2307/2202 2977/2309/2204 2983/2315/2210
f 2982/2314/2209 2983/2315/2210 2984/2316/2211 2985/2317/2212
f 2982/2314/2209 2985/2317/2212 2953/2285/2180 2952/2284/2179
f 2986/2318/2213 2980/2312/2207 2948/2280/2175 2959/2291/2186
f 2986/2318/2213 2959/2291/2186 2958/2290/2185 2987/2319/2214
f 2986/2318/2213 2987/2319/2214 2988/2320/2215 2989/2321/2216
f 2986/2318/2213 2989/2321/2216 2981/2313/2208 2980/2312/2207
f 2990/2322/2217 2991/2323/2218 2965/2297/2192 2964/2296/2191
f 2990/2322/2217 2964/2296/2191 2953/2285/2180 2985/2317/2212
f 2990/2322/2217 2985/2317/2212 2984/2316/2211 2992/2324/2219
f 2990/2322/2217 2992/2324/2219 2993/2325/2220 2991/2323/2218
f 2994/2326/2221 2957/2289/2184 2956/2288/2183 2995/2327/2222
f 2994/2326/2221 2995/2327/2222 2996/2328/2223 2997/2329/2224
f 2994/2326/2221 2997/2329/2224 2998/2330/2225 2999/2331/2226
f 2994/2326/2221 2999/2331/2226 2958/2290/2185 2957/2289/2184
f 3000/2332/2227 3001/2333/2228 3002/2334/2229 3003/2335/2230
f 3000/2332/2227 3003/2335/2230 2962/2294/2189 2961/2293/2188
f 3000/2332/2227 2961/2293/2188 2965/2297/2192 3004/2336/2231
f 3000/2332/2227 3004/2336/2231 3005/2337/2232 3001/2333/2228
f 3006/2338/2233 2995/2327/2222 2956/2288/2183 2969/2301/2196
f 3006/2338/2233 2969/2301/2196 2968/2300/2195 3007/2339/2234
f 3006/2338/2233 3007/2339/2234 3008/2340/2235 3009/2341/2236
f 3006/2338/2233 3009/2341/2236 2996/2328/2223 2995/2327/2222
f 3010/2342/2237 2987/2319/2214 2958/2290/2185 2999/2331/2226
f 3010/2342/2237 2999/2331/2226 2998/2330/2225 3011/2343/2238
f 3010/2342/2237 3011/2343/2238 3012/2344/2239 3013/2345/2240
f 3010/2342/2237 3013/2345/2240 2988/2320/2215 2987/2319/2214
f 3014/2346/2241 3015/2347/2242 3005/2337/2232 3004/2336/2231
f 3014/2346/2241 3004/2336/2231 2965/2297/2192 2991/2323/2218
f 3014/2346/2241 2991/2323/2218 2993/2325/2220 3016/2348/2243
f 3014/2346/2241 3016/2348/2243 3017/2349/2244 3015/2347/2242
f 4787/2350/2245 382/1657/1553 381/1656/1552 4788/2351/2246
f 4787/2350/2245 4788/2351/2246 4789/2352/2247 4790/2353/2248
f 4787/2350/2245 4790/2353/2248 4791/2354/2249 4792/2355/2250
f 4787/2350/2245 4792/2355/2250 383/1658/1554 382/1657/1553
f 4793/2356/2251 4794/2357/2252 4795/2358/2253 4796/2359/2254
f 4793/2356/2251 4796/2359/2254 387/1663/1559 386/1662/1558
f 4793/2356/2251 386/1662/1558 390/1669/1565 4797/2360/2255
f 4793/2356/2251 4797/2360/2255 4798/2361/2256 4794/2357/2252
f 4842/2362/2257 4837/2363/2258 4836/2364/2259 4843/2365/2260
f 4842/2362/2257 4843/2365/2260 4844/2366/2261 4845/2367/2262
f 4842/2362/2257 4845/2367/2262 383/1658/1554 4792/2355/2250
f 4842/2362/2257 4792/2355/2250 4791/2354/2249 4837/2363/2258
f 4846/2368/2263 4847/2369/2264 4848/2370/2265 4849/2371/2266
f 4846/2368/2263 4849/2371/2266 4840/2372/2267 4839/2373/2268
f 4846/2368/2263 4839/2373/2268 4798/2361/2256 4797/2360/2255
f 4846/2368/2263 4797/2360/2255 390/1669/1565 4847/2369/2264
f 4850/2374/2269 4845/2367/2262 4844/2366/2261 4851/2375/2270
f 4850/2374/2269 4851/2375/2270 4852/2376/2271 4853/2377/2272
f 4850/2374/2269 4853/2377/2272 363/1660/1556 384/1659/1555
f 4850/2374/2269 384/1659/1555 383/1658/1554 4845/2367/2262
f 4854/2378/2273 4855/2379/2274 4856/2380/2275 4857/2381/2276
f 4854/2378/2273 4857/2381/2276 4848/2370/2265 4847/2369/2264
f 4854/2378/2273 4847/2369/2264 390/1669/1565 389/1668/1564
f 4854/2378/2273 389/1668/1564 374/1667/1563 4855/2379/2274
f 4870/2382/2277 4871/2383/2278 4872/2384/2279 4873/2385/2280
f 4870/2382/2277 4873/2385/2280 4874/2386/2281 4875/2387/2282
f 4870/2382/2277 4875/2387/2282 418/1672/1568 4876/2388/2283
f 4870/2382/2277 4876/2388/2283 4877/2389/2284 4871/2383/2278
f 4878/2390/2285 4879/2391/2286 4880/2392/2287 4881/2393/2288
f 4878/2390/2285 4881/2393/2288 4882/2394/2289 4883/2395/2290
f 4878/2390/2285 4883/2395/2290 4884/2396/2291 4885/2397/2292
f 4878/2390/2285 4885/2397/2292 4886/2398/2293 4879/2391/2286
f 4887/2399/2294 4875/2387/2282 4874/2386/2281 4888/2400/2295
f 4887/2399/2294 4888/2400/2295 4889/2401/2296 4890/2402/2297
f 4887/2399/2294 4890/2402/2297 420/1674/1570 419/1673/1569
f 4887/2399/2294 419/1673/1569 418/1672/1568 4875/2387/2282
f 4891/2403/2298 4873/2385/2280 4872/2384/2279 4892/2404/2299
f 4891/2403/2298 4892/2404/2299 4893/2405/2300 4894/2406/2301
f 4891/2403/2298 4894/2406/2301 4889/2401/2296 4888/2400/2295
f 4891/2403/2298 4888/2400/2295 4874/2386/2281 4873/2385/2280
f 4895/2407/2302 4896/2408/2303 369/1654/1550 408/2409/2304
f 4895/2407/2302 408/2409/2304 407/2410/2305 4897/2411/2306
f 4895/2407/2302 4897/2411/2306 4893/2405/2300 4892/2404/2299
f 4895/2407/2302 4892/2404/2299 4872/2384/2279 4896/2408/2303
f 4898/2412/2307 4896/2408/2303 4872/2384/2279 4899/2413/2308
f 4898/2412/2307 4899/2413/2308 4900/2414/2309 4901/2415/2310
f 4898/2412/2307 4901/2415/2310 381/1656/1552 380/1655/1551
f 4898/2412/2307 380/1655/1551 369/1654/1550 4896/2408/2303
f 4902/2416/2311 4903/2417/2312 4904/2418/2313 4905/2419/2314
f 4902/2416/2311 4905/2419/2314 4882/2394/2289 4906/2420/2315
f 4902/2416/2311 4906/2420/2315 376/1665/1561 388/1664/1560
f 4902/2416/2311 388/1664/1560 387/1663/1559 4903/2417/2312
f 4907/2421/2316 4901/2415/2310 4900/2414/2309 4908/2422/2317
f 4907/2421/2316 4908/2422/2317 4909/2423/2318 4910/2424/2319
f 4907/2421/2316 4910/2424/2319 4789/2352/2247 4788/2351/2246
f 4907/2421/2316 4788/2351/2246 381/1656/1552 4901/2415/2310
f 4911/2425/2320 4912/2426/2321 4913/2427/2322 4914/2428/2323
f 4911/2425/2320 4914/2428/2323 4904/2418/2313 4903/2417/2312
f 4911/2425/2320 4903/2417/2312 387/1663/1559 4796/2359/2254
f 4911/2425/2320 4796/2359/2254 4795/2358/2253 4912/2426/2321
f 4923/2429/2324 273/1636/1532 272/1635/1531 4920/2430/2325
f 4923/2429/2324 4920/2430/2325 4789/2352/2247 4910/2424/2319
f 4923/2429/2324 4910/2424/2319 4909/2423/2318 4924/2431/2326
f 4923/2429/2324 4924/2431/2326 274/1637/1533 273/1636/1532
f 4925/2432/2327 4912/2426/2321 4795/2358/2253 4922/2433/2328
f 4925/2432/2327 4922/2433/2328 280/1643/1539 279/1642/1538
f 4925/2432/2327 279/1642/1538 278/1641/1537 4926/2434/2329
f 4925/2432/2327 4926/2434/2329 4913/2427/2322 4912/2426/2321
f 4927/2435/2330 4928/2436/2331 261/1624/1520 270/1633/1529
f 4927/2435/2330 270/1633/1529 274/1637/1533 4924/2431/2326
f 4927/2435/2330 4924/2431/2326 4909/2423/2318 4928/2436/2331
f 4929/2437/2332 277/1640/1536 268/1631/1527 4930/2438/2333
f 4929/2437/2332 4930/2438/2333 4913/2427/2322 4926/2434/2329
f 4929/2437/2332 4926/2434/2329 278/1641/1537 277/1640/1536
f 4931/2439/2334 4928/2436/2331 4909/2423/2318 4932/2440/2335
f 4931/2439/2334 4932/2440/2335 4933/2441/2336 4934/2442/2337
f 4931/2439/2334 4934/2442/2337 4935/2443/2338 4936/2444/2339
f 4931/2439/2334 4936/2444/2339 261/1624/1520 4928/2436/2331
f 4937/2445/2340 4938/2446/2341 4939/2447/2342 4940/2448/2343
f 4937/2445/2340 4940/2448/2343 4913/2427/2322 4930/2438/2333
f 4937/2445/2340 4930/2438/2333 268/1631/1527 4941/2449/2344
f 4937/2445/2340 4941/2449/2344 4942/2450/2345 4938/2446/2341
f 4943/2451/2346 4944/2452/2347 4933/2441/2336 4932/2440/2335
f 4943/2451/2346 4932/2440/2335 4909/2423/2318 4908/2422/2317
f 4943/2451/2346 4908/2422/2317 4900/2414/2309 4944/2452/2347
f 4945/2453/2348 4940/2448/2343 4939/2447/2342 4946/2454/2349
f 4945/2453/2348 4946/2454/2349 4904/2418/2313 4914/2428/2323
f 4945/2453/2348 4914/2428/2323 4913/2427/2322 4940/2448/2343
f 4947/2455/2350 4944/2452/2347 4900/2414/2309 4948/2456/2351
f 4947/2455/2350 4948/2456/2351 4949/2457/2352 4950/2458/2353
f 4947/2455/2350 4950/2458/2353 4951/2459/2354 4952/2460/2355
f 4947/2455/2350 4952/2460/2355 4933/2441/2336 4944/2452/2347
f 4953/2461/2356 4954/2462/2357 4955/2463/2358 4956/2464/2359
f 4953/2461/2356 4956/2464/2359 4904/2418/2313 4946/2454/2349
f 4953/2461/2356 4946/2454/2349 4939/2447/2342 4957/2465/2360
f 4953/2461/2356 4957/2465/2360 4958/2466/2361 4954/2462/2357
f 4959/2467/2362 4948/2456/2351 4900/2414/2309 4899/2413/2308
f 4959/2467/2362 4899/2413/2308 4872/2384/2279 4871/2383/2278
f 4959/2467/2362 4871/2383/2278 4877/2389/2284 4960/2468/2363
f 4959/2467/2362 4960/2468/2363 4949/2457/2352 4948/2456/2351
f 4961/2469/2364 4883/2395/2290 4882/2394/2289 4905/2419/2314
f 4961/2469/2364 4905/2419/2314 4904/2418/2313 4956/2464/2359
f 4961/2469/2364 4956/2464/2359 4955/2463/2358 4962/2470/2365
f 4961/2469/2364 4962/2470/2365 4884/2396/2291 4883/2395/2290
f 4963/2471/2366 240/1603/1499 239/1602/1498 262/1625/1521
f 4963/2471/2366 262/1625/1521 261/1624/1520 4936/2444/2339
f 4963/2471/2366 4936/2444/2339 4935/2443/2338 4964/2472/2367
f 4963/2471/2366 4964/2472/2367 241/1604/1500 240/1603/1499
f 4965/2473/2368 4941/2449/2344 268/1631/1527 267/1630/1526
f 4965/2473/2368 267/1630/1526 245/1608/1504 244/1607/1503
f 4965/2473/2368 244/1607/1503 248/1611/1507 4966/2474/2369
f 4965/2473/2368 4966/2474/2369 4942/2450/2345 4941/2449/2344
f 4967/2475/2370 4934/2442/2337 4933/2441/2336 4952/2460/2355
f 4967/2475/2370 4952/2460/2355 4951/2459/2354 4968/2476/2371
f 4967/2475/2370 4968/2476/2371 4935/2443/2338 4934/2442/2337
f 4969/2477/2372 4957/2465/2360 4939/2447/2342 4938/2446/2341
f 4969/2477/2372 4938/2446/2341 4942/2450/2345 4970/2478/2373
f 4969/2477/2372 4970/2478/2373 4958/2466/2361 4957/2465/2360
f 4971/2479/2374 4950/2458/2353 4949/2457/2352 4972/2480/2375
f 4971/2479/2374 4972/2480/2375 4973/2481/2376 4974/2482/2377
f 4971/2479/2374 4974/2482/2377 4951/2459/2354 4950/2458/2353
f 4975/2483/2378 4976/2484/2379 4955/2463/2358 4954/2462/2357
f 4975/2483/2378 4954/2462/2357 4958/2466/2361 4977/2485/2380
f 4975/2483/2378 4977/2485/2380 4978/2486/2381 4976/2484/2379
f 4979/2487/2382 4974/2482/2377 4973/2481/2376 4980/2488/2383
f 4979/2487/2382 4980/2488/2383 4981/2489/2384 4982/2490/2385
f 4979/2487/2382 4982/2490/2385 4983/2491/2386 4984/2492/2387
f 4979/2487/2382 4984/2492/2387 4951/2459/2354 4974/2482/2377
f 4985/2493/2388 4986/2494/2389 4987/2495/2390 4988/2496/2391
f 4985/2493/2388 4988/2496/2391 4978/2486/2381 4977/2485/2380
f 4985/2493/2388 4977/2485/2380 4958/2466/2361 4989/2497/2392
f 4985/2493/2388 4989/2497/2392 4990/2498/2393 4986/2494/2389
f 4991/2499/2394 4982/2490/2385 4981/2489/2384 4992/2500/2395
f 4991/2499/2394 4992/2500/2395 2972/2304/2199 2979/2311/2206
f 4991/2499/2394 2979/2311/2206 2981/2313/2208 4993/2501/2396
f 4991/2499/2394 4993/2501/2396 4983/2491/2386 4982/2490/2385
f 4994/2502/2397 2983/2315/2210 2977/2309/2204 4995/2503/2398
f 4994/2502/2397 4995/2503/2398 4987/2495/2390 4986/2494/2389
f 4994/2502/2397 4986/2494/2389 4990/2498/2393 4996/2504/2399
f 4994/2502/2397 4996/2504/2399 2984/2316/2211 2983/2315/2210
f 4997/2505/2400 417/1671/1567 424/1678/1574 483/1737/1632
f 4997/2505/2400 483/1737/1632 482/1736/1631 4998/2506/2401
f 4997/2505/2400 4998/2506/2401 4877/2389/2284 4876/2388/2283
f 4997/2505/2400 4876/2388/2283 418/1672/1568 417/1671/1567
f 4999/2507/2402 5000/2508/2403 487/1741/1636 486/1740/1635
f 4999/2507/2402 486/1740/1635 466/1720/1615 5001/2509/2404
f 4999/2507/2402 5001/2509/2404 4886/2398/2293 4885/2397/2292
f 4999/2507/2402 4885/2397/2292 4884/2396/2291 5000/2508/2403
f 5002/2510/2405 4998/2506/2401 482/1736/1631 2878/2210/2105
f 5002/2510/2405 2878/2210/2105 2836/2168/2063 5003/2511/2406
f 5002/2510/2405 5003/2511/2406 4949/2457/2352 4960/2468/2363
f 5002/2510/2405 4960/2468/2363 4877/2389/2284 4998/2506/2401
f 5004/2512/2407 5005/2513/2408 2841/2173/2068 2881/2213/2108
f 5004/2512/2407 2881/2213/2108 487/1741/1636 5000/2508/2403
f 5004/2512/2407 5000/2508/2403 4884/2396/2291 4962/2470/2365
f 5004/2512/2407 4962/2470/2365 4955/2463/2358 5005/2513/2408
f 5006/2514/2409 5003/2511/2406 2836/2168/2063 2835/2167/2062
f 5006/2514/2409 2835/2167/2062 2834/2166/2061 5007/2515/2410
f 5006/2514/2409 5007/2515/2410 4973/2481/2376 4972/2480/2375
f 5006/2514/2409 4972/2480/2375 4949/2457/2352 5003/2511/2406
f 5008/2516/2411 5009/2517/2412 2843/2175/2070 2842/2174/2069
f 5008/2516/2411 2842/2174/2069 2841/2173/2068 5005/2513/2408
f 5008/2516/2411 5005/2513/2408 4955/2463/2358 4976/2484/2379
f 5008/2516/2411 4976/2484/2379 4978/2486/2381 5009/2517/2412
f 5010/2518/2413 5007/2515/2410 2834/2166/2061 2855/2187/2082
f 5010/2518/2413 2855/2187/2082 2854/2186/2081 5011/2519/2414
f 5010/2518/2413 5011/2519/2414 4981/2489/2384 4980/2488/2383
f 5010/2518/2413 4980/2488/2383 4973/2481/2376 5007/2515/2410
f 5012/2520/2415 5013/2521/2416 2859/2191/2086 2858/2190/2085
f 5012/2520/2415 2858/2190/2085 2843/2175/2070 5009/2517/2412
f 5012/2520/2415 5009/2517/2412 4978/2486/2381 4988/2496/2391
f 5012/2520/2415 4988/2496/2391 4987/2495/2390 5013/2521/2416
f 5014/2522/2417 5011/2519/2414 2854/2186/2081 2871/2203/2098
f 5014/2522/2417 2871/2203/2098 2870/2202/2097 2973/2305/2200
f 5014/2522/2417 2973/2305/2200 2972/2304/2199 4992/2500/2395
f 5014/2522/2417 4992/2500/2395 4981/2489/2384 5011/2519/2414
f 5015/2523/2418 2976/2308/2203 2875/2207/2102 2874/2206/2101
f 5015/2523/2418 2874/2206/2101 2859/2191/2086 5013/2521/2416
f 5015/2523/2418 5013/2521/2416 4987/2495/2390 4995/2503/2398
f 5015/2523/2418 4995/2503/2398 2977/2309/2204 2976/2308/2203
f 5134/2524/587 5135/2525/588 5136/2526/2419 5137/2527/2420
f 5134/2524/587 5137/2527/2420 5138/2528/2421 5139/2529/589
f 5140/2530/590 5141/2531/2422 5142/2532/2423 5143/2533/591
f 5140/2530/590 5144/2534/592 5145/2535/2424 5141/2531/2422
f 5146/2536/593 5139/2529/589 5138/2528/2421 5147/2537/2425
f 5146/2536/593 5147/2537/2425 3012/2344/2239 5148/2538/594
f 5149/2539/595 5150/2540/2426 5145/2535/2424 5144/2534/592
f 5149/2539/595 5151/2541/596 3017/2349/2244 5150/2540/2426
f 5152/2542/597 5148/2538/594 3012/2344/2239 3011/2343/2238
f 5152/2542/597 3011/2343/2238 2998/2330/2225 5153/2543/598
f 5154/2544/599 5155/2545/600 3005/2337/2232 3015/2347/2242
f 5154/2544/599 3015/2347/2242 3017/2349/2244 5151/2541/596
f 5184/2546/613 5185/2547/1208 5136/2526/2419 5135/2525/588
f 5187/2548/615 5143/2533/591 5142/2532/2423 5188/2549/1209
f 5255/2550/2427 5256/2551/2428 4951/2459/2354 4984/2492/2387
f 5255/2550/2427 4984/2492/2387 4983/2491/2386 5257/2552/2429
f 5255/2550/2427 5257/2552/2429 5258/2553/2430 5256/2551/2428
f 5259/2554/2431 4989/2497/2392 4958/2466/2361 5260/2555/2432
f 5259/2554/2431 5260/2555/2432 5261/2556/2433 5262/2557/2434
f 5259/2554/2431 5262/2557/2434 4990/2498/2393 4989/2497/2392
f 5263/2558/2435 5256/2551/2428 5258/2553/2430 5264/2559/2436
f 5263/2558/2435 5264/2559/2436 4935/2443/2338 4968/2476/2371
f 5263/2558/2435 4968/2476/2371 4951/2459/2354 5256/2551/2428
f 5265/2560/2437 5266/2561/2438 5261/2556/2433 5260/2555/2432
f 5265/2560/2437 5260/2555/2432 4958/2466/2361 4970/2478/2373
f 5265/2560/2437 4970/2478/2373 4942/2450/2345 5266/2561/2438
f 5267/2562/2439 5264/2559/2436 5258/2553/2430 5268/2563/2440
f 5267/2562/2439 5268/2563/2440 5269/2564/2441 5270/2565/2442
f 5267/2562/2439 5270/2565/2442 241/1604/1500 4964/2472/2367
f 5267/2562/2439 4964/2472/2367 4935/2443/2338 5264/2559/2436
f 5271/2566/2443 5272/2567/2444 5273/2568/2445 5274/2569/2446
f 5271/2566/2443 5274/2569/2446 5261/2556/2433 5266/2561/2438
f 5271/2566/2443 5266/2561/2438 4942/2450/2345 4966/2474/2369
f 5271/2566/2443 4966/2474/2369 248/1611/1507 5272/2567/2444
f 5275/2570/2447 5270/2565/2442 5269/2564/2441 5276/2571/2448
f 5275/2570/2447 5276/2571/2448 5277/2572/2449 5278/2573/2450
f 5275/2570/2447 5278/2573/2450 227/1590/1486 242/1605/1501
f 5275/2570/2447 242/1605/1501 241/1604/1500 5270/2565/2442
f 5279/2574/2451 5280/2575/2452 5281/2576/2453 5282/2577/2454
f 5279/2574/2451 5282/2577/2454 5273/2568/2445 5272/2567/2444
f 5279/2574/2451 5272/2567/2444 248/1611/1507 247/1610/1506
f 5279/2574/2451 247/1610/1506 233/1596/1492 5280/2575/2452
f 5283/2578/2455 5278/2573/2450 5277/2572/2449 5284/2579/2456
f 5283/2578/2455 5284/2579/2456 5285/2580/2457 5286/2581/2458
f 5283/2578/2455 5286/2581/2458 25/1395/1294 5287/2582/2459
f 5283/2578/2455 5287/2582/2459 227/1590/1486 5278/2573/2450
f 5288/2583/2460 5289/2584/2461 5290/2585/2462 5291/2586/2463
f 5288/2583/2460 5291/2586/2463 5281/2576/2453 5280/2575/2452
f 5288/2583/2460 5280/2575/2452 233/1596/1492 5292/2587/2464
f 5288/2583/2460 5292/2587/2464 36/1406/1305 5289/2584/2461
f 5293/2588/2465 5286/2581/2458 5285/2580/2457 5294/2589/2466
f 5293/2588/2465 5294/2589/2466 5295/2590/2467 5296/2591/2468
f 5293/2588/2465 5296/2591/2468 27/1397/1296 26/1396/1295
f 5293/2588/2465 26/1396/1295 25/1395/1294 5286/2581/2458
f 5297/2592/2469 5298/2593/2470 5299/2594/2471 5300/2595/2472
f 5297/2592/2469 5300/2595/2472 5290/2585/2462 5289/2584/2461
f 5297/2592/2469 5289/2584/2461 36/1406/1305 35/1405/1304
f 5297/2592/2469 35/1405/1304 34/1404/1303 5298/2593/2470
f 5301/2596/2473 5257/2552/2429 4983/2491/2386 4993/2501/2396
f 5301/2596/2473 4993/2501/2396 2981/2313/2208 2989/2321/2216
f 5301/2596/2473 2989/2321/2216 2988/2320/2215 5302/2597/2474
f 5301/2596/2473 5302/2597/2474 5258/2553/2430 5257/2552/2429
f 5303/2598/2475 2992/2324/2219 2984/2316/2211 4996/2504/2399
f 5303/2598/2475 4996/2504/2399 4990/2498/2393 5262/2557/2434
f 5303/2598/2475 5262/2557/2434 5261/2556/2433 5304/2599/2476
f 5303/2598/2475 5304/2599/2476 2993/2325/2220 2992/2324/2219
f 5305/2600/2477 5268/2563/2440 5258/2553/2430 5302/2597/2474
f 5305/2600/2477 5302/2597/2474 2988/2320/2215 3013/2345/2240
f 5305/2600/2477 3013/2345/2240 3012/2344/2239 5306/2601/2478
f 5305/2600/2477 5306/2601/2478 5269/2564/2441 5268/2563/2440
f 5307/2602/2479 3016/2348/2243 2993/2325/2220 5304/2599/2476
f 5307/2602/2479 5304/2599/2476 5261/2556/2433 5274/2569/2446
f 5307/2602/2479 5274/2569/2446 5273/2568/2445 5308/2603/2480
f 5307/2602/2479 5308/2603/2480 3017/2349/2244 3016/2348/2243
f 5309/2604/2481 5306/2601/2478 3012/2344/2239 5147/2537/2425
f 5309/2604/2481 5147/2537/2425 5138/2528/2421 5310/2605/2482
f 5309/2604/2481 5310/2605/2482 5277/2572/2449 5276/2571/2448
f 5309/2604/2481 5276/2571/2448 5269/2564/2441 5306/2601/2478
f 5311/2606/2483 5312/2607/2484 5145/2535/2424 5150/2540/2426
f 5311/2606/2483 5150/2540/2426 3017/2349/2244 5308/2603/2480
f 5311/2606/2483 5308/2603/2480 5273/2568/2445 5282/2577/2454
f 5311/2606/2483 5282/2577/2454 5281/2576/2453 5312/2607/2484
f 5313/2608/2485 5310/2605/2482 5138/2528/2421 5137/2527/2420
f 5313/2608/2485 5137/2527/2420 5136/2526/2419 5314/2609/2486
f 5313/2608/2485 5314/2609/2486 5285/2580/2457 5284/2579/2456
f 5313/2608/2485 5284/2579/2456 5277/2572/2449 5310/2605/2482
f 5315/2610/2487 5316/2611/2488 5142/2532/2423 5141/2531/2422
f 5315/2610/2487 5141/2531/2422 5145/2535/2424 5312/2607/2484
f 5315/2610/2487 5312/2607/2484 5281/2576/2453 5291/2586/2463
f 5315/2610/2487 5291/2586/2463 5290/2585/2462 5316/2611/2488
f 5317/2612/1210 5318/2613/1211 5285/2580/2457 5314/2609/2486
f 5317/2612/1210 5314/2609/2486 5136/2526/2419 5185/2547/1208
f 5319/2614/1212 5316/2611/2488 5290/2585/2462 5320/2615/1213
f 5319/2614/1212 5188/2549/1209 5142/2532/2423 5316/2611/2488
f 5321/2616/1214 5294/2589/2466 5285/2580/2457 5318/2613/1211
f 5321/2616/1214 5322/2617/1215 5295/2590/2467 5294/2589/2466
f 5323/2618/1216 5320/2615/1213 5290/2585/2462 5300/2595/2472
f 5323/2618/1216 5300/2595/2472 5299/2594/2471 5324/2619/1217
f 5325/2620/1218 5326/2621/1219 5327/2622/2489 5328/2623/2490
f 5325/2620/1218 5328/2623/2490 5295/2590/2467 5322/2617/1215
f 5329/2624/1220 5330/2625/2491 5331/2626/2492 5332/2627/1221
f 5329/2624/1220 5324/2619/1217 5299/2594/2471 5330/2625/2491
f 5333/2628/1222 5334/2629/2493 5327/2622/2489 5326/2621/1219
f 5333/2628/1222 5337/2630/1225 51/1421/1320 5334/2629/2493
f 5338/2631/1226 5332/2627/1221 5331/2626/2492 5340/2632/2494
f 5338/2631/1226 5340/2632/2494 55/1425/1324 5341/2633/1228
f 5343/2634/2495 5328/2623/2490 5327/2622/2489 5334/2629/2493
f 5343/2634/2495 5334/2629/2493 51/1421/1320 50/1420/1319
f 5343/2634/2495 50/1420/1319 27/1397/1296 5296/2591/2468
f 5343/2634/2495 5296/2591/2468 5295/2590/2467 5328/2623/2490
f 5344/2635/2496 56/1426/1325 55/1425/1324 5340/2632/2494
f 5344/2635/2496 5340/2632/2494 5331/2626/2492 5330/2625/2491
f 5344/2635/2496 5330/2625/2491 5299/2594/2471 5298/2593/2470
f 5344/2635/2496 5298/2593/2470 34/1404/1303 56/1426/1325
f 5345/2636/2497 24/1394/1293 23/1393/1292 5346/2637/2498
f 5345/2636/2497 5346/2637/2498 229/1592/1488 228/1591/1487
f 5345/2636/2497 228/1591/1487 227/1590/1486 5287/2582/2459
f 5345/2636/2497 5287/2582/2459 25/1395/1294 24/1394/1293
f 5347/2638/2499 232/1595/1491 236/1599/1495 5348/2639/2500
f 5347/2638/2499 5348/2639/2500 30/1400/1299 29/1399/1298
f 5347/2638/2499 29/1399/1298 36/1406/1305 5292/2587/2464
f 5347/2638/2499 5292/2587/2464 233/1596/1492 232/1595/1491
f 5355/2640/1236 70/1443/897 59/1429/1328 58/1428/1327
f 5355/2640/1236 58/1428/1327 51/1421/1320 5337/2630/1225
f 5357/2641/1238 5341/2633/1228 55/1425/1324 66/1436/1335
f 5357/2641/1238 66/1436/1335 65/1435/1334 5358/2642/1239
f 5361/2643/2501 5362/2644/2502 178/1545/1441 177/1544/1440
f 5361/2643/2501 177/1544/1440 176/1543/1439 214/1577/1473
f 5361/2643/2501 214/1577/1473 218/1581/1477 5363/2645/2503
f 5361/2643/2501 5363/2645/2503 5364/2646/2504 5362/2644/2502
f 5365/2647/2505 221/1584/1480 184/1551/1447 183/1550/1446
f 5365/2647/2505 183/1550/1446 182/1549/1445 5366/2648/2506
f 5365/2647/2505 5366/2648/2506 5367/2649/2507 5368/2650/2508
f 5365/2647/2505 5368/2650/2508 222/1585/1481 221/1584/1480
f 5369/2651/2509 5370/2652/2510 5364/2646/2504 5363/2645/2503
f 5369/2651/2509 5363/2645/2503 218/1581/1477 230/1593/1489
f 5369/2651/2509 230/1593/1489 229/1592/1488 5371/2653/2511
f 5369/2651/2509 5371/2653/2511 5372/2654/2512 5370/2652/2510
f 5373/2655/2513 235/1598/1494 222/1585/1481 5368/2650/2508
f 5373/2655/2513 5368/2650/2508 5367/2649/2507 5374/2656/2514
f 5373/2655/2513 5374/2656/2514 5375/2657/2515 5376/2658/2516
f 5373/2655/2513 5376/2658/2516 236/1599/1495 235/1598/1494
f 5377/2659/2517 5378/2660/2518 5372/2654/2512 5371/2653/2511
f 5377/2659/2517 5371/2653/2511 229/1592/1488 5346/2637/2498
f 5377/2659/2517 5346/2637/2498 23/1393/1292 5379/2661/2519
f 5377/2659/2517 5379/2661/2519 5380/2662/2520 5378/2660/2518
f 5381/2663/2521 5348/2639/2500 236/1599/1495 5376/2658/2516
f 5381/2663/2521 5376/2658/2516 5375/2657/2515 5382/2664/2522
f 5381/2663/2521 5382/2664/2522 5383/2665/2523 5384/2666/2524
f 5381/2663/2521 5384/2666/2524 30/1400/1299 5348/2639/2500
f 5385/2667/2525 5386/2668/2526 5380/2662/2520 5379/2661/2519
f 5385/2667/2525 5379/2661/2519 23/1393/1292 22/1392/1291
f 5385/2667/2525 22/1392/1291 21/1391/1290 5387/2669/2527
f 5385/2667/2525 5387/2669/2527 5388/2670/2528 5386/2668/2526
f 5389/2671/2529 31/1401/1300 30/1400/1299 5384/2666/2524
f 5389/2671/2529 5384/2666/2524 5383/2665/2523 5390/2672/2530
f 5389/2671/2529 5390/2672/2530 5391/2673/2531 5392/2674/2532
f 5389/2671/2529 5392/2674/2532 32/1402/1301 31/1401/1300
f 5393/2675/2533 5394/2676/2534 5388/2670/2528 5387/2669/2527
f 5393/2675/2533 5387/2669/2527 21/1391/1290 42/1412/1311
f 5393/2675/2533 42/1412/1311 41/1411/1310 106/1473/1369
f 5393/2675/2533 106/1473/1369 105/1472/1368 5394/2676/2534
f 5395/2677/2535 47/1417/1316 32/1402/1301 5392/2674/2532
f 5395/2677/2535 5392/2674/2532 5391/2673/2531 5396/2678/2536
f 5395/2677/2535 5396/2678/2536 112/1479/1375 111/1478/1374
f 5395/2677/2535 111/1478/1374 48/1418/1317 47/1417/1316
f 5397/2679/2537 5398/2680/2538 5372/2654/2512 5399/2681/2539
f 5397/2679/2537 5399/2681/2539 5400/2682/2540 5401/2683/2541
f 5397/2679/2537 5401/2683/2541 5402/2684/2542 5398/2680/2538
f 5403/2685/2543 5404/2686/2544 5375/2657/2515 5405/2687/2545
f 5403/2685/2543 5405/2687/2545 5406/2688/2546 5407/2689/2547
f 5403/2685/2543 5407/2689/2547 5408/2690/2548 5404/2686/2544
f 5409/2691/2549 5410/2692/2550 5400/2682/2540 5399/2681/2539
f 5409/2691/2549 5399/2681/2539 5372/2654/2512 5378/2660/2518
f 5409/2691/2549 5378/2660/2518 5380/2662/2520 5410/2692/2550
f 5411/2693/2551 5404/2686/2544 5408/2690/2548 5412/2694/2552
f 5411/2693/2551 5412/2694/2552 5383/2665/2523 5382/2664/2522
f 5411/2693/2551 5382/2664/2522 5375/2657/2515 5404/2686/2544
f 5413/2695/2553 5410/2692/2550 5380/2662/2520 5414/2696/2554
f 5413/2695/2553 5414/2696/2554 5415/2697/2555 5416/2698/2556
f 5413/2695/2553 5416/2698/2556 5400/2682/2540 5410/2692/2550
f 5417/2699/2557 5418/2700/2558 5383/2665/2523 5412/2694/2552
f 5417/2699/2557 5412/2694/2552 5408/2690/2548 5419/2701/2559
f 5417/2699/2557 5419/2701/2559 5420/2702/2560 5418/2700/2558
f 5421/2703/2561 5422/2704/2562 5415/2697/2555 5414/2696/2554
f 5421/2703/2561 5414/2696/2554 5380/2662/2520 5386/2668/2526
f 5421/2703/2561 5386/2668/2526 5388/2670/2528 5422/2704/2562
f 5423/2705/2563 5418/2700/2558 5420/2702/2560 5424/2706/2564
f 5423/2705/2563 5424/2706/2564 5391/2673/2531 5390/2672/2530
f 5423/2705/2563 5390/2672/2530 5383/2665/2523 5418/2700/2558
f 5425/2707/2565 5422/2704/2562 5388/2670/2528 5426/2708/2566
f 5425/2707/2565 5426/2708/2566 5427/2709/2567 5428/2710/2568
f 5425/2707/2565 5428/2710/2568 5415/2697/2555 5422/2704/2562
f 5429/2711/2569 5430/2712/2570 5391/2673/2531 5424/2706/2564
f 5429/2711/2569 5424/2706/2564 5420/2702/2560 5431/2713/2571
f 5429/2711/2569 5431/2713/2571 5432/2714/2572 5430/2712/2570
f 5433/2715/2573 5434/2716/2574 5427/2709/2567 5426/2708/2566
f 5433/2715/2573 5426/2708/2566 5388/2670/2528 5394/2676/2534
f 5433/2715/2573 5394/2676/2534 105/1472/1368 5434/2716/2574
f 5435/2717/2575 5430/2712/2570 5432/2714/2572 5436/2718/2576
f 5435/2717/2575 5436/2718/2576 112/1479/1375 5396/2678/2536
f 5435/2717/2575 5396/2678/2536 5391/2673/2531 5430/2712/2570
f 5437/2719/2577 5434/2716/2574 105/1472/1368 5438/2720/2578
f 5437/2719/2577 5438/2720/2578 5439/2721/2579 5440/2722/2580
f 5437/2719/2577 5440/2722/2580 5427/2709/2567 5434/2716/2574
f 5441/2723/2581 5442/2724/2582 112/1479/1375 5436/2718/2576
f 5441/2723/2581 5436/2718/2576 5432/2714/2572 5443/2725/2583
f 5441/2723/2581 5443/2725/2583 5444/2726/2584 5442/2724/2582
f 5445/2727/2585 5446/2728/2586 5439/2721/2579 5438/2720/2578
f 5445/2727/2585 5438/2720/2578 105/1472/1368 104/1471/1367
f 5445/2727/2585 104/1471/1367 103/1470/1366 5446/2728/2586
f 5447/2729/2587 5442/2724/2582 5444/2726/2584 5448/2730/2588
f 5447/2729/2587 5448/2730/2588 109/1476/1372 108/1475/1371
f 5447/2729/2587 108/1475/1371 112/1479/1375 5442/2724/2582
f 5449/2731/2589 5446/2728/2586 103/1470/1366 132/1499/1395
f 5449/2731/2589 132/1499/1395 131/1498/1394 5450/2732/2590
f 5449/2731/2589 5450/2732/2590 5439/2721/2579 5446/2728/2586
f 5451/2733/2591 134/1501/1397 109/1476/1372 5448/2730/2588
f 5451/2733/2591 5448/2730/2588 5444/2726/2584 5452/2734/2592
f 5451/2733/2591 5452/2734/2592 135/1502/1398 134/1501/1397
f 5453/2735/2593 130/1497/1393 120/1487/1383 5454/2736/2594
f 5453/2735/2593 5454/2736/2594 5455/2737/2595 5456/2738/2596
f 5453/2735/2593 5456/2738/2596 131/1498/1394 130/1497/1393
f 5457/2739/2597 5458/2740/2598 126/1493/1389 136/1503/1399
f 5457/2739/2597 136/1503/1399 135/1502/1398 5459/2741/2599
f 5457/2739/2597 5459/2741/2599 5460/2742/2600 5458/2740/2598
f 5461/2743/2601 5462/2744/2602 5455/2737/2595 5454/2736/2594
f 5461/2743/2601 5454/2736/2594 120/1487/1383 119/1486/1382
f 5461/2743/2601 119/1486/1382 118/1485/1381 5462/2744/2602
f 5463/2745/2603 5458/2740/2598 5460/2742/2600 5464/2746/2604
f 5463/2745/2603 5464/2746/2604 128/1495/1391 127/1494/1390
f 5463/2745/2603 127/1494/1390 126/1493/1389 5458/2740/2598
f 5465/2747/2605 5462/2744/2602 118/1485/1381 5466/2748/2606
f 5465/2747/2605 5466/2748/2606 5467/2749/2607 5468/2750/2608
f 5465/2747/2605 5468/2750/2608 5455/2737/2595 5462/2744/2602
f 5469/2751/2609 5470/2752/2610 128/1495/1391 5464/2746/2604
f 5469/2751/2609 5464/2746/2604 5460/2742/2600 5471/2753/2611
f 5469/2751/2609 5471/2753/2611 5472/2754/2612 5470/2752/2610
f 5473/2755/2613 5474/2756/2614 5467/2749/2607 5466/2748/2606
f 5473/2755/2613 5466/2748/2606 118/1485/1381 158/1525/1421
f 5473/2755/2613 158/1525/1421 157/1524/1420 5474/2756/2614
f 5475/2757/2615 5470/2752/2610 5472/2754/2612 5476/2758/2616
f 5475/2757/2615 5476/2758/2616 164/1531/1427 163/1530/1426
f 5475/2757/2615 163/1530/1426 128/1495/1391 5470/2752/2610
f 5477/2759/2617 5474/2756/2614 157/1524/1420 5478/2760/2618
f 5477/2759/2617 5478/2760/2618 5479/2761/2619 5480/2762/2620
f 5477/2759/2617 5480/2762/2620 5467/2749/2607 5474/2756/2614
f 5481/2763/2621 5482/2764/2622 164/1531/1427 5476/2758/2616
f 5481/2763/2621 5476/2758/2616 5472/2754/2612 5483/2765/2623
f 5481/2763/2621 5483/2765/2623 5484/2766/2624 5482/2764/2622
f 5485/2767/2625 5486/2768/2626 5479/2761/2619 5478/2760/2618
f 5485/2767/2625 5478/2760/2618 157/1524/1420 174/1541/1437
f 5485/2767/2625 174/1541/1437 178/1545/1441 5486/2768/2626
f 5487/2769/2627 5482/2764/2622 5484/2766/2624 5488/2770/2628
f 5487/2769/2627 5488/2770/2628 182/1549/1445 181/1548/1444
f 5487/2769/2627 181/1548/1444 164/1531/1427 5482/2764/2622
f 5489/2771/2629 5486/2768/2626 178/1545/1441 5490/2772/2630
f 5489/2771/2629 5490/2772/2630 5491/2773/2631 5492/2774/2632
f 5489/2771/2629 5492/2774/2632 5479/2761/2619 5486/2768/2626
f 5493/2775/2633 5494/2776/2634 182/1549/1445 5488/2770/2628
f 5493/2775/2633 5488/2770/2628 5484/2766/2624 5495/2777/2635
f 5493/2775/2633 5495/2777/2635 5496/2778/2636 5494/2776/2634
f 5497/2779/2637 5498/2780/2638 5491/2773/2631 5490/2772/2630
f 5497/2779/2637 5490/2772/2630 178/1545/1441 5362/2644/2502
f 5497/2779/2637 5362/2644/2502 5364/2646/2504 5498/2780/2638
f 5499/2781/2639 5494/2776/2634 5496/2778/2636 5500/2782/2640
f 5499/2781/2639 5500/2782/2640 5367/2649/2507 5366/2648/2506
f 5499/2781/2639 5366/2648/2506 182/1549/1445 5494/2776/2634
f 5501/2783/2641 5498/2780/2638 5364/2646/2504 5502/2784/2642
f 5501/2783/2641 5502/2784/2642 5402/2684/2542 5503/2785/2643
f 5501/2783/2641 5503/2785/2643 5491/2773/2631 5498/2780/2638
f 5504/2786/2644 5505/2787/2645 5367/2649/2507 5500/2782/2640
f 5504/2786/2644 5500/2782/2640 5496/2778/2636 5506/2788/2646
f 5504/2786/2644 5506/2788/2646 5406/2688/2546 5505/2787/2645
f 5507/2789/2647 5398/2680/2538 5402/2684/2542 5502/2784/2642
f 5507/2789/2647 5502/2784/2642 5364/2646/2504 5370/2652/2510
f 5507/2789/2647 5370/2652/2510 5372/2654/2512 5398/2680/2538
f 5508/2790/2648 5505/2787/2645 5406/2688/2546 5405/2687/2545
f 5508/2790/2648 5405/2687/2545 5375/2657/2515 5374/2656/2514
f 5508/2790/2648 5374/2656/2514 5367/2649/2507 5505/2787/2645
f 6052/2791/823 5153/2543/598 2998/2330/2225 2997/2329/2224
f 6052/2791/823 2997/2329/2224 2996/2328/2223 6053/2792/824
f 6054/2793/825 6055/2794/826 3002/2334/2229 3001/2333/2228
f 6054/2793/825 3001/2333/2228 3005/2337/2232 5155/2545/600
f 6056/2795/827 6053/2792/824 2996/2328/2223 3009/2341/2236
f 6056/2795/827 3009/2341/2236 3008/2340/2235 6057/2796/828
f 6093/2797/2649 6094/2798/2650 479/1733/1628 478/1732/1627
f 6093/2797/2649 478/1732/1627 477/1731/1626 6095/2799/2651
f 6093/2797/2649 6095/2799/2651 6096/2800/2652 6097/2801/2653
f 6093/2797/2649 6097/2801/2653 6098/2802/2654 6094/2798/2650
f 6099/2803/2655 6100/2804/2656 598/1852/1747 610/1864/1759
f 6099/2803/2655 610/1864/1759 479/1733/1628 6094/2798/2650
f 6099/2803/2655 6094/2798/2650 6098/2802/2654 6100/2804/2656
f 6101/2805/2657 612/1866/1761 602/1856/1751 6102/2806/2658
f 6101/2805/2657 6102/2806/2658 6103/2807/2659 6104/2808/2660
f 6101/2805/2657 6104/2808/2660 613/1867/1762 612/1866/1761
f 6105/2809/2661 6100/2804/2656 6098/2802/2654 6106/2810/2662
f 6105/2809/2661 6106/2810/2662 6107/2811/2663 6108/2812/2664
f 6105/2809/2661 6108/2812/2664 598/1852/1747 6100/2804/2656
f 6109/2813/2665 6110/2814/2666 6103/2807/2659 6102/2806/2658
f 6109/2813/2665 6102/2806/2658 602/1856/1751 6111/2815/2667
f 6109/2813/2665 6111/2815/2667 6112/2816/2668 6110/2814/2666
f 6113/2817/2669 6114/2818/2670 6115/2819/2671 6116/2820/2672
f 6113/2817/2669 6116/2820/2672 6117/2821/2673 6118/2822/2674
f 6113/2817/2669 6118/2822/2674 6119/2823/2675 6120/2824/2676
f 6113/2817/2669 6120/2824/2676 6121/2825/2677 6114/2818/2670
f 6122/2826/2678 6123/2827/2679 6115/2819/2671 6114/2818/2670
f 6122/2826/2678 6114/2818/2670 6121/2825/2677 6124/2828/2680
f 6122/2826/2678 6124/2828/2680 6125/2829/2681 6123/2827/2679
f 6126/2830/2682 6127/2831/2683 6128/2832/2684 6129/2833/2685
f 6126/2830/2682 6129/2833/2685 6130/2834/2686 6131/2835/2687
f 6126/2830/2682 6131/2835/2687 6132/2836/2688 6127/2831/2683
f 6133/2837/2689 6123/2827/2679 6125/2829/2681 6134/2838/2690
f 6133/2837/2689 6134/2838/2690 6135/2839/2691 6136/2840/2692
f 6133/2837/2689 6136/2840/2692 6115/2819/2671 6123/2827/2679
f 6137/2841/2693 6138/2842/2694 6130/2834/2686 6129/2833/2685
f 6137/2841/2693 6129/2833/2685 6128/2832/2684 6139/2843/2695
f 6137/2841/2693 6139/2843/2695 6140/2844/2696 6138/2842/2694
f 6141/2845/2697 6142/2846/2698 6121/2825/2677 6120/2824/2676
f 6141/2845/2697 6120/2824/2676 6119/2823/2675 6143/2847/2699
f 6141/2845/2697 6143/2847/2699 6144/2848/2700 6145/2849/2701
f 6141/2845/2697 6145/2849/2701 6146/2850/2702 6142/2846/2698
f 6147/2851/2703 6148/2852/2704 6125/2829/2681 6124/2828/2680
f 6147/2851/2703 6124/2828/2680 6121/2825/2677 6142/2846/2698
f 6147/2851/2703 6142/2846/2698 6146/2850/2702 6148/2852/2704
f 6149/2853/2705 6131/2835/2687 6130/2834/2686 6150/2854/2706
f 6149/2853/2705 6150/2854/2706 6151/2855/2707 6152/2856/2708
f 6149/2853/2705 6152/2856/2708 6132/2836/2688 6131/2835/2687
f 6153/2857/2709 6148/2852/2704 6146/2850/2702 6154/2858/2710
f 6153/2857/2709 6154/2858/2710 6155/2859/2711 6156/2860/2712
f 6153/2857/2709 6156/2860/2712 6125/2829/2681 6148/2852/2704
f 6157/2861/2713 6158/2862/2714 6151/2855/2707 6150/2854/2706
f 6157/2861/2713 6150/2854/2706 6130/2834/2686 6159/2863/2715
f 6157/2861/2713 6159/2863/2715 6160/2864/2716 6158/2862/2714
f 6161/2865/2717 6162/2866/2718 6146/2850/2702 6145/2849/2701
f 6161/2865/2717 6145/2849/2701 6144/2848/2700 6163/2867/2719
f 6161/2865/2717 6163/2867/2719 6164/2868/2720 6165/2869/2721
f 6161/2865/2717 6165/2869/2721 6166/2870/2722 6162/2866/2718
f 6167/2871/2723 6168/2872/2724 6155/2859/2711 6154/2858/2710
f 6167/2871/2723 6154/2858/2710 6146/2850/2702 6162/2866/2718
f 6167/2871/2723 6162/2866/2718 6166/2870/2722 6168/2872/2724
f 6169/2873/2725 6158/2862/2714 6160/2864/2716 6170/2874/2726
f 6169/2873/2725 6170/2874/2726 6171/2875/2727 6172/2876/2728
f 6169/2873/2725 6172/2876/2728 6151/2855/2707 6158/2862/2714
f 6173/2877/2729 6168/2872/2724 6166/2870/2722 6174/2878/2730
f 6173/2877/2729 6174/2878/2730 6175/2879/2731 6176/2880/2732
f 6173/2877/2729 6176/2880/2732 6155/2859/2711 6168/2872/2724
f 6177/2881/2733 6178/2882/2734 6171/2875/2727 6170/2874/2726
f 6177/2881/2733 6170/2874/2726 6160/2864/2716 6179/2883/2735
f 6177/2881/2733 6179/2883/2735 6180/2884/2736 6178/2882/2734
f 6181/2885/2737 6182/2886/2738 6166/2870/2722 6165/2869/2721
f 6181/2885/2737 6165/2869/2721 6164/2868/2720 6183/2887/2739
f 6181/2885/2737 6183/2887/2739 6184/2888/2740 6185/2889/2741
f 6181/2885/2737 6185/2889/2741 6186/2890/2742 6182/2886/2738
f 6187/2891/2743 6188/2892/2744 6175/2879/2731 6174/2878/2730
f 6187/2891/2743 6174/2878/2730 6166/2870/2722 6182/2886/2738
f 6187/2891/2743 6182/2886/2738 6186/2890/2742 6188/2892/2744
f 6189/2893/2745 6178/2882/2734 6180/2884/2736 6190/2894/2746
f 6189/2893/2745 6190/2894/2746 6191/2895/2747 6192/2896/2748
f 6189/2893/2745 6192/2896/2748 6171/2875/2727 6178/2882/2734
f 6193/2897/2749 6188/2892/2744 6186/2890/2742 6194/2898/2750
f 6193/2897/2749 6194/2898/2750 750/2004/1899 6195/2899/2751
f 6193/2897/2749 6195/2899/2751 6175/2879/2731 6188/2892/2744
f 6196/2900/2752 6197/2901/2753 6191/2895/2747 6190/2894/2746
f 6196/2900/2752 6190/2894/2746 6180/2884/2736 6198/2902/2754
f 6196/2900/2752 6198/2902/2754 755/2009/1904 6197/2901/2753
f 6199/2903/2755 6200/2904/2756 6186/2890/2742 6185/2889/2741
f 6199/2903/2755 6185/2889/2741 6184/2888/2740 6201/2905/2757
f 6199/2903/2755 6201/2905/2757 726/1980/1875 725/1979/1874
f 6199/2903/2755 725/1979/1874 724/1978/1873 6200/2904/2756
f 6202/2906/2758 6203/2907/2759 738/1992/1887 751/2005/1900
f 6202/2906/2758 751/2005/1900 750/2004/1899 6194/2898/2750
f 6202/2906/2758 6194/2898/2750 6186/2890/2742 6203/2907/2759
f 6204/2908/2760 754/2008/1903 743/1997/1892 6205/2909/2761
f 6204/2908/2760 6205/2909/2761 6191/2895/2747 6197/2901/2753
f 6204/2908/2760 6197/2901/2753 755/2009/1904 754/2008/1903
f 6206/2910/2762 6203/2907/2759 6186/2890/2742 6200/2904/2756
f 6206/2910/2762 6200/2904/2756 724/1978/1873 739/1993/1888
f 6206/2910/2762 739/1993/1888 738/1992/1887 6203/2907/2759
f 6207/2911/2763 6208/2912/2764 6191/2895/2747 6205/2909/2761
f 6207/2911/2763 6205/2909/2761 743/1997/1892 742/1996/1891
f 6207/2911/2763 742/1996/1891 734/1988/1883 6208/2912/2764
f 6209/2913/2765 6210/2914/2766 762/2016/1911 775/2029/1924
f 6209/2913/2765 775/2029/1924 774/2028/1923 6211/2915/2767
f 6209/2913/2765 6211/2915/2767 6212/2916/2768 6210/2914/2766
f 6213/2917/2769 778/2032/1927 767/2021/1916 6214/2918/2770
f 6213/2917/2769 6214/2918/2770 6215/2919/2771 6216/2920/2772
f 6213/2917/2769 6216/2920/2772 779/2033/1928 778/2032/1927
f 6217/2921/2773 6210/2914/2766 6212/2916/2768 6218/2922/2774
f 6217/2921/2773 6218/2922/2774 6219/2923/2775 6220/2924/2776
f 6217/2921/2773 6220/2924/2776 762/2016/1911 6210/2914/2766
f 6221/2925/2777 6222/2926/2778 6215/2919/2771 6214/2918/2770
f 6221/2925/2777 6214/2918/2770 767/2021/1916 6223/2927/2779
f 6221/2925/2777 6223/2927/2779 6224/2928/2780 6222/2926/2778
f 6225/2929/2781 6226/2930/2782 6219/2923/2775 6218/2922/2774
f 6225/2929/2781 6218/2922/2774 6212/2916/2768 6227/2931/2783
f 6225/2929/2781 6227/2931/2783 6155/2859/2711 6226/2930/2782
f 6228/2932/2784 6222/2926/2778 6224/2928/2780 6229/2933/2785
f 6228/2932/2784 6229/2933/2785 6160/2864/2716 6230/2934/2786
f 6228/2932/2784 6230/2934/2786 6215/2919/2771 6222/2926/2778
f 6231/2935/2787 6226/2930/2782 6155/2859/2711 6176/2880/2732
f 6231/2935/2787 6176/2880/2732 6175/2879/2731 6232/2936/2788
f 6231/2935/2787 6232/2936/2788 6219/2923/2775 6226/2930/2782
f 6233/2937/2789 6179/2883/2735 6160/2864/2716 6229/2933/2785
f 6233/2937/2789 6229/2933/2785 6224/2928/2780 6234/2938/2790
f 6233/2937/2789 6234/2938/2790 6180/2884/2736 6179/2883/2735
f 6235/2939/2791 6236/2940/2792 762/2016/1911 6220/2924/2776
f 6235/2939/2791 6220/2924/2776 6219/2923/2775 6232/2936/2788
f 6235/2939/2791 6232/2936/2788 6175/2879/2731 6236/2940/2792
f 6237/2941/2793 6223/2927/2779 767/2021/1916 6238/2942/2794
f 6237/2941/2793 6238/2942/2794 6180/2884/2736 6234/2938/2790
f 6237/2941/2793 6234/2938/2790 6224/2928/2780 6223/2927/2779
f 6239/2943/2795 6236/2940/2792 6175/2879/2731 6195/2899/2751
f 6239/2943/2795 6195/2899/2751 750/2004/1899 763/2017/1912
f 6239/2943/2795 763/2017/1912 762/2016/1911 6236/2940/2792
f 6240/2944/2796 6198/2902/2754 6180/2884/2736 6238/2942/2794
f 6240/2944/2796 6238/2942/2794 767/2021/1916 766/2020/1915
f 6240/2944/2796 766/2020/1915 755/2009/1904 6198/2902/2754
f 6241/2945/2797 6242/2946/2798 6107/2811/2663 6243/2947/2799
f 6241/2945/2797 6243/2947/2799 574/1828/1723 587/1841/1736
f 6241/2945/2797 587/1841/1736 586/1840/1735 6242/2946/2798
f 6244/2948/2800 6245/2949/2801 6112/2816/2668 6246/2950/2802
f 6244/2948/2800 6246/2950/2802 590/1844/1739 589/1843/1738
f 6244/2948/2800 589/1843/1738 578/1832/1727 6245/2949/2801
f 6247/2951/2803 6242/2946/2798 586/1840/1735 599/1853/1748
f 6247/2951/2803 599/1853/1748 598/1852/1747 6108/2812/2664
f 6247/2951/2803 6108/2812/2664 6107/2811/2663 6242/2946/2798
f 6248/2952/2804 601/1855/1750 590/1844/1739 6246/2950/2802
f 6248/2952/2804 6246/2950/2802 6112/2816/2668 6111/2815/2667
f 6248/2952/2804 6111/2815/2667 602/1856/1751 601/1855/1750
f 6249/2953/2805 6250/2954/2806 6125/2829/2681 6156/2860/2712
f 6249/2953/2805 6156/2860/2712 6155/2859/2711 6227/2931/2783
f 6249/2953/2805 6227/2931/2783 6212/2916/2768 6250/2954/2806
f 6251/2955/2807 6159/2863/2715 6130/2834/2686 6252/2956/2808
f 6251/2955/2807 6252/2956/2808 6215/2919/2771 6230/2934/2786
f 6251/2955/2807 6230/2934/2786 6160/2864/2716 6159/2863/2715
f 6253/2957/2809 6250/2954/2806 6212/2916/2768 6211/2915/2767
f 6253/2957/2809 6211/2915/2767 774/2028/1923 6254/2958/2810
f 6253/2957/2809 6254/2958/2810 6125/2829/2681 6250/2954/2806
f 6255/2959/2811 6216/2920/2772 6215/2919/2771 6252/2956/2808
f 6255/2959/2811 6252/2956/2808 6130/2834/2686 6256/2960/2812
f 6255/2959/2811 6256/2960/2812 779/2033/1928 6216/2920/2772
f 6257/2961/2813 6258/2962/2814 565/1819/1714 575/1829/1724
f 6257/2961/2813 575/1829/1724 574/1828/1723 6243/2947/2799
f 6257/2961/2813 6243/2947/2799 6107/2811/2663 6258/2962/2814
f 6259/2963/2815 577/1831/1726 570/1824/1719 6260/2964/2816
f 6259/2963/2815 6260/2964/2816 6112/2816/2668 6245/2949/2801
f 6259/2963/2815 6245/2949/2801 578/1832/1727 577/1831/1726
f 6261/2965/2817 6258/2962/2814 6107/2811/2663 6262/2966/2818
f 6261/2965/2817 6262/2966/2818 6135/2839/2691 6263/2967/2819
f 6261/2965/2817 6263/2967/2819 565/1819/1714 6258/2962/2814
f 6264/2968/2820 6265/2969/2821 6112/2816/2668 6260/2964/2816
f 6264/2968/2820 6260/2964/2816 570/1824/1719 6266/2970/2822
f 6264/2968/2820 6266/2970/2822 6140/2844/2696 6265/2969/2821
f 6267/2971/2823 6268/2972/2824 6107/2811/2663 6106/2810/2662
f 6267/2971/2823 6106/2810/2662 6098/2802/2654 6269/2973/2825
f 6267/2971/2823 6269/2973/2825 6115/2819/2671 6268/2972/2824
f 6270/2974/2826 6110/2814/2666 6112/2816/2668 6271/2975/2827
f 6270/2974/2826 6271/2975/2827 6128/2832/2684 6272/2976/2828
f 6270/2974/2826 6272/2976/2828 6103/2807/2659 6110/2814/2666
f 6273/2977/2829 6274/2978/2830 6135/2839/2691 6134/2838/2690
f 6273/2977/2829 6134/2838/2690 6125/2829/2681 6254/2958/2810
f 6273/2977/2829 6254/2958/2810 774/2028/1923 6274/2978/2830
f 6275/2979/2831 6138/2842/2694 6140/2844/2696 6276/2980/2832
f 6275/2979/2831 6276/2980/2832 779/2033/1928 6256/2960/2812
f 6275/2979/2831 6256/2960/2812 6130/2834/2686 6138/2842/2694
f 6277/2981/2833 6268/2972/2824 6115/2819/2671 6136/2840/2692
f 6277/2981/2833 6136/2840/2692 6135/2839/2691 6262/2966/2818
f 6277/2981/2833 6262/2966/2818 6107/2811/2663 6268/2972/2824
f 6278/2982/2834 6139/2843/2695 6128/2832/2684 6271/2975/2827
f 6278/2982/2834 6271/2975/2827 6112/2816/2668 6265/2969/2821
f 6278/2982/2834 6265/2969/2821 6140/2844/2696 6139/2843/2695
f 6279/2983/2835 6274/2978/2830 774/2028/1923 781/2035/1930
f 6279/2983/2835 781/2035/1930 565/1819/1714 6263/2967/2819
f 6279/2983/2835 6263/2967/2819 6135/2839/2691 6274/2978/2830
f 6280/2984/2836 783/2037/1932 779/2033/1928 6276/2980/2832
f 6280/2984/2836 6276/2980/2832 6140/2844/2696 6266/2970/2822
f 6280/2984/2836 6266/2970/2822 570/1824/1719 783/2037/1932
f 6281/2985/2837 6269/2973/2825 6098/2802/2654 6097/2801/2653
f 6281/2985/2837 6097/2801/2653 6096/2800/2652 6282/2986/2838
f 6281/2985/2837 6282/2986/2838 6117/2821/2673 6116/2820/2672
f 6281/2985/2837 6116/2820/2672 6115/2819/2671 6269/2973/2825
f 6289/2987/1286 5358/2642/1239 65/1435/1334 6291/2988/2839
f 6289/2987/1286 6291/2988/2839 75/1441/1338 74/1440/901
f 6292/2989/2840 6291/2988/2839 65/1435/1334 64/1434/1333
f 6292/2989/2840 64/1434/1333 68/1438/1337 6293/2990/2841
f 6292/2989/2840 6293/2990/2841 79/1446/1342 78/1445/1341
f 6292/2989/2840 78/1445/1341 75/1441/1338 6291/2988/2839
f 6301/2991/2842 6302/2992/2843 92/1459/1355 144/1511/1407
f 6301/2991/2842 144/1511/1407 148/1515/1411 6300/2993/2844
f 6301/2991/2842 6300/2993/2844 353/1648/1544 358/1647/1543
f 6301/2991/2842 358/1647/1543 357/1646/1542 6302/2992/2843
f 6303/2994/2845 6293/2990/2841 68/1438/1337 88/1455/1351
f 6303/2994/2845 88/1455/1351 92/1459/1355 6302/2992/2843
f 6303/2994/2845 6302/2992/2843 357/1646/1542 360/1651/1547
f 6303/2994/2845 360/1651/1547 79/1446/1342 6293/2990/2841
f 6310/2995/2846 6311/2996/2847 4886/2398/2293 5001/2509/2404
f 6310/2995/2846 5001/2509/2404 466/1720/1615 6312/2997/2848
f 6310/2995/2846 6312/2997/2848 422/1676/1572 421/1675/1571
f 6310/2995/2846 421/1675/1571 420/1674/1570 6311/2996/2847
f 6313/2998/2849 6314/2999/2850 460/1714/1609 459/1713/1608
f 6313/2998/2849 459/1713/1608 446/1700/1595 6315/3000/2851
f 6313/2998/2849 6315/3000/2851 431/1685/813 430/1684/1580
f 6313/2998/2849 430/1684/1580 429/1683/1579 6314/2999/2850
f 6316/3001/2852 6312/2997/2848 466/1720/1615 465/1719/1614
f 6316/3001/2852 465/1719/1614 460/1714/1609 6314/2999/2850
f 6316/3001/2852 6314/2999/2850 429/1683/1579 469/1723/1618
f 6316/3001/2852 469/1723/1618 422/1676/1572 6312/2997/2848
f 6317/3002/2853 6315/3000/2851 446/1700/1595 445/1699/1594
f 6317/3002/2853 445/1699/1594 444/1698/1593 6318/3003/2854
f 6317/3002/2853 6318/3003/2854 472/1726/1621 471/1725/1620
f 6317/3002/2853 471/1725/1620 431/1685/813 6315/3000/2851
f 6319/3004/2855 6318/3003/2854 444/1698/1593 619/1873/1768
f 6319/3004/2855 619/1873/1768 613/1867/1762 6320/3005/2856
f 6319/3004/2855 6320/3005/2856 477/1731/1626 476/1730/1625
f 6319/3004/2855 476/1730/1625 472/1726/1621 6318/3003/2854
f 6321/3006/2857 6322/3007/2858 734/1988/1883 733/1987/1882
f 6321/3006/2857 733/1987/1882 688/1942/1837 6323/3008/2859
f 6321/3006/2857 6323/3008/2859 728/1982/1877 727/1981/1876
f 6321/3006/2857 727/1981/1876 726/1980/1875 6322/3007/2858
f 6324/3009/2860 6323/3008/2859 688/1942/1837 793/2047/1942
f 6324/3009/2860 793/2047/1942 795/2049/1944 6325/3010/2861
f 6324/3009/2860 6325/3010/2861 787/2041/1936 786/2040/1935
f 6324/3009/2860 786/2040/1935 728/1982/1877 6323/3008/2859
f 6326/3011/2862 6325/3010/2861 795/2049/1944 813/2067/1962
f 6326/3011/2862 813/2067/1962 815/2069/1964 6327/3012/2863
f 6326/3011/2862 6327/3012/2863 807/2061/1956 806/2060/1955
f 6326/3011/2862 806/2060/1955 787/2041/1936 6325/3010/2861
f 6328/3013/2864 6329/3014/2865 859/2113/2008 858/2112/2007
f 6328/3013/2864 858/2112/2007 857/2111/2006 6330/3015/2866
f 6328/3013/2864 6330/3015/2866 864/2118/2013 863/2117/2012
f 6328/3013/2864 863/2117/2012 862/2116/2011 6329/3014/2865
f 6331/3016/2867 6327/3012/2863 815/2069/1964 893/2147/2042
f 6331/3016/2867 893/2147/2042 889/2143/2038 6332/3017/2868
f 6331/3016/2867 6332/3017/2868 896/2150/2045 895/2149/2044
f 6331/3016/2867 895/2149/2044 807/2061/1956 6327/3012/2863
f 6333/3018/2869 6334/3019/2870 877/2131/2026 876/2130/2025
f 6333/3018/2869 876/2130/2025 859/2113/2008 6329/3014/2865
f 6333/3018/2869 6329/3014/2865 862/2116/2011 901/2155/2050
f 6333/3018/2869 901/2155/2050 900/2154/2049 6334/3019/2870
f 6335/3020/2871 6336/3021/2872 874/2128/2023 873/2127/2022
f 6335/3020/2871 873/2127/2022 877/2131/2026 6334/3019/2870
f 6335/3020/2871 6334/3019/2870 900/2154/2049 905/2159/2054
f 6335/3020/2871 905/2159/2054 904/2158/2053 6336/3021/2872
f 6337/3022/2873 6332/3017/2868 889/2143/2038 888/2142/2037
f 6337/3022/2873 888/2142/2037 874/2128/2023 6336/3021/2872
f 6337/3022/2873 6336/3021/2872 904/2158/2053 907/2161/2056
f 6337/3022/2873 907/2161/2056 896/2150/2045 6332/3017/2868
f 6377/3023/2874 6330/3015/2866 857/2111/2006 2963/2295/2190
f 6377/3023/2874 2963/2295/2190 2962/2294/2189 6378/3024/2875
f 6377/3023/2874 6378/3024/2875 2968/2300/2195 2967/2299/2194
f 6377/3023/2874 2967/2299/2194 864/2118/2013 6330/3015/2866
f 6379/3025/2876 6378/3024/2875 2962/2294/2189 3003/2335/2230
f 6379/3025/2876 3003/2335/2230 3002/2334/2229 6380/3026/2877
f 6379/3025/2876 6380/3026/2877 3008/2340/2235 3007/2339/2234
f 6379/3025/2876 3007/2339/2234 2968/2300/2195 6378/3024/2875
f 6381/3027/2878 6382/3028/2879 4880/2392/2287 4879/2391/2286
f 6381/3027/2878 4879/2391/2286 4886/2398/2293 6311/2996/2847
f 6381/3027/2878 6311/2996/2847 420/1674/1570 4890/2402/2297
f 6381/3027/2878 4890/2402/2297 4889/2401/2296 6382/3028/2879
f 6383/3029/2880 6384/3030/2881 4882/2394/2289 4881/2393/2288
f 6383/3029/2880 4881/2393/2288 4880/2392/2287 6382/3028/2879
f 6383/3029/2880 6382/3028/2879 4889/2401/2296 4894/2406/2301
f 6383/3029/2880 4894/2406/2301 4893/2405/2300 6384/3030/2881
f 6385/3031/2882 6306/3032/2883 376/1665/1561 4906/2420/2315
f 6385/3031/2882 4906/2420/2315 4882/2394/2289 6384/3030/2881
f 6385/3031/2882 6384/3030/2881 4893/2405/2300 4897/2411/2306
f 6385/3031/2882 4897/2411/2306 407/2410/2305 6306/3032/2883
f 6436/3033/885 6380/3026/2877 3002/2334/2229 6055/2794/826
f 6436/3033/885 6057/2796/828 3008/2340/2235 6380/3026/2877
f 6444/3034/2884 6320/3005/2856 613/1867/1762 6104/2808/2660
f 6444/3034/2884 6104/2808/2660 6103/2807/2659 6445/3035/2885
f 6444/3034/2884 6445/3035/2885 6096/2800/2652 6095/2799/2651
f 6444/3034/2884 6095/2799/2651 477/1731/1626 6320/3005/2856
f 6446/3036/2886 6447/3037/2887 6128/2832/2684 6127/2831/2683
f 6446/3036/2886 6127/2831/2683 6132/2836/2688 6448/3038/2888
f 6446/3036/2886 6448/3038/2888 6119/2823/2675 6118/2822/2674
f 6446/3036/2886 6118/2822/2674 6117/2821/2673 6447/3037/2887
f 6449/3039/2889 6448/3038/2888 6132/2836/2688 6152/2856/2708
f 6449/3039/2889 6152/2856/2708 6151/2855/2707 6450/3040/2890
f 6449/3039/2889 6450/3040/2890 6144/2848/2700 6143/2847/2699
f 6449/3039/2889 6143/2847/2699 6119/2823/2675 6448/3038/2888
f 6451/3041/2891 6450/3040/2890 6151/2855/2707 6172/2876/2728
f 6451/3041/2891 6172/2876/2728 6171/2875/2727 6452/3042/2892
f 6451/3041/2891 6452/3042/2892 6164/2868/2720 6163/2867/2719
f 6451/3041/2891 6163/2867/2719 6144/2848/2700 6450/3040/2890
f 6453/3043/2893 6452/3042/2892 6171/2875/2727 6192/2896/2748
f 6453/3043/2893 6192/2896/2748 6191/2895/2747 6454/3044/2894
f 6453/3043/2893 6454/3044/2894 6184/2888/2740 6183/2887/2739
f 6453/3043/2893 6183/2887/2739 6164/2868/2720 6452/3042/2892
f 6455/3045/2895 6454/3044/2894 6191/2895/2747 6208/2912/2764
f 6455/3045/2895 6208/2912/2764 734/1988/1883 6322/3007/2858
f 6455/3045/2895 6322/3007/2858 726/1980/1875 6201/2905/2757
f 6455/3045/2895 6201/2905/2757 6184/2888/2740 6454/3044/2894
f 6456/3046/2896 6445/3035/2885 6103/2807/2659 6272/2976/2828
f 6456/3046/2896 6272/2976/2828 6128/2832/2684 6447/3037/2887
f 6456/3046/2896 6447/3037/2887 6117/2821/2673 6282/2986/2838
f 6456/3046/2896 6282/2986/2838 6096/2800/2652 6445/3035/2885
usemtl nose
f 193/3047/2897 194/3048/1465 195/3049/1458 196/3050/1457
f 193/3047/2897 196/3050/1457 187/3051/1450 186/3052/1449
f 193/3047/2897 186/3052/1449 142/3053/1405 197/3054/2898
f 193/3047/2897 197/3054/2898 198/3055/1466 194/3048/1465
f 199/3056/2899 192/3057/1455 191/3058/1454 200/3059/1463
f 199/3056/2899 200/3059/1463 201/3060/1462 202/3061/1471
f 199/3056/2899 202/3061/1471 203/3062/1470 204/3063/2900
f 199/3056/2899 204/3063/2900 146/3064/1409 192/3057/1455
f 281/3065/2901 282/3066/2902 283/3067/2903 284/3068/2904
f 281/3065/2901 284/3068/2904 285/3069/2905 286/3070/2906
f 281/3065/2901 286/3070/2906 287/3071/2907 288/3072/2908
f 281/3065/2901 288/3072/2908 289/3073/2909 282/3066/2902
f 290/3074/2910 291/3075/2911 292/3076/2912 293/3077/2913
f 290/3074/2910 293/3077/2913 294/3078/2914 295/3079/2915
f 290/3074/2910 295/3079/2915 296/3080/2916 297/3081/2917
f 290/3074/2910 297/3081/2917 298/3082/2918 291/3075/2911
f 299/3083/2919 300/3084/2920 289/3085/2909 301/3086/2921
f 299/3083/2919 301/3086/2921 272/3087/1531 271/3088/1530
f 299/3083/2919 271/3088/1530 259/3089/1518 302/3090/2922
f 299/3083/2919 302/3090/2922 303/3091/2923 300/3084/2920
f 304/3092/2924 276/3093/1535 280/3094/1539 305/3095/2925
f 304/3092/2924 305/3095/2925 296/3096/2916 306/3097/2926
f 304/3092/2924 306/3097/2926 307/3098/2927 308/3099/2928
f 304/3092/2924 308/3099/2928 265/3100/1524 276/3093/1535
f 309/3101/2929 310/3102/2930 303/3091/2923 302/3090/2922
f 309/3101/2929 302/3090/2922 259/3089/1518 258/3103/1517
f 309/3101/2929 258/3103/1517 251/3104/1510 311/3105/2931
f 309/3101/2929 311/3105/2931 312/3106/2932 310/3102/2930
f 313/3107/2933 266/3108/1525 265/3100/1524 308/3099/2928
f 313/3107/2933 308/3099/2928 307/3098/2927 314/3109/2934
f 313/3107/2933 314/3109/2934 315/3110/2935 316/3111/2936
f 313/3107/2933 316/3111/2936 255/3112/1514 266/3108/1525
f 317/3113/2937 318/3114/2938 312/3106/2932 311/3105/2931
f 317/3113/2937 311/3105/2931 251/3104/1510 250/3115/1509
f 317/3113/2937 250/3115/1509 198/3055/1466 197/3054/2898
f 317/3113/2937 197/3054/2898 142/3053/1405 318/3114/2938
f 319/3116/2939 256/3117/1515 255/3112/1514 316/3111/2936
f 319/3116/2939 316/3111/2936 315/3110/2935 320/3118/2940
f 319/3116/2939 320/3118/2940 146/3064/1409 204/3063/2900
f 319/3116/2939 204/3063/2900 203/3062/1470 256/3117/1515
f 321/3119/2941 300/3084/2920 303/3091/2923 322/3120/2942
f 321/3119/2941 322/3120/2942 323/3121/2943 324/3122/2944
f 321/3119/2941 324/3122/2944 283/3123/2903 282/3124/2902
f 321/3119/2941 282/3124/2902 289/3085/2909 300/3084/2920
f 325/3125/2945 326/3126/2946 327/3127/2947 328/3128/2948
f 325/3125/2945 328/3128/2948 307/3098/2927 306/3097/2926
f 325/3125/2945 306/3097/2926 296/3096/2916 295/3129/2915
f 325/3125/2945 295/3129/2915 294/3130/2914 326/3126/2946
f 329/3131/2949 324/3122/2944 323/3121/2943 330/3132/2950
f 329/3131/2949 330/3132/2950 331/3133/2951 332/3134/2952
f 329/3131/2949 332/3134/2952 333/3135/2953 334/3136/2954
f 329/3131/2949 334/3136/2954 283/3123/2903 324/3122/2944
f 335/3137/2955 318/3114/2938 142/3053/1405 141/3138/1404
f 335/3137/2955 141/3138/1404 140/3139/1403 336/3140/2956
f 335/3137/2955 336/3140/2956 337/3141/2957 338/3142/2958
f 335/3137/2955 338/3142/2958 312/3106/2932 318/3114/2938
f 339/3143/2959 340/3144/2960 148/3145/1411 147/3146/1410
f 339/3143/2959 147/3146/1410 146/3064/1409 320/3118/2940
f 339/3143/2959 320/3118/2940 315/3110/2935 341/3147/2961
f 339/3143/2959 341/3147/2961 342/3148/2962 340/3144/2960
f 343/3149/2963 310/3102/2930 312/3106/2932 338/3142/2958
f 343/3149/2963 338/3142/2958 337/3141/2957 344/3150/2964
f 343/3149/2963 344/3150/2964 323/3121/2943 322/3120/2942
f 343/3149/2963 322/3120/2942 303/3091/2923 310/3102/2930
f 345/3151/2965 346/3152/2966 342/3148/2962 341/3147/2961
f 345/3151/2965 341/3147/2961 315/3110/2935 314/3109/2934
f 345/3151/2965 314/3109/2934 307/3098/2927 328/3128/2948
f 345/3151/2965 328/3128/2948 327/3127/2947 346/3152/2966
f 347/3153/2967 344/3150/2964 337/3141/2957 348/3154/2968
f 347/3153/2967 348/3154/2968 349/3155/2969 350/3156/2970
f 347/3153/2967 350/3156/2970 331/3133/2951 330/3132/2950
f 347/3153/2967 330/3132/2950 323/3121/2943 344/3150/2964
f 351/3157/2971 336/3140/2956 140/3139/1403 352/3158/1545
f 351/3157/2971 352/3158/1545 353/3159/1544 354/3160/2972
f 351/3157/2971 354/3160/2972 349/3155/2969 348/3154/2968
f 351/3157/2971 348/3154/2968 337/3141/2957 336/3140/2956
f 361/3161/2973 362/3162/1549 363/3163/1556 364/3164/2974
f 361/3161/2973 364/3164/2974 365/3165/2975 366/3166/2976
f 361/3161/2973 366/3166/2976 367/3167/2977 368/3168/2978
f 361/3161/2973 368/3168/2978 369/3169/1550 362/3162/1549
f 370/3170/2979 371/3171/2980 372/3172/2981 373/3173/2982
f 370/3170/2979 373/3173/2982 374/3174/1563 375/3175/1562
f 370/3170/2979 375/3175/1562 376/3176/1561 377/3177/2983
f 370/3170/2979 377/3177/2983 378/3178/2984 371/3171/2980
f 391/3179/2985 392/3180/2986 393/3181/2987 394/3182/2988
f 391/3179/2985 394/3182/2988 395/3183/2989 396/3184/2990
f 391/3179/2985 396/3184/2990 367/3167/2977 366/3166/2976
f 391/3179/2985 366/3166/2976 365/3165/2975 392/3180/2986
f 397/3185/2991 398/3186/2992 399/3187/2993 400/3188/2994
f 397/3185/2991 400/3188/2994 372/3172/2981 371/3171/2980
f 397/3185/2991 371/3171/2980 378/3178/2984 401/3189/2995
f 397/3185/2991 401/3189/2995 402/3190/2996 398/3186/2992
f 403/3191/2997 368/3168/2978 367/3167/2977 404/3192/2998
f 403/3191/2997 404/3192/2998 405/3193/2999 406/3194/3000
f 403/3191/2997 406/3194/3000 407/3195/2305 408/3196/2304
f 403/3191/2997 408/3196/2304 369/3169/1550 368/3168/2978
f 409/3197/3001 410/3198/3002 285/3069/2905 411/3199/3003
f 409/3197/3001 411/3199/3003 412/3200/3004 413/3201/3005
f 409/3197/3001 413/3201/3005 405/3193/2999 404/3192/2998
f 409/3197/3001 404/3192/2998 367/3167/2977 410/3198/3002
f 414/3202/3006 284/3068/2904 283/3067/2903 334/3203/2954
f 414/3202/3006 334/3203/2954 333/3204/2953 415/3205/3007
f 414/3202/3006 415/3205/3007 412/3200/3004 411/3199/3003
f 414/3202/3006 411/3199/3003 285/3069/2905 284/3068/2904
f 4799/3206/3008 4800/3207/3009 4791/3208/2249 4790/3209/2248
f 4799/3206/3008 4790/3209/2248 4789/3210/2247 4801/3211/3010
f 4799/3206/3008 4801/3211/3010 287/3071/2907 4802/3212/3011
f 4799/3206/3008 4802/3212/3011 4803/3213/3012 4800/3207/3009
f 4804/3214/3013 4794/3215/2252 4798/3216/2256 4805/3217/3014
f 4804/3214/3013 4805/3217/3014 4806/3218/3015 4807/3219/3016
f 4804/3214/3013 4807/3219/3016 298/3082/2918 4808/3220/3017
f 4804/3214/3013 4808/3220/3017 4795/3221/2253 4794/3215/2252
f 4809/3222/3018 4802/3212/3011 287/3071/2907 286/3070/2906
f 4809/3222/3018 286/3070/2906 285/3069/2905 4810/3223/3019
f 4809/3222/3018 4810/3223/3019 395/3183/2989 4811/3224/3020
f 4809/3222/3018 4811/3224/3020 4803/3213/3012 4802/3212/3011
f 4812/3225/3021 4813/3226/3022 292/3076/2912 291/3075/2911
f 4812/3225/3021 291/3075/2911 298/3082/2918 4807/3219/3016
f 4812/3225/3021 4807/3219/3016 4806/3218/3015 4814/3227/3023
f 4812/3225/3021 4814/3227/3023 402/3190/2996 4813/3226/3022
f 4815/3228/3024 4816/3229/3025 289/3073/2909 288/3072/2908
f 4815/3228/3024 288/3072/2908 287/3071/2907 4801/3211/3010
f 4815/3228/3024 4801/3211/3010 4789/3210/2247 4817/3230/3026
f 4815/3228/3024 4817/3230/3026 4818/3231/3027 4816/3229/3025
f 4819/3232/3028 4808/3220/3017 298/3082/2918 297/3081/2917
f 4819/3232/3028 297/3081/2917 296/3080/2916 4820/3233/3029
f 4819/3232/3028 4820/3233/3029 4821/3234/3030 4822/3235/3031
f 4819/3232/3028 4822/3235/3031 4795/3221/2253 4808/3220/3017
f 4823/3236/3032 396/3184/2990 395/3183/2989 4810/3223/3019
f 4823/3236/3032 4810/3223/3019 285/3069/2905 410/3198/3002
f 4823/3236/3032 410/3198/3002 367/3167/2977 396/3184/2990
f 4824/3237/3033 4813/3226/3022 402/3190/2996 401/3189/2995
f 4824/3237/3033 401/3189/2995 378/3178/2984 4825/3238/3034
f 4824/3237/3033 4825/3238/3034 292/3076/2912 4813/3226/3022
f 4826/3239/3035 4827/3240/3036 4803/3213/3012 4811/3224/3020
f 4826/3239/3035 4811/3224/3020 395/3183/2989 394/3182/2988
f 4826/3239/3035 394/3182/2988 393/3181/2987 4828/3241/3037
f 4826/3239/3035 4828/3241/3037 4829/3242/3038 4827/3240/3036
f 4830/3243/3039 398/3186/2992 402/3190/2996 4814/3227/3023
f 4830/3243/3039 4814/3227/3023 4806/3218/3015 4831/3244/3040
f 4830/3243/3039 4831/3244/3040 4832/3245/3041 4833/3246/3042
f 4830/3243/3039 4833/3246/3042 399/3187/2993 398/3186/2992
f 4834/3247/3043 4827/3240/3036 4829/3242/3038 4835/3248/3044
f 4834/3247/3043 4835/3248/3044 4836/3249/2259 4837/3250/2258
f 4834/3247/3043 4837/3250/2258 4791/3208/2249 4800/3207/3009
f 4834/3247/3043 4800/3207/3009 4803/3213/3012 4827/3240/3036
f 4838/3251/3045 4839/3252/2268 4840/3253/2267 4841/3254/3046
f 4838/3251/3045 4841/3254/3046 4832/3245/3041 4831/3244/3040
f 4838/3251/3045 4831/3244/3040 4806/3218/3015 4805/3217/3014
f 4838/3251/3045 4805/3217/3014 4798/3216/2256 4839/3252/2268
f 4858/3255/3047 4853/3256/2272 4852/3257/2271 4859/3258/3048
f 4858/3255/3047 4859/3258/3048 4860/3259/3049 4861/3260/3050
f 4858/3255/3047 4861/3260/3050 365/3165/2975 364/3164/2974
f 4858/3255/3047 364/3164/2974 363/3163/1556 4853/3256/2272
f 4862/3261/3051 4863/3262/3052 4864/3263/3053 4865/3264/3054
f 4862/3261/3051 4865/3264/3054 4856/3265/2275 4855/3266/2274
f 4862/3261/3051 4855/3266/2274 374/3174/1563 373/3173/2982
f 4862/3261/3051 373/3173/2982 372/3172/2981 4863/3262/3052
f 4866/3267/3055 392/3180/2986 365/3165/2975 4861/3260/3050
f 4866/3267/3055 4861/3260/3050 4860/3259/3049 4867/3268/3056
f 4866/3267/3055 4867/3268/3056 393/3181/2987 392/3180/2986
f 4868/3269/3057 4863/3262/3052 372/3172/2981 400/3188/2994
f 4868/3269/3057 400/3188/2994 399/3187/2993 4869/3270/3058
f 4868/3269/3057 4869/3270/3058 4864/3263/3053 4863/3262/3052
f 4915/3271/3059 301/3272/2921 289/3073/2909 4816/3229/3025
f 4915/3271/3059 4816/3229/3025 4818/3231/3027 4916/3273/3060
f 4915/3271/3059 4916/3273/3060 272/3274/1531 301/3272/2921
f 4917/3275/3061 4820/3233/3029 296/3080/2916 305/3276/2925
f 4917/3275/3061 305/3276/2925 280/3277/1539 4918/3278/3062
f 4917/3275/3061 4918/3278/3062 4821/3234/3030 4820/3233/3029
f 4919/3279/3063 4817/3230/3026 4789/3210/2247 4920/3280/2325
f 4919/3279/3063 4920/3280/2325 272/3274/1531 4916/3273/3060
f 4919/3279/3063 4916/3273/3060 4818/3231/3027 4817/3230/3026
f 4921/3281/3064 4922/3282/2328 4795/3221/2253 4822/3235/3031
f 4921/3281/3064 4822/3235/3031 4821/3234/3030 4918/3278/3062
f 4921/3281/3064 4918/3278/3062 280/3277/1539 4922/3282/2328
f 6294/3283/3065 6295/3284/3066 327/3127/2947 326/3126/2946
f 6294/3283/3065 326/3126/2946 294/3130/2914 6296/3285/3067
f 6294/3283/3065 6296/3285/3067 333/3135/2953 332/3134/2952
f 6294/3283/3065 332/3134/2952 331/3133/2951 6295/3284/3066
f 6297/3286/3068 6298/3287/3069 342/3148/2962 346/3152/2966
f 6297/3286/3068 346/3152/2966 327/3127/2947 6295/3284/3066
f 6297/3286/3068 6295/3284/3066 331/3133/2951 350/3156/2970
f 6297/3286/3068 350/3156/2970 349/3155/2969 6298/3287/3069
f 6299/3288/3070 6300/3289/2844 148/3145/1411 340/3144/2960
f 6299/3288/3070 340/3144/2960 342/3148/2962 6298/3287/3069
f 6299/3288/3070 6298/3287/3069 349/3155/2969 354/3160/2972
f 6299/3288/3070 354/3160/2972 353/3159/1544 6300/3289/2844
f 6304/3290/3071 6305/3291/3072 378/3178/2984 377/3177/2983
f 6304/3290/3071 377/3177/2983 376/3176/1561 6306/3292/2883
f 6304/3290/3071 6306/3292/2883 407/3195/2305 406/3194/3000
f 6304/3290/3071 406/3194/3000 405/3193/2999 6305/3291/3072
f 6307/3293/3073 6308/3294/3074 292/3076/2912 4825/3238/3034
f 6307/3293/3073 4825/3238/3034 378/3178/2984 6305/3291/3072
f 6307/3293/3073 6305/3291/3072 405/3193/2999 413/3201/3005
f 6307/3293/3073 413/3201/3005 412/3200/3004 6308/3294/3074
f 6309/3295/3075 6296/3296/3067 294/3078/2914 293/3077/2913
f 6309/3295/3075 293/3077/2913 292/3076/2912 6308/3294/3074
f 6309/3295/3075 6308/3294/3074 412/3200/3004 415/3205/3007
f 6309/3295/3075 415/3205/3007 333/3204/2953 6296/3296/3067
usemtl eye
f 908/3297/3076 909/3298/3077 910/3299/3078 911/3300/3079
f 908/3297/3076 911/3300/3079 912/3301/3080 913/3302/3081
f 908/3297/3076 913/3302/3081 914/3303/3082 915/3304/3083
f 908/3297/3076 915/3304/3083 916/3305/3084 909/3298/3077
f 917/3306/3085 918/3307/3086 919/3308/3087 920/3309/3088
f 917/3306/3085 920/3309/3088 921/3310/3089 922/3311/3090
f 917/3306/3085 922/3311/3090 923/3312/3091 924/3313/3092
f 917/3306/3085 924/3313/3092 925/3314/3093 918/3307/3086
f 926/3315/3094 927/3316/3095 912/3301/3080 911/3300/3079
f 926/3315/3094 911/3300/3079 910/3299/3078 928/3317/3096
f 926/3315/3094 928/3317/3096 929/3318/3097 930/3319/3098
f 926/3315/3094 930/3319/3098 931/3320/3099 927/3316/3095
f 932/3321/3100 918/3307/3086 925/3314/3093 933/3322/3101
f 932/3321/3100 933/3322/3101 934/3323/3102 935/3324/3103
f 932/3321/3100 935/3324/3103 936/3325/3104 937/3326/3105
f 932/3321/3100 937/3326/3105 919/3308/3087 918/3307/3086
f 938/3327/3106 939/3328/3107 931/3320/3099 930/3319/3098
f 938/3327/3106 930/3319/3098 929/3318/3097 940/3329/3108
f 938/3327/3106 940/3329/3108 941/3330/3109 942/3331/3110
f 938/3327/3106 942/3331/3110 943/3332/3111 939/3328/3107
f 944/3333/3112 935/3324/3103 934/3323/3102 945/3334/3113
f 944/3333/3112 945/3334/3113 946/3335/3114 947/3336/3115
f 944/3333/3112 947/3336/3115 948/3337/3116 949/3338/3117
f 944/3333/3112 949/3338/3117 936/3325/3104 935/3324/3103
f 950/3339/3118 951/3340/3119 943/3332/3111 942/3331/3110
f 950/3339/3118 942/3331/3110 941/3330/3109 952/3341/3120
f 950/3339/3118 952/3341/3120 953/3342/3121 954/3343/3121
f 950/3339/3118 954/3343/3121 955/3344/3122 951/3340/3119
f 956/3345/3123 947/3336/3115 946/3335/3114 957/3346/3124
f 956/3345/3123 957/3346/3124 958/3347/3125 959/3348/3126
f 956/3345/3123 959/3348/3126 960/3349/3127 961/3350/3128
f 956/3345/3123 961/3350/3128 948/3337/3116 947/3336/3115
f 962/3351/3129 954/3343/3121 953/3342/3121 963/3352/3130
f 962/3351/3129 963/3352/3130 964/3353/3131 965/3354/3132
f 962/3351/3129 965/3354/3132 966/3355/3133 967/3356/3134
f 962/3351/3129 967/3356/3134 955/3344/3122 954/3343/3121
f 968/3357/3135 969/3358/3136 960/3349/3127 959/3348/3126
f 968/3357/3135 959/3348/3126 958/3347/3125 970/3359/3137
f 968/3357/3135 970/3359/3137 971/3360/3138 972/3361/3139
f 968/3357/3135 972/3361/3139 973/3362/3140 969/3358/3136
f 974/3363/3141 975/3364/3142 966/3355/3133 965/3354/3132
f 974/3363/3141 965/3354/3132 964/3353/3131 976/3365/3143
f 974/3363/3141 976/3365/3143 977/3366/3144 978/3367/3145
f 974/3363/3141 978/3367/3145 979/3368/3146 975/3364/3142
f 980/3369/3147 972/3361/3139 971/3360/3138 981/3370/3148
f 980/3369/3147 981/3370/3148 982/3371/3149 983/3372/3150
f 980/3369/3147 983/3372/3150 984/3373/3151 985/3374/3152
f 980/3369/3147 985/3374/3152 973/3362/3140 972/3361/3139
f 986/3375/3153 987/3376/3154 979/3368/3146 978/3367/3145
f 986/3375/3153 978/3367/3145 977/3366/3144 988/3377/3155
f 986/3375/3153 988/3377/3155 989/3378/3156 990/3379/3157
f 986/3375/3153 990/3379/3157 991/3380/3158 987/3376/3154
f 992/3381/3159 983/3372/3150 982/3371/3149 993/3382/3160
f 992/3381/3159 993/3382/3160 994/3383/3161 995/3384/3162
f 992/3381/3159 995/3384/3162 996/3385/3104 997/3386/3163
f 992/3381/3159 997/3386/3163 984/3373/3151 983/3372/3150
f 998/3387/3164 999/3388/3165 991/3380/3158 990/3379/3157
f 998/3387/3164 990/3379/3157 989/3378/3156 1000/3389/3166
f 998/3387/3164 1000/3389/3166 1001/3390/3167 1002/3391/3168
f 998/3387/3164 1002/3391/3168 1003/3392/3169 999/3388/3165
f 1004/3393/3170 995/3384/3162 994/3383/3161 1005/3394/3171
f 1004/3393/3170 1005/3394/3171 1006/3395/3172 1007/3396/3173
f 1004/3393/3170 1007/3396/3173 1008/3397/3174 1009/3398/3175
f 1004/3393/3170 1009/3398/3175 996/3385/3104 995/3384/3162
f 1010/3399/3176 1011/3400/3119 1003/3392/3169 1002/3391/3168
f 1010/3399/3176 1002/3391/3168 1001/3390/3167 1012/3401/3177
f 1010/3399/3176 1012/3401/3177 1013/3402/3178 1014/3403/3179
f 1010/3399/3176 1014/3403/3179 1015/3404/3180 1011/3400/3119
f 1016/3405/3181 1007/3396/3173 1006/3395/3172 1017/3406/3124
f 1016/3405/3181 1017/3406/3124 1018/3407/3182 1019/3408/3183
f 1016/3405/3181 1019/3408/3183 1020/3409/3126 1021/3410/3128
f 1016/3405/3181 1021/3410/3128 1008/3397/3174 1007/3396/3173
f 1022/3411/3184 1023/3412/3185 1015/3404/3180 1014/3403/3179
f 1022/3411/3184 1014/3403/3179 1013/3402/3178 1024/3413/3186
f 1022/3411/3184 1024/3413/3186 916/3305/3084 915/3304/3083
f 1022/3411/3184 915/3304/3083 914/3303/3082 1023/3412/3185
f 1025/3414/3187 1019/3408/3183 1018/3407/3182 1026/3415/3188
f 1025/3414/3187 1026/3415/3188 923/3312/3091 922/3311/3090
f 1025/3414/3187 922/3311/3090 921/3310/3089 1027/3416/3189
f 1025/3414/3187 1027/3416/3189 1020/3409/3126 1019/3408/3183
f 1028/3417/3190 1029/3418/3191 1030/3419/3192 1031/3420/3193
f 1028/3417/3190 1031/3420/3193 1032/3421/3194 1033/3422/3195
f 1028/3417/3190 1033/3422/3195 1034/3423/3196 1035/3424/3197
f 1028/3417/3190 1035/3424/3197 1036/3425/3198 1029/3418/3191
f 1037/3426/3199 1038/3427/3200 1039/3428/3201 1040/3429/3202
f 1037/3426/3199 1040/3429/3202 1041/3430/3203 1042/3431/3204
f 1037/3426/3199 1042/3431/3204 1043/3432/3205 1044/3433/3206
f 1037/3426/3199 1044/3433/3206 1045/3434/3207 1038/3427/3200
f 1046/3435/3208 1047/3436/3209 1048/3437/3210 1049/3438/3211
f 1046/3435/3208 1049/3438/3211 1050/3439/3212 1051/3440/3213
f 1046/3435/3208 1051/3440/3213 1052/3441/3214 1047/3436/3209
f 1053/3442/3215 1054/3443/3216 1055/3444/3217 1056/3445/3218
f 1053/3442/3215 1056/3445/3218 1057/3446/3219 1058/3447/3220
f 1053/3442/3215 1058/3447/3220 1059/3448/3221 1054/3443/3216
f 1060/3449/3222 1061/3450/3223 1052/3441/3214 1051/3440/3213
f 1060/3449/3222 1051/3440/3213 1050/3439/3212 1062/3451/3224
f 1060/3449/3222 1062/3451/3224 1063/3452/3225 1061/3450/3223
f 1064/3453/3226 1058/3447/3220 1057/3446/3219 1065/3454/3227
f 1064/3453/3226 1065/3454/3227 1066/3455/3228 1067/3456/3229
f 1064/3453/3226 1067/3456/3229 1059/3448/3221 1058/3447/3220
f 1068/3457/3230 1061/3450/3223 1063/3452/3225 1069/3458/3231
f 1068/3457/3230 1069/3458/3231 1032/3421/3194 1070/3459/3232
f 1068/3457/3230 1070/3459/3232 1052/3441/3214 1061/3450/3223
f 1071/3460/3233 1072/3461/3234 1066/3455/3228 1065/3454/3227
f 1071/3460/3233 1065/3454/3227 1057/3446/3219 1073/3462/3235
f 1071/3460/3233 1073/3462/3235 1045/3434/3207 1072/3461/3234
f 1074/3463/3236 1069/3458/3231 1063/3452/3225 1075/3464/3237
f 1074/3463/3236 1075/3464/3237 1076/3465/3238 1077/3466/3239
f 1074/3463/3236 1077/3466/3239 1034/3423/3196 1033/3422/3195
f 1074/3463/3236 1033/3422/3195 1032/3421/3194 1069/3458/3231
f 1078/3467/3240 1079/3468/3241 1066/3455/3228 1072/3461/3234
f 1078/3467/3240 1072/3461/3234 1045/3434/3207 1044/3433/3206
f 1078/3467/3240 1044/3433/3206 1043/3432/3205 1080/3469/3242
f 1078/3467/3240 1080/3469/3242 1081/3470/3243 1079/3468/3241
f 1082/3471/3244 1083/3472/3245 1034/3473/3196 1077/3474/3239
f 1082/3471/3244 1077/3474/3239 1076/3475/3238 1084/3476/3246
f 1082/3471/3244 1084/3476/3246 1085/3477/3247 1086/3478/3248
f 1082/3471/3244 1086/3478/3248 1087/3479/3249 1083/3472/3245
f 1088/3480/3250 1080/3481/3242 1043/3482/3205 1089/3483/3251
f 1088/3480/3250 1089/3483/3251 1090/3484/3252 1091/3485/3253
f 1088/3480/3250 1091/3485/3253 1092/3486/3254 1093/3487/3255
f 1088/3480/3250 1093/3487/3255 1081/3488/3243 1080/3481/3242
f 1094/3489/3256 1083/3472/3245 1087/3479/3249 1095/3490/3257
f 1094/3489/3256 1095/3490/3257 1096/3491/3258 1097/3492/3259
f 1094/3489/3256 1097/3492/3259 1036/3493/3198 1035/3494/3197
f 1094/3489/3256 1035/3494/3197 1034/3473/3196 1083/3472/3245
f 1098/3495/3260 1099/3496/3261 1090/3484/3252 1089/3483/3251
f 1098/3495/3260 1089/3483/3251 1043/3482/3205 1042/3497/3204
f 1098/3495/3260 1042/3497/3204 1041/3498/3203 1100/3499/3262
f 1098/3495/3260 1100/3499/3262 1101/3500/3263 1099/3496/3261
f 1102/3501/3264 1097/3492/3259 1096/3491/3258 1103/3502/3265
f 1102/3501/3264 1103/3502/3265 1104/3503/3266 1105/3504/3267
f 1102/3501/3264 1105/3504/3267 1106/3505/3268 1107/3506/3269
f 1102/3501/3264 1107/3506/3269 1036/3493/3198 1097/3492/3259
f 1108/3507/3270 1109/3508/3271 1101/3500/3263 1100/3499/3262
f 1108/3507/3270 1100/3499/3262 1041/3498/3203 1110/3509/3272
f 1108/3507/3270 1110/3509/3272 1111/3510/3273 1112/3511/3274
f 1108/3507/3270 1112/3511/3274 1113/3512/3275 1109/3508/3271
f 1114/3513/3276 1075/3464/3237 1063/3452/3225 1062/3451/3224
f 1114/3513/3276 1062/3451/3224 1050/3439/3212 1115/3514/3277
f 1114/3513/3276 1115/3514/3277 1116/3515/3278 1117/3516/3279
f 1114/3513/3276 1117/3516/3279 1076/3465/3238 1075/3464/3237
f 1118/3517/3280 1067/3456/3229 1066/3455/3228 1079/3468/3241
f 1118/3517/3280 1079/3468/3241 1081/3470/3243 1119/3518/3281
f 1118/3517/3280 1119/3518/3281 1120/3519/3282 1121/3520/3283
f 1118/3517/3280 1121/3520/3283 1059/3448/3221 1067/3456/3229
f 1122/3521/3284 1123/3522/3285 1087/3479/3249 1086/3478/3248
f 1122/3521/3284 1086/3478/3248 1085/3477/3247 1124/3523/3286
f 1122/3521/3284 1124/3523/3286 1125/3524/3287 1126/3525/3288
f 1122/3521/3284 1126/3525/3288 1127/3526/3289 1123/3522/3285
f 1128/3527/3290 1091/3485/3253 1090/3484/3252 1129/3528/3291
f 1128/3527/3290 1129/3528/3291 1130/3529/3292 1131/3530/3293
f 1128/3527/3290 1131/3530/3293 1132/3531/3294 1133/3532/3295
f 1128/3527/3290 1133/3532/3295 1092/3486/3254 1091/3485/3253
f 1134/3533/3296 1123/3522/3285 1127/3526/3289 1135/3534/3297
f 1134/3533/3296 1135/3534/3297 1136/3535/3298 1137/3536/3299
f 1134/3533/3296 1137/3536/3299 1096/3491/3258 1095/3490/3257
f 1134/3533/3296 1095/3490/3257 1087/3479/3249 1123/3522/3285
f 1138/3537/3300 1139/3538/3301 1130/3529/3292 1129/3528/3291
f 1138/3537/3300 1129/3528/3291 1090/3484/3252 1099/3496/3261
f 1138/3537/3300 1099/3496/3261 1101/3500/3263 1140/3539/3302
f 1138/3537/3300 1140/3539/3302 1141/3540/3303 1139/3538/3301
f 1142/3541/3304 1137/3536/3299 1136/3535/3298 1143/3542/3305
f 1142/3541/3304 1143/3542/3305 1144/3543/3306 1145/3544/3307
f 1142/3541/3304 1145/3544/3307 1104/3503/3266 1103/3502/3265
f 1142/3541/3304 1103/3502/3265 1096/3491/3258 1137/3536/3299
f 1146/3545/3308 1147/3546/3309 1141/3540/3303 1140/3539/3302
f 1146/3545/3308 1140/3539/3302 1101/3500/3263 1109/3508/3271
f 1146/3545/3308 1109/3508/3271 1113/3512/3275 1148/3547/3310
f 1146/3545/3308 1148/3547/3310 1149/3548/3311 1147/3546/3309
f 1150/3549/3312 1145/3544/3307 1144/3543/3306 1151/3550/3313
f 1150/3549/3312 1151/3550/3313 1152/3551/3314 1153/3552/3315
f 1150/3549/3312 1153/3552/3315 1154/3553/3316 1155/3554/3317
f 1150/3549/3312 1155/3554/3317 1104/3503/3266 1145/3544/3307
f 1156/3555/3318 1157/3556/3319 1149/3548/3311 1148/3547/3310
f 1156/3555/3318 1148/3547/3310 1113/3512/3275 1158/3557/3320
f 1156/3555/3318 1158/3557/3320 1159/3558/3321 1160/3559/3322
f 1156/3555/3318 1160/3559/3322 1161/3560/3323 1157/3556/3319
f 1162/3561/3324 1153/3552/3315 1152/3551/3314 1163/3562/3325
f 1162/3561/3324 1163/3562/3325 1164/3563/3326 1165/3564/3327
f 1162/3561/3324 1165/3564/3327 1166/3565/3328 1167/3566/3329
f 1162/3561/3324 1167/3566/3329 1154/3553/3316 1153/3552/3315
f 1168/3567/3330 1169/3568/3331 1161/3560/3323 1160/3559/3322
f 1168/3567/3330 1160/3559/3322 1159/3558/3321 1170/3569/3332
f 1168/3567/3330 1170/3569/3332 1171/3570/3333 1172/3571/3334
f 1168/3567/3330 1172/3571/3334 1173/3572/3335 1169/3568/3331
f 1174/3573/3336 1105/3504/3267 1104/3503/3266 1155/3554/3317
f 1174/3573/3336 1155/3554/3317 1154/3553/3316 1175/3574/3337
f 1174/3573/3336 1175/3574/3337 1176/3575/3338 1177/3576/3339
f 1174/3573/3336 1177/3576/3339 1106/3505/3268 1105/3504/3267
f 1178/3577/3340 1158/3557/3320 1113/3512/3275 1112/3511/3274
f 1178/3577/3340 1112/3511/3274 1111/3510/3273 1179/3578/3341
f 1178/3577/3340 1179/3578/3341 1180/3579/3342 1181/3580/3343
f 1178/3577/3340 1181/3580/3343 1159/3558/3321 1158/3557/3320
f 1182/3581/3344 1175/3574/3337 1154/3553/3316 1167/3566/3329
f 1182/3581/3344 1167/3566/3329 1166/3565/3328 1183/3582/3345
f 1182/3581/3344 1183/3582/3345 1184/3583/3346 1185/3584/3347
f 1182/3581/3344 1185/3584/3347 1176/3575/3338 1175/3574/3337
f 1186/3585/3348 1170/3569/3332 1159/3558/3321 1181/3580/3343
f 1186/3585/3348 1181/3580/3343 1180/3579/3342 1187/3586/3349
f 1186/3585/3348 1187/3586/3349 1188/3587/3350 1189/3588/3351
f 1186/3585/3348 1189/3588/3351 1171/3570/3333 1170/3569/3332
f 1190/3589/3352 1183/3582/3345 1166/3565/3328 1191/3590/3353
f 1190/3589/3352 1191/3590/3353 1192/3591/3354 1193/3592/3355
f 1190/3589/3352 1193/3592/3355 1194/3593/3356 1195/3594/3357
f 1190/3589/3352 1195/3594/3357 1184/3583/3346 1183/3582/3345
f 1196/3595/3358 1197/3596/3359 1171/3570/3333 1189/3588/3351
f 1196/3595/3358 1189/3588/3351 1188/3587/3350 1198/3597/3360
f 1196/3595/3358 1198/3597/3360 1199/3598/3361 1200/3599/3362
f 1196/3595/3358 1200/3599/3362 1201/3600/3363 1197/3596/3359
f 1202/3601/3364 1193/3592/3355 1192/3591/3354 1203/3602/3365
f 1202/3601/3364 1203/3602/3365 1204/3603/3366 1205/3604/3367
f 1202/3601/3364 1205/3604/3367 1206/3605/3368 1207/3606/3369
f 1202/3601/3364 1207/3606/3369 1194/3593/3356 1193/3592/3355
f 1208/3607/3370 1209/3608/3371 1201/3600/3363 1200/3599/3362
f 1208/3607/3370 1200/3599/3362 1199/3598/3361 1210/3609/3372
f 1208/3607/3370 1210/3609/3372 1211/3610/3373 1212/3611/3374
f 1208/3607/3370 1212/3611/3374 1213/3612/3375 1209/3608/3371
f 1214/3613/3376 1205/3604/3367 1204/3603/3366 1215/3614/3377
f 1214/3613/3376 1215/3614/3377 1216/3615/3378 1217/3616/3379
f 1214/3613/3376 1217/3616/3379 1218/3617/3380 1219/3618/3381
f 1214/3613/3376 1219/3618/3381 1206/3605/3368 1205/3604/3367
f 1220/3619/3382 1221/3620/3383 1213/3612/3375 1212/3611/3374
f 1220/3619/3382 1212/3611/3374 1211/3610/3373 1222/3621/3384
f 1220/3619/3382 1222/3621/3384 1223/3622/3385 1224/3623/3386
f 1220/3619/3382 1224/3623/3386 1225/3624/3387 1221/3620/3383
f 1226/3625/3388 1217/3616/3379 1216/3615/3378 1227/3626/3389
f 1226/3625/3388 1227/3626/3389 1228/3627/3390 1229/3628/3391
f 1226/3625/3388 1229/3628/3391 1116/3629/3278 1230/3630/3392
f 1226/3625/3388 1230/3630/3392 1218/3617/3380 1217/3616/3379
f 1231/3631/3393 1232/3632/3394 1225/3624/3387 1224/3623/3386
f 1231/3631/3393 1224/3623/3386 1223/3622/3385 1233/3633/3395
f 1231/3631/3393 1233/3633/3395 1120/3634/3282 1234/3635/3396
f 1231/3631/3393 1234/3635/3396 1235/3636/3397 1232/3632/3394
f 1236/3637/3398 1229/3628/3391 1228/3627/3390 1237/3638/3399
f 1236/3637/3398 1237/3638/3399 1085/3477/3247 1084/3476/3246
f 1236/3637/3398 1084/3476/3246 1076/3475/3238 1117/3639/3279
f 1236/3637/3398 1117/3639/3279 1116/3629/3278 1229/3628/3391
f 1238/3640/3400 1239/3641/3401 1235/3636/3397 1234/3635/3396
f 1238/3640/3400 1234/3635/3396 1120/3634/3282 1119/3642/3281
f 1238/3640/3400 1119/3642/3281 1081/3488/3243 1093/3487/3255
f 1238/3640/3400 1093/3487/3255 1092/3486/3254 1239/3641/3401
f 1240/3643/3402 1241/3644/3403 1206/3645/3368 1219/3646/3381
f 1240/3643/3402 1219/3646/3381 1218/3647/3380 1242/3648/3404
f 1240/3643/3402 1242/3648/3404 1048/3437/3210 1243/3649/3405
f 1240/3643/3402 1243/3649/3405 1244/3650/3406 1241/3644/3403
f 1245/3651/3407 1222/3652/3384 1211/3653/3373 1246/3654/3408
f 1245/3651/3407 1246/3654/3408 1247/3655/3409 1248/3656/3410
f 1245/3651/3407 1248/3656/3410 1055/3444/3217 1249/3657/3411
f 1245/3651/3407 1249/3657/3411 1223/3658/3385 1222/3652/3384
f 1250/3659/3412 1207/3660/3369 1206/3645/3368 1241/3644/3403
f 1250/3659/3412 1241/3644/3403 1244/3650/3406 1251/3661/3413
f 1250/3659/3412 1251/3661/3413 1252/3662/3414 1253/3663/3415
f 1250/3659/3412 1253/3663/3415 1194/3664/3356 1207/3660/3369
f 1254/3665/3416 1246/3654/3408 1211/3653/3373 1210/3666/3372
f 1254/3665/3416 1210/3666/3372 1199/3667/3361 1255/3668/3417
f 1254/3665/3416 1255/3668/3417 1256/3669/3418 1257/3670/3419
f 1254/3665/3416 1257/3670/3419 1247/3655/3409 1246/3654/3408
f 1258/3671/3420 1259/3672/3421 1184/3673/3346 1195/3674/3357
f 1258/3671/3420 1195/3674/3357 1194/3664/3356 1253/3663/3415
f 1258/3671/3420 1253/3663/3415 1252/3662/3414 1260/3675/3422
f 1258/3671/3420 1260/3675/3422 1261/3676/3423 1259/3672/3421
f 1262/3677/3424 1198/3678/3360 1188/3679/3350 1263/3680/3425
f 1262/3677/3424 1263/3680/3425 1264/3681/3426 1265/3682/3427
f 1262/3677/3424 1265/3682/3427 1256/3669/3418 1255/3668/3417
f 1262/3677/3424 1255/3668/3417 1199/3667/3361 1198/3678/3360
f 1266/3683/3428 1267/3684/3429 1052/3441/3214 1268/3685/3430
f 1266/3683/3428 1268/3685/3430 1261/3676/3423 1260/3675/3422
f 1266/3683/3428 1260/3675/3422 1252/3662/3414 1267/3684/3429
f 1269/3686/3431 1270/3687/3432 1057/3446/3219 1271/3688/3433
f 1269/3686/3431 1271/3688/3433 1256/3669/3418 1265/3682/3427
f 1269/3686/3431 1265/3682/3427 1264/3681/3426 1270/3687/3432
f 1272/3689/3434 1267/3684/3429 1252/3662/3414 1251/3661/3413
f 1272/3689/3434 1251/3661/3413 1244/3650/3406 1273/3690/3435
f 1272/3689/3434 1273/3690/3435 1052/3441/3214 1267/3684/3429
f 1274/3691/3436 1257/3670/3419 1256/3669/3418 1271/3688/3433
f 1274/3691/3436 1271/3688/3433 1057/3446/3219 1275/3692/3437
f 1274/3691/3436 1275/3692/3437 1247/3655/3409 1257/3670/3419
f 1276/3693/3438 1047/3436/3209 1052/3441/3214 1273/3690/3435
f 1276/3693/3438 1273/3690/3435 1244/3650/3406 1243/3649/3405
f 1276/3693/3438 1243/3649/3405 1048/3437/3210 1047/3436/3209
f 1277/3694/3439 1275/3692/3437 1057/3446/3219 1056/3445/3218
f 1277/3694/3439 1056/3445/3218 1055/3444/3217 1248/3656/3410
f 1277/3694/3439 1248/3656/3410 1247/3655/3409 1275/3692/3437
f 1278/3695/3440 1049/3438/3211 1048/3437/3210 1242/3648/3404
f 1278/3695/3440 1242/3648/3404 1218/3647/3380 1230/3696/3392
f 1278/3695/3440 1230/3696/3392 1116/3515/3278 1115/3514/3277
f 1278/3695/3440 1115/3514/3277 1050/3439/3212 1049/3438/3211
f 1279/3697/3441 1249/3657/3411 1055/3444/3217 1054/3443/3216
f 1279/3697/3441 1054/3443/3216 1059/3448/3221 1121/3520/3283
f 1279/3697/3441 1121/3520/3283 1120/3519/3282 1233/3698/3395
f 1279/3697/3441 1233/3698/3395 1223/3658/3385 1249/3657/3411
f 1280/3699/3442 1185/3700/3347 1184/3673/3346 1259/3672/3421
f 1280/3699/3442 1259/3672/3421 1261/3676/3423 1281/3701/3443
f 1280/3699/3442 1281/3701/3443 1282/3702/3444 1283/3703/3445
f 1280/3699/3442 1283/3703/3445 1176/3704/3338 1185/3700/3347
f 1284/3705/3446 1263/3680/3425 1188/3679/3350 1187/3706/3349
f 1284/3705/3446 1187/3706/3349 1180/3707/3342 1285/3708/3447
f 1284/3705/3446 1285/3708/3447 1286/3709/3448 1287/3710/3449
f 1284/3705/3446 1287/3710/3449 1264/3681/3426 1263/3680/3425
f 1288/3711/3450 1289/3712/3451 1052/3441/3214 1070/3459/3232
f 1288/3711/3450 1070/3459/3232 1032/3421/3194 1031/3420/3193
f 1288/3711/3450 1031/3420/3193 1030/3419/3192 1289/3712/3451
f 1290/3713/3452 1073/3462/3235 1057/3446/3219 1291/3714/3453
f 1290/3713/3452 1291/3714/3453 1039/3428/3201 1038/3427/3200
f 1290/3713/3452 1038/3427/3200 1045/3434/3207 1073/3462/3235
f 1292/3715/3454 1289/3712/3451 1030/3419/3192 1293/3716/3455
f 1292/3715/3454 1293/3716/3455 1294/3717/3456 1295/3718/3457
f 1292/3715/3454 1295/3718/3457 1052/3441/3214 1289/3712/3451
f 1296/3719/3458 1297/3720/3459 1039/3428/3201 1291/3714/3453
f 1296/3719/3458 1291/3714/3453 1057/3446/3219 1298/3721/3460
f 1296/3719/3458 1298/3721/3460 1299/3722/3461 1297/3720/3459
f 1300/3723/3462 1293/3716/3455 1030/3419/3192 1029/3418/3191
f 1300/3723/3462 1029/3418/3191 1036/3425/3198 1107/3724/3269
f 1300/3723/3462 1107/3724/3269 1106/3725/3268 1301/3726/3463
f 1300/3723/3462 1301/3726/3463 1294/3717/3456 1293/3716/3455
f 1302/3727/3464 1040/3429/3202 1039/3428/3201 1297/3720/3459
f 1302/3727/3464 1297/3720/3459 1299/3722/3461 1303/3728/3465
f 1302/3727/3464 1303/3728/3465 1111/3729/3273 1110/3730/3272
f 1302/3727/3464 1110/3730/3272 1041/3430/3203 1040/3429/3202
f 1304/3731/3466 1301/3726/3463 1106/3725/3268 1177/3732/3339
f 1304/3731/3466 1177/3732/3339 1176/3704/3338 1283/3703/3445
f 1304/3731/3466 1283/3703/3445 1282/3702/3444 1305/3733/3467
f 1304/3731/3466 1305/3733/3467 1294/3717/3456 1301/3726/3463
f 1306/3734/3468 1179/3735/3341 1111/3729/3273 1303/3728/3465
f 1306/3734/3468 1303/3728/3465 1299/3722/3461 1307/3736/3469
f 1306/3734/3468 1307/3736/3469 1286/3709/3448 1285/3708/3447
f 1306/3734/3468 1285/3708/3447 1180/3707/3342 1179/3735/3341
f 1308/3737/3470 1309/3738/3471 1282/3702/3444 1281/3701/3443
f 1308/3737/3470 1281/3701/3443 1261/3676/3423 1268/3685/3430
f 1308/3737/3470 1268/3685/3430 1052/3441/3214 1309/3738/3471
f 1310/3739/3472 1287/3710/3449 1286/3709/3448 1311/3740/3473
f 1310/3739/3472 1311/3740/3473 1057/3446/3219 1270/3687/3432
f 1310/3739/3472 1270/3687/3432 1264/3681/3426 1287/3710/3449
f 1312/3741/3474 1309/3738/3471 1052/3441/3214 1295/3718/3457
f 1312/3741/3474 1295/3718/3457 1294/3717/3456 1305/3733/3467
f 1312/3741/3474 1305/3733/3467 1282/3702/3444 1309/3738/3471
f 1313/3742/3475 1298/3721/3460 1057/3446/3219 1311/3740/3473
f 1313/3742/3475 1311/3740/3473 1286/3709/3448 1307/3736/3469
f 1313/3742/3475 1307/3736/3469 1299/3722/3461 1298/3721/3460
f 1314/3743/3476 1165/3564/3327 1164/3563/3326 1315/3744/3477
f 1314/3743/3476 1315/3744/3477 1316/3745/3478 1317/3746/3479
f 1314/3743/3476 1317/3746/3479 1192/3591/3354 1191/3590/3353
f 1314/3743/3476 1191/3590/3353 1166/3565/3328 1165/3564/3327
f 1318/3747/3480 1319/3748/3481 1173/3572/3335 1172/3571/3334
f 1318/3747/3480 1172/3571/3334 1171/3570/3333 1197/3596/3359
f 1318/3747/3480 1197/3596/3359 1201/3600/3363 1320/3749/3482
f 1318/3747/3480 1320/3749/3482 1321/3750/3483 1319/3748/3481
f 1322/3751/3484 1317/3746/3479 1316/3745/3478 1323/3752/3485
f 1322/3751/3484 1323/3752/3485 1324/3753/3486 1325/3754/3487
f 1322/3751/3484 1325/3754/3487 1204/3603/3366 1203/3602/3365
f 1322/3751/3484 1203/3602/3365 1192/3591/3354 1317/3746/3479
f 1326/3755/3488 1327/3756/3489 1321/3750/3483 1320/3749/3482
f 1326/3755/3488 1320/3749/3482 1201/3600/3363 1209/3608/3371
f 1326/3755/3488 1209/3608/3371 1213/3612/3375 1328/3757/3490
f 1326/3755/3488 1328/3757/3490 1329/3758/3491 1327/3756/3489
f 1330/3759/3492 1325/3754/3487 1324/3753/3486 1331/3760/3493
f 1330/3759/3492 1331/3760/3493 1332/3761/3494 1333/3762/3495
f 1330/3759/3492 1333/3762/3495 1216/3615/3378 1215/3614/3377
f 1330/3759/3492 1215/3614/3377 1204/3603/3366 1325/3754/3487
f 1334/3763/3496 1335/3764/3497 1329/3758/3491 1328/3757/3490
f 1334/3763/3496 1328/3757/3490 1213/3612/3375 1221/3620/3383
f 1334/3763/3496 1221/3620/3383 1225/3624/3387 1336/3765/3498
f 1334/3763/3496 1336/3765/3498 1337/3766/3499 1335/3764/3497
f 1338/3767/3500 1333/3762/3495 1332/3761/3494 1339/3768/3501
f 1338/3767/3500 1339/3768/3501 1340/3769/3502 1341/3770/3503
f 1338/3767/3500 1341/3770/3503 1228/3627/3390 1227/3626/3389
f 1338/3767/3500 1227/3626/3389 1216/3615/3378 1333/3762/3495
f 1342/3771/3504 1343/3772/3505 1337/3766/3499 1336/3765/3498
f 1342/3771/3504 1336/3765/3498 1225/3624/3387 1232/3632/3394
f 1342/3771/3504 1232/3632/3394 1235/3636/3397 1344/3773/3506
f 1342/3771/3504 1344/3773/3506 1345/3774/3507 1343/3772/3505
f 1346/3775/3508 1341/3770/3503 1340/3769/3502 1347/3776/3509
f 1346/3775/3508 1347/3776/3509 1125/3524/3287 1124/3523/3286
f 1346/3775/3508 1124/3523/3286 1085/3477/3247 1237/3638/3399
f 1346/3775/3508 1237/3638/3399 1228/3627/3390 1341/3770/3503
f 1348/3777/3510 1349/3778/3511 1345/3774/3507 1344/3773/3506
f 1348/3777/3510 1344/3773/3506 1235/3636/3397 1239/3641/3401
f 1348/3777/3510 1239/3641/3401 1092/3486/3254 1133/3532/3295
f 1348/3777/3510 1133/3532/3295 1132/3531/3294 1349/3778/3511
f 5674/3779/3512 5675/3780/3513 1127/3526/3289 1126/3525/3288
f 5674/3779/3512 1126/3525/3288 1125/3524/3287 5676/3781/3514
f 5674/3782/3512 5676/3783/3514 5677/3784/3515 5678/3785/3516
f 5674/3782/3512 5678/3785/3516 5679/3786/3517 5675/3787/3513
f 5680/3788/3518 1131/3530/3293 1130/3529/3292 5681/3789/3519
f 5680/3790/3518 5681/3791/3519 5682/3792/3520 5683/3793/3521
f 5680/3790/3518 5683/3793/3521 5684/3794/3522 5685/3795/3523
f 5680/3788/3518 5685/3796/3523 1132/3531/3294 1131/3530/3293
f 5686/3797/3524 5676/3781/3514 1125/3524/3287 1347/3776/3509
f 5686/3797/3524 1347/3776/3509 1340/3769/3502 5687/3798/3525
f 5686/3799/3524 5687/3800/3525 5688/3801/3526 5689/3802/3527
f 5686/3799/3524 5689/3802/3527 5677/3784/3515 5676/3783/3514
f 5690/3803/3528 1349/3778/3511 1132/3531/3294 5685/3796/3523
f 5690/3804/3528 5685/3795/3523 5684/3794/3522 5691/3805/3529
f 5690/3804/3528 5691/3805/3529 5692/3806/3530 5693/3807/3531
f 5690/3803/3528 5693/3808/3531 1345/3774/3507 1349/3778/3511
f 5694/3809/3532 5687/3798/3525 1340/3769/3502 1339/3768/3501
f 5694/3809/3532 1339/3768/3501 1332/3761/3494 5695/3810/3533
f 5694/3811/3532 5695/3812/3533 5696/3813/3534 5697/3814/3535
f 5694/3811/3532 5697/3814/3535 5688/3801/3526 5687/3800/3525
f 5698/3815/3536 1343/3772/3505 1345/3774/3507 5693/3808/3531
f 5698/3816/3536 5693/3807/3531 5692/3806/3530 5699/3817/3537
f 5698/3816/3536 5699/3817/3537 5700/3818/3538 5701/3819/3539
f 5698/3815/3536 5701/3820/3539 1337/3766/3499 1343/3772/3505
f 5702/3821/3540 5695/3810/3533 1332/3761/3494 1331/3760/3493
f 5702/3821/3540 1331/3760/3493 1324/3753/3486 5703/3822/3541
f 5702/3823/3540 5703/3824/3541 5704/3825/3542 5705/3826/3543
f 5702/3823/3540 5705/3826/3543 5696/3813/3534 5695/3812/3533
f 5706/3827/3544 1335/3764/3497 1337/3766/3499 5701/3820/3539
f 5706/3828/3544 5701/3819/3539 5700/3818/3538 5707/3829/3545
f 5706/3828/3544 5707/3829/3545 5708/3830/3546 5709/3831/3547
f 5706/3827/3544 5709/3832/3547 1329/3758/3491 1335/3764/3497
f 5710/3833/3548 5703/3822/3541 1324/3753/3486 1323/3752/3485
f 5710/3833/3548 1323/3752/3485 1316/3745/3478 5711/3834/3549
f 5710/3835/3548 5711/3836/3549 5712/3837/3550 5713/3838/3551
f 5710/3835/3548 5713/3838/3551 5704/3825/3542 5703/3824/3541
f 5714/3839/3552 1327/3756/3489 1329/3758/3491 5709/3832/3547
f 5714/3840/3552 5709/3831/3547 5708/3830/3546 5715/3841/3553
f 5714/3840/3552 5715/3841/3553 5716/3842/3554 5717/3843/3555
f 5714/3839/3552 5717/3844/3555 1321/3750/3483 1327/3756/3489
f 5718/3845/3556 5719/3846/3557 5720/3847/3558 5721/3848/3559
f 5718/3845/3556 5721/3848/3559 5704/3825/3542 5713/3838/3551
f 5718/3845/3556 5713/3838/3551 5712/3837/3550 5719/3846/3557
f 5722/3849/3560 5723/3850/3561 5724/3851/3562 5725/3852/3563
f 5722/3849/3560 5725/3852/3563 5716/3842/3554 5715/3841/3553
f 5722/3849/3560 5715/3841/3553 5708/3830/3546 5723/3850/3561
f 5726/3853/3564 5719/3846/3557 5712/3837/3550 5727/3854/3565
f 5726/3853/3564 5727/3854/3565 5728/3855/3566 5729/3856/3567
f 5726/3853/3564 5729/3856/3567 5720/3847/3558 5719/3846/3557
f 5730/3857/3568 5731/3858/3569 5716/3842/3554 5725/3852/3563
f 5730/3857/3568 5725/3852/3563 5724/3851/3562 5732/3859/3570
f 5730/3857/3568 5732/3859/3570 5733/3860/3571 5731/3858/3569
f 5734/3861/3572 5735/3862/3573 5720/3847/3558 5729/3856/3567
f 5734/3861/3572 5729/3856/3567 5728/3855/3566 5736/3863/3574
f 5734/3861/3572 5736/3863/3574 5737/3864/3575 5735/3862/3573
f 5738/3865/3576 5732/3859/3570 5724/3851/3562 5739/3866/3577
f 5738/3865/3576 5739/3866/3577 5740/3867/3578 5741/3868/3579
f 5738/3865/3576 5741/3868/3579 5733/3860/3571 5732/3859/3570
f 5742/3869/3580 5735/3862/3573 5737/3864/3575 5743/3870/3581
f 5742/3869/3580 5743/3870/3581 5744/3871/3582 5745/3872/3583
f 5742/3869/3580 5745/3872/3583 5720/3847/3558 5735/3862/3573
f 5746/3873/3584 5747/3874/3585 5740/3867/3578 5739/3866/3577
f 5746/3873/3584 5739/3866/3577 5724/3851/3562 5748/3875/3586
f 5746/3873/3584 5748/3875/3586 5749/3876/3587 5747/3874/3585
f 5750/3877/3588 5751/3878/3589 5720/3847/3558 5745/3872/3583
f 5750/3877/3588 5745/3872/3583 5744/3871/3582 5752/3879/3590
f 5750/3877/3588 5752/3879/3590 5753/3880/3591 5751/3878/3589
f 5754/3881/3592 5748/3875/3586 5724/3851/3562 5755/3882/3593
f 5754/3881/3592 5755/3882/3593 5756/3883/3594 5757/3884/3595
f 5754/3881/3592 5757/3884/3595 5749/3876/3587 5748/3875/3586
f 5758/3885/3596 5751/3878/3589 5753/3880/3591 5759/3886/3597
f 5758/3885/3596 5759/3886/3597 5679/3786/3517 5760/3887/3598
f 5758/3885/3596 5760/3887/3598 5720/3847/3558 5751/3878/3589
f 5761/3888/3599 5762/3889/3600 5756/3883/3594 5755/3882/3593
f 5761/3888/3599 5755/3882/3593 5724/3851/3562 5763/3890/3601
f 5761/3888/3599 5763/3890/3601 5682/3792/3520 5762/3889/3600
f 5764/3891/3602 5765/3892/3603 5720/3847/3558 5760/3887/3598
f 5764/3891/3602 5760/3887/3598 5679/3786/3517 5678/3785/3516
f 5764/3891/3602 5678/3785/3516 5677/3784/3515 5765/3892/3603
f 5766/3893/3604 5763/3890/3601 5724/3851/3562 5767/3894/3605
f 5766/3893/3604 5767/3894/3605 5684/3794/3522 5683/3793/3521
f 5766/3893/3604 5683/3793/3521 5682/3792/3520 5763/3890/3601
f 5768/3895/3606 5765/3892/3603 5677/3784/3515 5689/3802/3527
f 5768/3895/3606 5689/3802/3527 5688/3801/3526 5769/3896/3607
f 5768/3895/3606 5769/3896/3607 5720/3847/3558 5765/3892/3603
f 5770/3897/3608 5691/3805/3529 5684/3794/3522 5767/3894/3605
f 5770/3897/3608 5767/3894/3605 5724/3851/3562 5771/3898/3609
f 5770/3897/3608 5771/3898/3609 5692/3806/3530 5691/3805/3529
f 5772/3899/3610 5773/3900/3611 5720/3847/3558 5769/3896/3607
f 5772/3899/3610 5769/3896/3607 5688/3801/3526 5697/3814/3535
f 5772/3899/3610 5697/3814/3535 5696/3813/3534 5773/3900/3611
f 5774/3901/3612 5771/3898/3609 5724/3851/3562 5775/3902/3613
f 5774/3901/3612 5775/3902/3613 5700/3818/3538 5699/3817/3537
f 5774/3901/3612 5699/3817/3537 5692/3806/3530 5771/3898/3609
f 5776/3903/3614 5773/3900/3611 5696/3813/3534 5705/3826/3543
f 5776/3903/3614 5705/3826/3543 5704/3825/3542 5721/3848/3559
f 5776/3903/3614 5721/3848/3559 5720/3847/3558 5773/3900/3611
f 5777/3904/3615 5707/3829/3545 5700/3818/3538 5775/3902/3613
f 5777/3904/3615 5775/3902/3613 5724/3851/3562 5723/3850/3561
f 5777/3904/3615 5723/3850/3561 5708/3830/3546 5707/3829/3545
f 5778/3905/3616 5711/3834/3549 1316/3745/3478 1315/3744/3477
f 5778/3905/3616 1315/3744/3477 1164/3563/3326 5779/3906/3617
f 5778/3907/3616 5779/3908/3617 5728/3855/3566 5727/3854/3565
f 5778/3907/3616 5727/3854/3565 5712/3837/3550 5711/3836/3549
f 5780/3909/3618 1319/3748/3481 1321/3750/3483 5717/3844/3555
f 5780/3910/3618 5717/3843/3555 5716/3842/3554 5731/3858/3569
f 5780/3910/3618 5731/3858/3569 5733/3860/3571 5781/3911/3619
f 5780/3909/3618 5781/3912/3619 1173/3572/3335 1319/3748/3481
f 5782/3913/3620 5779/3906/3617 1164/3563/3326 1163/3562/3325
f 5782/3913/3620 1163/3562/3325 1152/3551/3314 5783/3914/3621
f 5782/3915/3620 5783/3916/3621 5737/3864/3575 5736/3863/3574
f 5782/3915/3620 5736/3863/3574 5728/3855/3566 5779/3908/3617
f 5784/3917/3622 1169/3568/3331 1173/3572/3335 5781/3912/3619
f 5784/3918/3622 5781/3911/3619 5733/3860/3571 5741/3868/3579
f 5784/3918/3622 5741/3868/3579 5740/3867/3578 5785/3919/3623
f 5784/3917/3622 5785/3920/3623 1161/3560/3323 1169/3568/3331
f 5786/3921/3624 5783/3914/3621 1152/3551/3314 1151/3550/3313
f 5786/3921/3624 1151/3550/3313 1144/3543/3306 5787/3922/3625
f 5786/3923/3624 5787/3924/3625 5744/3871/3582 5743/3870/3581
f 5786/3923/3624 5743/3870/3581 5737/3864/3575 5783/3916/3621
f 5788/3925/3626 1157/3556/3319 1161/3560/3323 5785/3920/3623
f 5788/3926/3626 5785/3919/3623 5740/3867/3578 5747/3874/3585
f 5788/3926/3626 5747/3874/3585 5749/3876/3587 5789/3927/3627
f 5788/3925/3626 5789/3928/3627 1149/3548/3311 1157/3556/3319
f 5790/3929/3628 5787/3922/3625 1144/3543/3306 1143/3542/3305
f 5790/3929/3628 1143/3542/3305 1136/3535/3298 5791/3930/3629
f 5790/3931/3628 5791/3932/3629 5753/3880/3591 5752/3879/3590
f 5790/3931/3628 5752/3879/3590 5744/3871/3582 5787/3924/3625
f 5792/3933/3630 1147/3546/3309 1149/3548/3311 5789/3928/3627
f 5792/3934/3630 5789/3927/3627 5749/3876/3587 5757/3884/3595
f 5792/3934/3630 5757/3884/3595 5756/3883/3594 5793/3935/3631
f 5792/3933/3630 5793/3936/3631 1141/3540/3303 1147/3546/3309
f 5794/3937/3632 5791/3930/3629 1136/3535/3298 1135/3534/3297
f 5794/3937/3632 1135/3534/3297 1127/3526/3289 5675/3780/3513
f 5794/3938/3632 5675/3787/3513 5679/3786/3517 5759/3886/3597
f 5794/3938/3632 5759/3886/3597 5753/3880/3591 5791/3932/3629
f 5795/3939/3633 1139/3538/3301 1141/3540/3303 5793/3936/3631
f 5795/3940/3633 5793/3935/3631 5756/3883/3594 5762/3889/3600
f 5795/3940/3633 5762/3889/3600 5682/3792/3520 5681/3791/3519
f 5795/3939/3633 5681/3789/3519 1130/3529/3292 1139/3538/3301
usemtl beard
f 1350/3941/3634 1351/3942/3635 1352/3943/3636 1353/3944/3637
f 1350/3941/3634 1353/3944/3637 1354/3945/3638 1355/3946/3639
f 1350/3941/3634 1355/3946/3639 1356/3947/3640 1351/3942/3635
f 1357/3948/3641 1358/3949/3642 1359/3950/3643 1360/3951/3644
f 1357/3948/3641 1360/3951/3644 1361/3952/3645 1362/3953/3646
f 1357/3948/3641 1362/3953/3646 1363/3954/3647 1358/3949/3642
f 1364/3955/3648 1351/3942/3635 1356/3947/3640 1365/3956/3649
f 1364/3955/3648 1365/3956/3649 1366/3957/3650 1367/3958/3651
f 1364/3955/3648 1367/3958/3651 1352/3943/3636 1351/3942/3635
f 1368/3959/3652 1369/3960/3653 1361/3952/3645 1360/3951/3644
f 1368/3959/3652 1360/3951/3644 1359/3950/3643 1370/3961/3654
f 1368/3959/3652 1370/3961/3654 1371/3962/3655 1369/3960/3653
f 1372/3963/3656 1373/3964/3657 1374/3965/3658 1375/3966/3659
f 1372/3963/3656 1375/3966/3659 1352/3943/3636 1367/3958/3651
f 1372/3963/3656 1367/3958/3651 1366/3957/3650 1373/3964/3657
f 1376/3967/3660 1377/3968/3661 1378/3969/3662 1379/3970/3663
f 1376/3967/3660 1379/3970/3663 1371/3962/3655 1370/3961/3654
f 1376/3967/3660 1370/3961/3654 1359/3950/3643 1377/3968/3661
f 1380/3971/3664 1373/3964/3657 1366/3957/3650 1381/3972/3665
f 1380/3971/3664 1381/3972/3665 1382/3973/3666 1383/3974/3667
f 1380/3971/3664 1383/3974/3667 1374/3965/3658 1373/3964/3657
f 1384/3975/3668 1385/3976/3669 1371/3962/3655 1379/3970/3663
f 1384/3975/3668 1379/3970/3663 1378/3969/3662 1386/3977/3670
f 1384/3975/3668 1386/3977/3670 1387/3978/3671 1385/3976/3669
f 1388/3979/3672 1389/3980/3673 1390/3981/3674 1391/3982/3675
f 1388/3979/3672 1391/3982/3675 1374/3965/3658 1383/3974/3667
f 1388/3979/3672 1383/3974/3667 1382/3973/3666 1389/3980/3673
f 1392/3983/3676 1393/3984/3677 1394/3985/3678 1395/3986/3679
f 1392/3983/3676 1395/3986/3679 1387/3978/3671 1386/3977/3670
f 1392/3983/3676 1386/3977/3670 1378/3969/3662 1393/3984/3677
f 1396/3987/3680 1397/3988/3681 1398/3989/3682 1399/3990/3683
f 1396/3987/3680 1399/3990/3683 1400/3991/3684 1401/3992/3685
f 1396/3987/3680 1401/3992/3685 1402/3993/3686 1397/3988/3681
f 1403/3994/3687 1404/3995/3688 1405/3996/3689 1406/3997/3690
f 1403/3994/3687 1406/3997/3690 1407/3998/3691 1408/3999/3692
f 1403/3994/3687 1408/3999/3692 1409/4000/3693 1404/3995/3688
f 1410/4001/3694 1397/3988/3681 1402/3993/3686 1411/4002/3695
f 1410/4001/3694 1411/4002/3695 1412/4003/3696 1413/4004/3697
f 1410/4001/3694 1413/4004/3697 1398/3989/3682 1397/3988/3681
f 1414/4005/3698 1415/4006/3699 1407/3998/3691 1406/3997/3690
f 1414/4005/3698 1406/3997/3690 1405/3996/3689 1416/4007/3700
f 1414/4005/3698 1416/4007/3700 1417/4008/3701 1415/4006/3699
f 1418/4009/3702 1419/4010/3703 1420/4011/3704 1421/4012/3705
f 1418/4009/3702 1421/4012/3705 1398/3989/3682 1413/4004/3697
f 1418/4009/3702 1413/4004/3697 1412/4003/3696 1419/4010/3703
f 1422/4013/3706 1423/4014/3707 1424/4015/3708 1425/4016/3709
f 1422/4013/3706 1425/4016/3709 1417/4008/3701 1416/4007/3700
f 1422/4013/3706 1416/4007/3700 1405/3996/3689 1423/4014/3707
f 1426/4017/3710 1419/4010/3703 1412/4003/3696 1427/4018/3711
f 1426/4017/3710 1427/4018/3711 1428/4019/3712 1429/4020/3713
f 1426/4017/3710 1429/4020/3713 1420/4011/3704 1419/4010/3703
f 1430/4021/3714 1431/4022/3715 1417/4008/3701 1425/4016/3709
f 1430/4021/3714 1425/4016/3709 1424/4015/3708 1432/4023/3716
f 1430/4021/3714 1432/4023/3716 1433/4024/3717 1431/4022/3715
f 1434/4025/3718 1435/4026/3719 1436/4027/3720 1437/4028/3721
f 1434/4025/3718 1437/4028/3721 1420/4011/3704 1429/4020/3713
f 1434/4025/3718 1429/4020/3713 1428/4019/3712 1435/4026/3719
f 1438/4029/3722 1439/4030/3723 1440/4031/3724 1441/4032/3725
f 1438/4029/3722 1441/4032/3725 1433/4024/3717 1432/4023/3716
f 1438/4029/3722 1432/4023/3716 1424/4015/3708 1439/4030/3723
f 1442/4033/3726 1443/4034/3727 1444/4035/3728 1445/4036/3729
f 1442/4033/3726 1445/4036/3729 1446/4037/3730 1447/4038/3731
f 1442/4033/3726 1447/4038/3731 1448/4039/3732 1443/4034/3727
f 1449/4040/3733 1450/4041/3734 1451/4042/3735 1452/4043/3736
f 1449/4040/3733 1452/4043/3736 1453/4044/3737 1454/4045/3738
f 1449/4040/3733 1454/4045/3738 1455/4046/3739 1450/4041/3734
f 1456/4047/3740 1443/4034/3727 1448/4039/3732 1457/4048/3741
f 1456/4047/3740 1457/4048/3741 1458/4049/3742 1459/4050/3743
f 1456/4047/3740 1459/4050/3743 1444/4035/3728 1443/4034/3727
f 1460/4051/3744 1461/4052/3745 1453/4044/3737 1452/4043/3736
f 1460/4051/3744 1452/4043/3736 1451/4042/3735 1462/4053/3746
f 1460/4051/3744 1462/4053/3746 1463/4054/3747 1461/4052/3745
f 1464/4055/3748 1465/4056/3749 1466/4057/3750 1467/4058/3751
f 1464/4055/3748 1467/4058/3751 1444/4035/3728 1459/4050/3743
f 1464/4055/3748 1459/4050/3743 1458/4049/3742 1465/4056/3749
f 1468/4059/3752 1469/4060/3753 1470/4061/3754 1471/4062/3755
f 1468/4059/3752 1471/4062/3755 1463/4054/3747 1462/4053/3746
f 1468/4059/3752 1462/4053/3746 1451/4042/3735 1469/4060/3753
f 1472/4063/3756 1465/4056/3749 1458/4049/3742 1473/4064/3757
f 1472/4063/3756 1473/4064/3757 1474/4065/3758 1475/4066/3759
f 1472/4063/3756 1475/4066/3759 1466/4057/3750 1465/4056/3749
f 1476/4067/3760 1477/4068/3761 1463/4054/3747 1471/4062/3755
f 1476/4067/3760 1471/4062/3755 1470/4061/3754 1478/4069/3762
f 1476/4067/3760 1478/4069/3762 1479/4070/3763 1477/4068/3761
f 1480/4071/3764 1481/4072/3765 1482/4073/3766 1483/4074/3767
f 1480/4071/3764 1483/4074/3767 1466/4057/3750 1475/4066/3759
f 1480/4071/3764 1475/4066/3759 1474/4065/3758 1481/4072/3765
f 1484/4075/3768 1485/4076/3769 1486/4077/3770 1487/4078/3771
f 1484/4075/3768 1487/4078/3771 1479/4070/3763 1478/4069/3762
f 1484/4075/3768 1478/4069/3762 1470/4061/3754 1485/4076/3769
f 1488/4079/3772 1489/4080/3773 1490/4081/3774 1491/4082/3775
f 1488/4079/3772 1491/4082/3775 1492/4083/3776 1493/4084/3777
f 1488/4079/3772 1493/4084/3777 1494/4085/3778 1489/4080/3773
f 1495/4086/3779 1496/4087/3780 1497/4088/3781 1498/4089/3782
f 1495/4086/3779 1498/4089/3782 1499/4090/3783 1500/4091/3784
f 1495/4086/3779 1500/4091/3784 1501/4092/3785 1496/4087/3780
f 1502/4093/3786 1489/4080/3773 1494/4085/3778 1503/4094/3787
f 1502/4093/3786 1503/4094/3787 1504/4095/3788 1505/4096/3789
f 1502/4093/3786 1505/4096/3789 1490/4081/3774 1489/4080/3773
f 1506/4097/3790 1507/4098/3791 1499/4090/3783 1498/4089/3782
f 1506/4097/3790 1498/4089/3782 1497/4088/3781 1508/4099/3792
f 1506/4097/3790 1508/4099/3792 1509/4100/3793 1507/4098/3791
f 1510/4101/3794 1511/4102/3795 1512/4103/3796 1513/4104/3797
f 1510/4101/3794 1513/4104/3797 1490/4081/3774 1505/4096/3789
f 1510/4101/3794 1505/4096/3789 1504/4095/3788 1511/4102/3795
f 1514/4105/3798 1515/4106/3799 1516/4107/3800 1517/4108/3801
f 1514/4105/3798 1517/4108/3801 1509/4100/3793 1508/4099/3792
f 1514/4105/3798 1508/4099/3792 1497/4088/3781 1515/4106/3799
f 1518/4109/3802 1519/4110/3803 1520/4111/3804 1521/4112/3805
f 1518/4109/3802 1521/4112/3805 1522/4113/3806 1523/4114/3807
f 1518/4109/3802 1523/4114/3807 1524/4115/3808 1519/4110/3803
f 1525/4116/3809 1526/4117/3810 1527/4118/3811 1528/4119/3812
f 1525/4116/3809 1528/4119/3812 1529/4120/3813 1530/4121/3814
f 1525/4116/3809 1530/4121/3814 1531/4122/3815 1526/4117/3810
f 1532/4123/3816 1519/4110/3803 1524/4115/3808 1533/4124/3817
f 1532/4123/3816 1533/4124/3817 1534/4125/3818 1535/4126/3819
f 1532/4123/3816 1535/4126/3819 1520/4111/3804 1519/4110/3803
f 1536/4127/3820 1537/4128/3821 1529/4120/3813 1528/4119/3812
f 1536/4127/3820 1528/4119/3812 1527/4118/3811 1538/4129/3822
f 1536/4127/3820 1538/4129/3822 1539/4130/3823 1537/4128/3821
f 1540/4131/3824 1541/4132/3825 1542/4133/3826 1543/4134/3827
f 1540/4131/3824 1543/4134/3827 1520/4111/3804 1535/4126/3819
f 1540/4131/3824 1535/4126/3819 1534/4125/3818 1541/4132/3825
f 1544/4135/3828 1545/4136/3829 1546/4137/3830 1547/4138/3831
f 1544/4135/3828 1547/4138/3831 1539/4130/3823 1538/4129/3822
f 1544/4135/3828 1538/4129/3822 1527/4118/3811 1545/4136/3829
f 1548/4139/3832 1549/4140/3833 1550/4141/3834 1551/4142/3835
f 1548/4139/3832 1551/4142/3835 1552/4143/3836 1553/4144/3837
f 1548/4139/3832 1553/4144/3837 1554/4145/3838 1549/4140/3833
f 1555/4146/3839 1556/4147/3840 1557/4148/3841 1558/4149/3842
f 1555/4146/3839 1558/4149/3842 1559/4150/3843 1560/4151/3844
f 1555/4146/3839 1560/4151/3844 1561/4152/3845 1556/4147/3840
f 1562/4153/3846 1549/4140/3833 1554/4145/3838 1563/4154/3847
f 1562/4153/3846 1563/4154/3847 1564/4155/3848 1565/4156/3849
f 1562/4153/3846 1565/4156/3849 1550/4141/3834 1549/4140/3833
f 1566/4157/3850 1567/4158/3851 1559/4150/3843 1558/4149/3842
f 1566/4157/3850 1558/4149/3842 1557/4148/3841 1568/4159/3852
f 1566/4157/3850 1568/4159/3852 1569/4160/3853 1567/4158/3851
f 1570/4161/3854 1571/4162/3855 1572/4163/3856 1573/4164/3857
f 1570/4161/3854 1573/4164/3857 1550/4141/3834 1565/4156/3849
f 1570/4161/3854 1565/4156/3849 1564/4155/3848 1571/4162/3855
f 1574/4165/3858 1575/4166/3859 1576/4167/3860 1577/4168/3861
f 1574/4165/3858 1577/4168/3861 1569/4160/3853 1568/4159/3852
f 1574/4165/3858 1568/4159/3852 1557/4148/3841 1575/4166/3859
f 1578/4169/3862 1571/4162/3855 1564/4155/3848 1579/4170/3863
f 1578/4169/3862 1579/4170/3863 1580/4171/3864 1581/4172/3865
f 1578/4169/3862 1581/4172/3865 1572/4163/3856 1571/4162/3855
f 1582/4173/3866 1583/4174/3867 1569/4160/3853 1577/4168/3861
f 1582/4173/3866 1577/4168/3861 1576/4167/3860 1584/4175/3868
f 1582/4173/3866 1584/4175/3868 1585/4176/3869 1583/4174/3867
f 1586/4177/3870 1587/4178/3871 1588/4179/3872 1589/4180/3873
f 1586/4177/3870 1589/4180/3873 1572/4163/3856 1581/4172/3865
f 1586/4177/3870 1581/4172/3865 1580/4171/3864 1587/4178/3871
f 1590/4181/3874 1591/4182/3875 1592/4183/3876 1593/4184/3877
f 1590/4181/3874 1593/4184/3877 1585/4176/3869 1584/4175/3868
f 1590/4181/3874 1584/4175/3868 1576/4167/3860 1591/4182/3875
f 1594/4185/3878 1595/4186/3879 1596/4187/3880 1597/4188/3881
f 1594/4185/3878 1597/4188/3881 1598/4189/3882 1599/4190/3883
f 1594/4185/3878 1599/4190/3883 1600/4191/3884 1595/4186/3879
f 1601/4192/3885 1602/4193/3886 1603/4194/3887 1604/4195/3888
f 1601/4192/3885 1604/4195/3888 1605/4196/3889 1606/4197/3886
f 1601/4192/3885 1606/4197/3886 1607/4198/3890 1602/4193/3886
f 1608/4199/3891 1595/4186/3879 1600/4191/3884 1609/4200/3892
f 1608/4199/3891 1609/4200/3892 1610/4201/3893 1611/4202/3894
f 1608/4199/3891 1611/4202/3894 1596/4187/3880 1595/4186/3879
f 1612/4203/3895 1613/4204/3896 1605/4196/3889 1604/4195/3888
f 1612/4203/3895 1604/4195/3888 1603/4194/3887 1614/4205/3897
f 1612/4203/3895 1614/4205/3897 1615/4206/3898 1613/4204/3896
f 1616/4207/3899 1617/4208/3900 1618/4209/3901 1619/4210/3902
f 1616/4207/3899 1619/4210/3902 1596/4187/3880 1611/4202/3894
f 1616/4207/3899 1611/4202/3894 1610/4201/3893 1617/4208/3900
f 1620/4211/3903 1621/4212/3904 1622/4213/3905 1623/4214/3906
f 1620/4211/3903 1623/4214/3906 1615/4206/3898 1614/4205/3897
f 1620/4211/3903 1614/4205/3897 1603/4194/3887 1621/4212/3904
f 1624/4215/3907 1625/4216/3908 1626/4217/3909 1627/4218/3910
f 1624/4215/3907 1627/4218/3910 1628/4219/3911 1629/4220/3912
f 1624/4215/3907 1629/4220/3912 1630/4221/3913 1625/4216/3908
f 1631/4222/3914 1632/4223/3915 1633/4224/3916 1634/4225/3917
f 1631/4222/3914 1634/4225/3917 1635/4226/3918 1636/4227/3919
f 1631/4222/3914 1636/4227/3919 1637/4228/3920 1632/4223/3915
f 1638/4229/3921 1625/4216/3908 1630/4221/3913 1639/4230/3922
f 1638/4229/3921 1639/4230/3922 1640/4231/3923 1641/4232/3924
f 1638/4229/3921 1641/4232/3924 1626/4217/3909 1625/4216/3908
f 1642/4233/3925 1643/4234/3926 1635/4226/3918 1634/4225/3917
f 1642/4233/3925 1634/4225/3917 1633/4224/3916 1644/4235/3927
f 1642/4233/3925 1644/4235/3927 1645/4236/3928 1643/4234/3926
f 1646/4237/3929 1647/4238/3930 1648/4239/3931 1649/4240/3932
f 1646/4237/3929 1649/4240/3932 1626/4217/3909 1641/4232/3924
f 1646/4237/3929 1641/4232/3924 1640/4231/3923 1647/4238/3930
f 1650/4241/3933 1651/4242/3934 1652/4243/3935 1653/4244/3936
f 1650/4241/3933 1653/4244/3936 1645/4236/3928 1644/4235/3927
f 1650/4241/3933 1644/4235/3927 1633/4224/3916 1651/4242/3934
f 1654/4245/3937 1647/4238/3930 1640/4231/3923 1655/4246/3938
f 1654/4245/3937 1655/4246/3938 1656/4247/3939 1657/4248/3940
f 1654/4245/3937 1657/4248/3940 1648/4239/3931 1647/4238/3930
f 1658/4249/3941 1659/4250/3942 1645/4236/3928 1653/4244/3936
f 1658/4249/3941 1653/4244/3936 1652/4243/3935 1660/4251/3943
f 1658/4249/3941 1660/4251/3943 1661/4252/3944 1659/4250/3942
f 1662/4253/3945 1663/4254/3946 1664/4255/3947 1665/4256/3948
f 1662/4253/3945 1665/4256/3948 1648/4239/3931 1657/4248/3940
f 1662/4253/3945 1657/4248/3940 1656/4247/3939 1663/4254/3946
f 1666/4257/3949 1667/4258/3950 1668/4259/3951 1669/4260/3952
f 1666/4257/3949 1669/4260/3952 1661/4252/3944 1660/4251/3943
f 1666/4257/3949 1660/4251/3943 1652/4243/3935 1667/4258/3950
f 1670/4261/3953 1663/4254/3946 1656/4247/3939 1671/4262/3954
f 1670/4261/3953 1671/4262/3954 1672/4263/3955 1673/4264/3956
f 1670/4261/3953 1673/4264/3956 1664/4255/3947 1663/4254/3946
f 1674/4265/3957 1675/4266/3958 1661/4252/3944 1669/4260/3952
f 1674/4265/3957 1669/4260/3952 1668/4259/3951 1676/4267/3959
f 1674/4265/3957 1676/4267/3959 1677/4268/3960 1675/4266/3958
f 1678/4269/3961 1679/4270/3962 1680/4271/3963 1681/4272/3964
f 1678/4269/3961 1681/4272/3964 1664/4255/3947 1673/4264/3956
f 1678/4269/3961 1673/4264/3956 1672/4263/3955 1679/4270/3962
f 1682/4273/3965 1683/4274/3966 1684/4275/3967 1685/4276/3968
f 1682/4273/3965 1685/4276/3968 1677/4268/3960 1676/4267/3959
f 1682/4273/3965 1676/4267/3959 1668/4259/3951 1683/4274/3966
f 1686/4277/3969 1687/4278/3970 1688/4279/3971 1689/4280/3972
f 1686/4277/3969 1689/4280/3972 1690/4281/3973 1691/4282/3974
f 1686/4277/3969 1691/4282/3974 1692/4283/3975 1687/4278/3970
f 1693/4284/3976 1694/4285/3977 1695/4286/3978 1696/4287/3979
f 1693/4284/3976 1696/4287/3979 1697/4288/3980 1698/4289/3981
f 1693/4284/3976 1698/4289/3981 1699/4290/3982 1694/4285/3977
f 1700/4291/3983 1687/4278/3970 1692/4283/3975 1701/4292/3984
f 1700/4291/3983 1701/4292/3984 1702/4293/3985 1703/4294/3986
f 1700/4291/3983 1703/4294/3986 1688/4279/3971 1687/4278/3970
f 1704/4295/3987 1705/4296/3988 1697/4288/3980 1696/4287/3979
f 1704/4295/3987 1696/4287/3979 1695/4286/3978 1706/4297/3989
f 1704/4295/3987 1706/4297/3989 1707/4298/3990 1705/4296/3988
f 1708/4299/3991 1709/4300/3992 1710/4301/3993 1711/4302/3994
f 1708/4299/3991 1711/4302/3994 1688/4279/3971 1703/4294/3986
f 1708/4299/3991 1703/4294/3986 1702/4293/3985 1709/4300/3992
f 1712/4303/3995 1713/4304/3996 1714/4305/3997 1715/4306/3998
f 1712/4303/3995 1715/4306/3998 1707/4298/3990 1706/4297/3989
f 1712/4303/3995 1706/4297/3989 1695/4286/3978 1713/4304/3996
f 1716/4307/3999 1709/4300/3992 1702/4293/3985 1717/4308/4000
f 1716/4307/3999 1717/4308/4000 1718/4309/4001 1719/4310/4002
f 1716/4307/3999 1719/4310/4002 1710/4301/3993 1709/4300/3992
f 1720/4311/4003 1721/4312/4004 1707/4298/3990 1715/4306/3998
f 1720/4311/4003 1715/4306/3998 1714/4305/3997 1722/4313/4005
f 1720/4311/4003 1722/4313/4005 1723/4314/4006 1721/4312/4004
f 1724/4315/4007 1725/4316/4008 1726/4317/4009 1727/4318/4010
f 1724/4315/4007 1727/4318/4010 1710/4301/3993 1719/4310/4002
f 1724/4315/4007 1719/4310/4002 1718/4309/4001 1725/4316/4008
f 1728/4319/4011 1729/4320/4012 1730/4321/4013 1731/4322/4014
f 1728/4319/4011 1731/4322/4014 1723/4314/4006 1722/4313/4005
f 1728/4319/4011 1722/4313/4005 1714/4305/3997 1729/4320/4012
usemtl frontleg
f 1732/4323/4015 1733/4324/4016 1734/4325/4017 1735/4326/4018
f 1732/4327/4015 1735/4328/4018 1736/4329/4019 1737/4330/4020
f 1732/4327/4015 1737/4330/4020 1738/4331/4021 1739/4332/4022
f 1732/4323/4015 1739/4333/4022 1740/4334/4023 1733/4324/4016
f 1741/4335/4024 1742/4336/4025 1743/4337/4026 1744/4338/4027
f 1741/4335/4024 1744/4338/4027 1745/4339/4028 1746/4340/4029
f 1741/4341/4024 1746/4342/4029 1747/4343/4030 1748/4344/4031
f 1741/4341/4024 1748/4344/4031 1749/4345/4032 1742/4346/4025
f 1750/4347/4033 1751/4348/4034 1752/4349/4035 1753/4350/4036
f 1750/4347/4033 1753/4350/4036 1738/4331/4021 1737/4330/4020
f 1750/4347/4033 1737/4330/4020 1736/4329/4019 1751/4348/4034
f 1754/4351/4037 1755/4352/4038 1756/4353/4039 1757/4354/4040
f 1754/4351/4037 1757/4354/4040 1749/4345/4032 1748/4344/4031
f 1754/4351/4037 1748/4344/4031 1747/4343/4030 1755/4352/4038
f 1758/4355/4041 1753/4350/4036 1752/4349/4035 1759/4356/4042
f 1758/4355/4041 1759/4356/4042 1760/4357/4043 1761/4358/4044
f 1758/4355/4041 1761/4358/4044 1762/4359/4045 1763/4360/4046
f 1758/4355/4041 1763/4360/4046 1738/4331/4021 1753/4350/4036
f 1764/4361/4047 1739/4332/4022 1738/4331/4021 1763/4360/4046
f 1764/4361/4047 1763/4360/4046 1762/4359/4045 1765/4362/4048
f 1764/4363/4047 1765/4364/4048 1766/4365/4049 1767/4366/4050
f 1764/4363/4047 1767/4366/4050 1740/4334/4023 1739/4333/4022
f 1953/4367/4051 1954/4368/235 1955/4369/200 1956/4370/4052
f 1953/4367/4051 1956/4370/4052 1957/4371/4053 1958/4372/4054
f 1953/4367/4051 1958/4372/4054 1959/4373/480 1960/4374/479
f 1953/4367/4051 1960/4374/479 1961/4375/236 1954/4368/235
f 1962/4376/4055 1963/4377/4056 1964/4378/4057 1965/4379/4058
f 1962/4376/4055 1965/4379/4058 1966/4380/205 1967/4381/239
f 1962/4376/4055 1967/4381/239 1968/4382/241 1969/4383/484
f 1962/4376/4055 1969/4383/484 1970/4384/483 1963/4377/4056
f 1971/4385/4059 1972/4386/4060 1957/4371/4053 1956/4370/4052
f 1971/4385/4059 1956/4370/4052 1955/4369/200 1973/4387/199
f 1971/4388/4059 1973/4389/199 1919/4390/164 1974/4391/4061
f 1971/4388/4059 1974/4391/4061 1975/4392/4062 1972/4393/4060
f 1976/4394/4063 1977/4395/203 1966/4380/205 1965/4379/4058
f 1976/4394/4063 1965/4379/4058 1964/4378/4057 1978/4396/4064
f 1976/4397/4063 1978/4398/4064 1979/4399/4065 1980/4400/4066
f 1976/4397/4063 1980/4400/4066 1924/4401/169 1977/4402/203
f 1981/4403/4067 1974/4391/4061 1919/4390/164 1918/4404/163
f 1981/4403/4067 1918/4404/163 1855/4405/100 1982/4406/4068
f 1981/4403/4067 1982/4406/4068 1983/4407/4069 1984/4408/4070
f 1981/4403/4067 1984/4408/4070 1975/4392/4062 1974/4391/4061
f 1985/4409/4071 1986/4410/4072 1862/4411/107 1922/4412/167
f 1985/4409/4071 1922/4412/167 1924/4401/169 1980/4400/4066
f 1985/4409/4071 1980/4400/4066 1979/4399/4065 1987/4413/4073
f 1985/4409/4071 1987/4413/4073 1988/4414/4074 1986/4410/4072
f 2285/4415/4075 2286/4416/4076 2287/4417/4077 2288/4418/4078
f 2285/4415/4075 2288/4418/4078 2289/4419/4079 2290/4420/4080
f 2285/4415/4075 2290/4420/4080 2291/4421/4081 2292/4422/4082
f 2285/4415/4075 2292/4422/4082 2293/4423/4083 2286/4416/4076
f 2294/4424/4084 2295/4425/4085 2296/4426/4086 2297/4427/4087
f 2294/4424/4084 2297/4427/4087 2298/4428/4088 2299/4429/4089
f 2294/4424/4084 2299/4429/4089 2300/4430/4090 2301/4431/4091
f 2294/4424/4084 2301/4431/4091 2302/4432/4092 2295/4425/4085
f 2303/4433/4093 2304/4434/4094 2305/4435/4095 2306/4436/4096
f 2303/4437/4093 2306/4438/4096 2287/4417/4077 2286/4416/4076
f 2303/4437/4093 2286/4416/4076 2293/4423/4083 2304/4439/4094
f 2307/4440/4097 2308/4441/4098 2309/4442/4099 2310/4443/4100
f 2307/4444/4097 2310/4445/4100 2298/4428/4088 2297/4427/4087
f 2307/4444/4097 2297/4427/4087 2296/4426/4086 2308/4446/4098
f 2311/4447/4101 2312/4448/4102 2291/4421/4081 2290/4420/4080
f 2311/4447/4101 2290/4420/4080 2289/4419/4079 2313/4449/4103
f 2311/4447/4101 2313/4449/4103 2314/4450/4104 2315/4451/4105
f 2311/4447/4101 2315/4451/4105 2316/4452/4106 2312/4448/4102
f 2317/4453/4107 2318/4454/4108 2302/4432/4092 2301/4431/4091
f 2317/4453/4107 2301/4431/4091 2300/4430/4090 2319/4455/4109
f 2317/4453/4107 2319/4455/4109 2320/4456/4110 2321/4457/4111
f 2317/4453/4107 2321/4457/4111 2322/4458/4112 2318/4454/4108
f 2323/4459/4113 2324/4460/4114 2316/4452/4106 2315/4451/4105
f 2323/4459/4113 2315/4451/4105 2314/4450/4104 2325/4461/4115
f 2323/4459/4113 2325/4461/4115 2326/4462/4116 2327/4463/4117
f 2323/4459/4113 2327/4463/4117 2328/4464/4118 2324/4460/4114
f 2329/4465/4119 2330/4466/4120 2322/4458/4112 2321/4457/4111
f 2329/4465/4119 2321/4457/4111 2320/4456/4110 2331/4467/4121
f 2329/4465/4119 2331/4467/4121 2332/4468/4122 2333/4469/4123
f 2329/4465/4119 2333/4469/4123 2334/4470/4124 2330/4466/4120
f 2335/4471/4125 2312/4448/4102 2316/4452/4106 2336/4472/4126
f 2335/4473/4125 2336/4474/4126 2337/4475/4127 2338/4476/4128
f 2335/4473/4125 2338/4476/4128 2339/4477/4129 2340/4478/4130
f 2335/4471/4125 2340/4479/4130 2291/4421/4081 2312/4448/4102
f 2341/4480/4131 2342/4481/4132 2343/4482/4133 2344/4483/4134
f 2341/4484/4131 2344/4485/4134 2320/4456/4110 2319/4455/4109
f 2341/4484/4131 2319/4455/4109 2300/4430/4090 2345/4486/4135
f 2341/4480/4131 2345/4487/4135 2346/4488/4136 2342/4481/4132
f 2347/4489/4137 2340/4478/4130 2339/4477/4129 2348/4490/4138
f 2347/4489/4137 2348/4490/4138 2349/4491/4139 2350/4492/4140
f 2347/4493/4137 2350/4494/4140 2293/4423/4083 2292/4422/4082
f 2347/4493/4137 2292/4422/4082 2291/4421/4081 2340/4479/4130
f 2351/4495/4141 2345/4486/4135 2300/4430/4090 2299/4429/4089
f 2351/4495/4141 2299/4429/4089 2298/4428/4088 2352/4496/4142
f 2351/4497/4141 2352/4498/4142 2353/4499/4143 2354/4500/4144
f 2351/4497/4141 2354/4500/4144 2346/4488/4136 2345/4487/4135
f 2355/4501/4145 2356/4502/4146 2293/4503/4083 2350/4504/4140
f 2355/4505/4145 2350/4492/4140 2349/4491/4139 2357/4506/4147
f 2355/4501/4145 2357/4507/4147 2358/4508/4148 2359/4509/4149
f 2355/4501/4145 2359/4509/4149 2360/4510/4150 2356/4502/4146
f 2361/4511/4151 2362/4512/4152 2353/4499/4143 2352/4498/4142
f 2361/4513/4151 2352/4514/4142 2298/4515/4088 2363/4516/4153
f 2361/4513/4151 2363/4516/4153 2364/4517/4154 2365/4518/4155
f 2361/4513/4151 2365/4518/4155 2366/4519/4156 2362/4520/4152
f 2367/4521/4157 2304/4434/4094 2293/4503/4083 2356/4502/4146
f 2367/4521/4157 2356/4502/4146 2360/4510/4150 2368/4522/4158
f 2367/4521/4157 2368/4522/4158 2369/4523/4159 2370/4524/4160
f 2367/4521/4157 2370/4524/4160 2305/4435/4095 2304/4434/4094
f 2371/4525/4161 2372/4526/4162 2364/4517/4154 2363/4516/4153
f 2371/4525/4161 2363/4516/4153 2298/4515/4088 2310/4443/4100
f 2371/4525/4161 2310/4443/4100 2309/4442/4099 2373/4527/4163
f 2371/4525/4161 2373/4527/4163 2374/4528/4164 2372/4526/4162
f 2375/4529/4165 2376/4530/4166 2305/4435/4095 2370/4524/4160
f 2375/4529/4165 2370/4524/4160 2369/4523/4159 2377/4531/4167
f 2375/4529/4165 2377/4531/4167 2378/4532/4168 2379/4533/4169
f 2375/4529/4165 2379/4533/4169 2380/4534/4170 2376/4530/4166
f 2381/4535/4171 2382/4536/4172 2374/4528/4164 2373/4527/4163
f 2381/4535/4171 2373/4527/4163 2309/4442/4099 2383/4537/4173
f 2381/4535/4171 2383/4537/4173 2384/4538/4174 2385/4539/4175
f 2381/4535/4171 2385/4539/4175 2386/4540/4176 2382/4536/4172
f 2387/4541/4177 2379/4533/4169 2378/4532/4168 2388/4542/4178
f 2387/4541/4177 2388/4542/4178 2389/4543/4179 2390/4544/4180
f 2387/4541/4177 2390/4544/4180 2380/4534/4170 2379/4533/4169
f 2391/4545/4181 2392/4546/4182 2386/4540/4176 2385/4539/4175
f 2391/4545/4181 2385/4539/4175 2384/4538/4174 2393/4547/4183
f 2391/4545/4181 2393/4547/4183 2394/4548/4184 2392/4546/4182
f 2395/4549/4185 2388/4542/4178 2378/4532/4168 2396/4550/4186
f 2395/4549/4185 2396/4550/4186 2397/4551/4187 2398/4552/4188
f 2395/4549/4185 2398/4552/4188 2399/4553/4189 2400/4554/4190
f 2395/4549/4185 2400/4554/4190 2389/4543/4179 2388/4542/4178
f 2401/4555/4191 2402/4556/4192 2403/4557/4193 2404/4558/4194
f 2401/4555/4191 2404/4558/4194 2386/4540/4176 2392/4546/4182
f 2401/4555/4191 2392/4546/4182 2394/4548/4184 2405/4559/4195
f 2401/4555/4191 2405/4559/4195 2406/4560/4196 2402/4556/4192
f 2407/4561/4197 2408/4562/4198 2399/4553/4189 2398/4552/4188
f 2407/4561/4197 2398/4552/4188 2397/4551/4187 2409/4563/4199
f 2407/4561/4197 2409/4563/4199 2410/4564/4200 2411/4565/4201
f 2407/4561/4197 2411/4565/4201 2412/4566/4202 2408/4562/4198
f 2413/4567/4203 2414/4568/4204 2403/4557/4193 2402/4556/4192
f 2413/4567/4203 2402/4556/4192 2406/4560/4196 2415/4569/4205
f 2413/4567/4203 2415/4569/4205 2416/4570/4206 2417/4571/4207
f 2413/4567/4203 2417/4571/4207 2418/4572/4208 2414/4568/4204
f 2419/4573/4209 2409/4563/4199 2397/4551/4187 2396/4550/4186
f 2419/4573/4209 2396/4550/4186 2378/4532/4168 2377/4531/4167
f 2419/4573/4209 2377/4531/4167 2369/4523/4159 2420/4574/4210
f 2419/4573/4209 2420/4574/4210 2410/4564/4200 2409/4563/4199
f 2421/4575/4211 2382/4536/4172 2386/4540/4176 2404/4558/4194
f 2421/4575/4211 2404/4558/4194 2403/4557/4193 2414/4568/4204
f 2421/4575/4211 2414/4568/4204 2418/4572/4208 2422/4576/4212
f 2421/4575/4211 2422/4576/4212 2374/4528/4164 2382/4536/4172
f 2423/4577/4213 2420/4574/4210 2369/4523/4159 2424/4578/4214
f 2423/4577/4213 2424/4578/4214 2425/4579/4215 2426/4580/4216
f 2423/4577/4213 2426/4580/4216 2427/4581/4217 2428/4582/4218
f 2423/4577/4213 2428/4582/4218 2410/4564/4200 2420/4574/4210
f 2429/4583/4219 2430/4584/4220 2431/4585/4221 2432/4586/4222
f 2429/4583/4219 2432/4586/4222 2374/4528/4164 2422/4576/4212
f 2429/4583/4219 2422/4576/4212 2418/4572/4208 2433/4587/4223
f 2429/4583/4219 2433/4587/4223 2434/4588/4224 2430/4584/4220
f 2435/4589/4225 2436/4590/4226 2425/4579/4215 2424/4578/4214
f 2435/4589/4225 2424/4578/4214 2369/4523/4159 2368/4522/4158
f 2435/4589/4225 2368/4522/4158 2360/4510/4150 2437/4591/4227
f 2435/4589/4225 2437/4591/4227 2438/4592/4228 2436/4590/4226
f 2439/4593/4229 2372/4526/4162 2374/4528/4164 2432/4586/4222
f 2439/4593/4229 2432/4586/4222 2431/4585/4221 2440/4594/4230
f 2439/4593/4229 2440/4594/4230 2441/4595/4231 2442/4596/4232
f 2439/4593/4229 2442/4596/4232 2364/4517/4154 2372/4526/4162
f 2443/4597/4233 2444/4598/4234 2438/4592/4228 2437/4591/4227
f 2443/4597/4233 2437/4591/4227 2360/4510/4150 2359/4509/4149
f 2443/4597/4233 2359/4509/4149 2358/4508/4148 2445/4599/4235
f 2443/4597/4233 2445/4599/4235 2446/4600/4236 2444/4598/4234
f 2447/4601/4237 2365/4518/4155 2364/4517/4154 2442/4596/4232
f 2447/4601/4237 2442/4596/4232 2441/4595/4231 2448/4602/4238
f 2447/4601/4237 2448/4602/4238 2449/4603/4239 2450/4604/4240
f 2447/4601/4237 2450/4604/4240 2366/4519/4156 2365/4518/4155
f 2451/4605/4241 2452/4606/4242 2412/4566/4202 2453/4607/4243
f 2451/4605/4241 2453/4607/4243 2454/4608/4244 2455/4609/4245
f 2451/4605/4241 2455/4609/4245 2456/4610/4246 2452/4606/4242
f 2457/4611/4247 2458/4612/4248 2416/4570/4206 2459/4613/4249
f 2457/4611/4247 2459/4613/4249 2460/4614/4250 2461/4615/4251
f 2457/4611/4247 2461/4615/4251 2462/4616/4252 2458/4612/4248
f 2463/4617/4253 2453/4607/4243 2412/4566/4202 2411/4565/4201
f 2463/4617/4253 2411/4565/4201 2410/4564/4200 2428/4582/4218
f 2463/4617/4253 2428/4582/4218 2427/4581/4217 2464/4618/4254
f 2463/4617/4253 2464/4618/4254 2454/4608/4244 2453/4607/4243
f 2465/4619/4255 2433/4587/4223 2418/4572/4208 2417/4571/4207
f 2465/4619/4255 2417/4571/4207 2416/4570/4206 2458/4612/4248
f 2465/4619/4255 2458/4612/4248 2462/4616/4252 2466/4620/4256
f 2465/4619/4255 2466/4620/4256 2434/4588/4224 2433/4587/4223
f 2467/4621/4257 2468/4622/4258 2399/4553/4189 2408/4562/4198
f 2467/4621/4257 2408/4562/4198 2412/4566/4202 2469/4623/4259
f 2467/4621/4257 2469/4623/4259 2470/4624/4260 2468/4622/4258
f 2471/4625/4261 2415/4569/4205 2406/4560/4196 2472/4626/4262
f 2471/4625/4261 2472/4626/4262 2473/4627/4263 2474/4628/4264
f 2471/4625/4261 2474/4628/4264 2416/4570/4206 2415/4569/4205
f 2475/4629/4265 2452/4606/4242 2456/4610/4246 2476/4630/4266
f 2475/4629/4265 2476/4630/4266 2470/4624/4260 2469/4623/4259
f 2475/4629/4265 2469/4623/4259 2412/4566/4202 2452/4606/4242
f 2477/4631/4267 2478/4632/4268 2460/4614/4250 2459/4613/4249
f 2477/4631/4267 2459/4613/4249 2416/4570/4206 2474/4628/4264
f 2477/4631/4267 2474/4628/4264 2473/4627/4263 2478/4632/4268
f 2479/4633/4269 2480/4634/4270 2470/4624/4260 2476/4630/4266
f 2479/4633/4269 2476/4630/4266 2456/4610/4246 2481/4635/4271
f 2479/4633/4269 2481/4635/4271 2482/4636/4272 2480/4634/4270
f 2483/4637/4273 2478/4632/4268 2473/4627/4263 2484/4638/4274
f 2483/4637/4273 2484/4638/4274 2485/4639/4275 2486/4640/4276
f 2483/4637/4273 2486/4640/4276 2460/4614/4250 2478/4632/4268
f 2487/4641/4277 2480/4634/4270 2482/4636/4272 2488/4642/4278
f 2487/4641/4277 2488/4642/4278 2489/4643/4279 2490/4644/4280
f 2487/4641/4277 2490/4644/4280 2470/4624/4260 2480/4634/4270
f 2491/4645/4281 2492/4646/4282 2485/4639/4275 2484/4638/4274
f 2491/4645/4281 2484/4638/4274 2473/4627/4263 2493/4647/4283
f 2491/4645/4281 2493/4647/4283 2494/4648/4284 2492/4646/4282
f 2495/4649/4285 2488/4642/4278 2482/4636/4272 2496/4650/4286
f 2495/4649/4285 2496/4650/4286 2497/4651/4287 2498/4652/4288
f 2495/4649/4285 2498/4652/4288 2499/4653/4289 2500/4654/4290
f 2495/4649/4285 2500/4654/4290 2489/4643/4279 2488/4642/4278
f 2501/4655/4291 2502/4656/4292 2503/4657/4293 2504/4658/4294
f 2501/4655/4291 2504/4658/4294 2485/4639/4275 2492/4646/4282
f 2501/4655/4291 2492/4646/4282 2494/4648/4284 2505/4659/4295
f 2501/4655/4291 2505/4659/4295 2506/4660/4296 2502/4656/4292
f 2507/4661/4297 2498/4652/4288 2497/4651/4287 2508/4662/4298
f 2507/4661/4297 2508/4662/4298 2509/4663/4299 2510/4664/4300
f 2507/4661/4297 2510/4664/4300 2511/4665/4301 2512/4666/4302
f 2507/4661/4297 2512/4666/4302 2499/4653/4289 2498/4652/4288
f 2513/4667/4303 2514/4668/4304 2515/4669/4305 2516/4670/4306
f 2513/4667/4303 2516/4670/4306 2503/4657/4293 2502/4656/4292
f 2513/4667/4303 2502/4656/4292 2506/4660/4296 2517/4671/4307
f 2513/4667/4303 2517/4671/4307 2518/4672/4308 2514/4668/4304
f 2519/4673/4309 2520/4674/4310 2521/4675/4311 2522/4676/4312
f 2519/4673/4309 2522/4676/4312 2511/4665/4301 2510/4664/4300
f 2519/4673/4309 2510/4664/4300 2509/4663/4299 2520/4674/4310
f 2523/4677/4313 2524/4678/4314 2525/4679/4315 2526/4680/4316
f 2523/4677/4313 2526/4680/4316 2515/4669/4305 2514/4668/4304
f 2523/4677/4313 2514/4668/4304 2518/4672/4308 2524/4678/4314
f 2527/4681/4317 2528/4682/4318 2511/4665/4301 2522/4676/4312
f 2527/4681/4317 2522/4676/4312 2521/4675/4311 2529/4683/4319
f 2527/4681/4317 2529/4683/4319 2530/4684/4320 2528/4682/4318
f 2531/4685/4321 2524/4678/4314 2518/4672/4308 2532/4686/4322
f 2531/4685/4321 2532/4686/4322 2533/4687/4323 2534/4688/4324
f 2531/4685/4321 2534/4688/4324 2525/4679/4315 2524/4678/4314
f 2535/4689/4325 2528/4682/4318 2530/4684/4320 2536/4690/4326
f 2535/4689/4325 2536/4690/4326 2537/4691/4327 2538/4692/4328
f 2535/4689/4325 2538/4692/4328 2511/4665/4301 2528/4682/4318
f 2539/4693/4329 2540/4694/4330 2533/4687/4323 2532/4686/4322
f 2539/4693/4329 2532/4686/4322 2518/4672/4308 2541/4695/4331
f 2539/4693/4329 2541/4695/4331 2542/4696/4332 2540/4694/4330
f 2543/4697/4333 2536/4690/4326 2530/4684/4320 2544/4698/4334
f 2543/4697/4333 2544/4698/4334 2545/4699/4335 2546/4700/4336
f 2543/4697/4333 2546/4700/4336 2547/4701/4337 2548/4702/4338
f 2543/4697/4333 2548/4702/4338 2537/4691/4327 2536/4690/4326
f 2549/4703/4339 2550/4704/4340 2551/4705/4341 2552/4706/4342
f 2549/4703/4339 2552/4706/4342 2533/4687/4323 2540/4694/4330
f 2549/4703/4339 2540/4694/4330 2542/4696/4332 2553/4707/4343
f 2549/4703/4339 2553/4707/4343 2554/4708/4344 2550/4704/4340
f 2555/4709/4345 2556/4710/4346 2389/4543/4179 2557/4711/4347
f 2555/4709/4345 2557/4711/4347 2558/4712/4348 2559/4713/4349
f 2555/4709/4345 2559/4713/4349 2560/4714/4350 2561/4715/4351
f 2555/4709/4345 2561/4715/4351 2537/4691/4327 2556/4710/4346
f 2562/4716/4352 2563/4717/4353 2564/4718/4354 2565/4719/4355
f 2562/4716/4352 2565/4719/4355 2394/4548/4184 2566/4720/4356
f 2562/4716/4352 2566/4720/4356 2542/4696/4332 2567/4721/4357
f 2562/4716/4352 2567/4721/4357 2568/4722/4358 2563/4717/4353
f 2569/4723/4359 2570/4724/4360 2511/4665/4301 2538/4692/4328
f 2569/4723/4359 2538/4692/4328 2537/4691/4327 2561/4715/4351
f 2569/4723/4359 2561/4715/4351 2560/4714/4350 2570/4724/4360
f 2571/4725/4361 2541/4695/4331 2518/4672/4308 2572/4726/4362
f 2571/4725/4361 2572/4726/4362 2568/4722/4358 2567/4721/4357
f 2571/4725/4361 2567/4721/4357 2542/4696/4332 2541/4695/4331
f 2573/4727/4363 2570/4724/4360 2560/4714/4350 2574/4728/4364
f 2573/4727/4363 2574/4728/4364 2499/4653/4289 2512/4666/4302
f 2573/4727/4363 2512/4666/4302 2511/4665/4301 2570/4724/4360
f 2575/4729/4365 2576/4730/4366 2568/4722/4358 2572/4726/4362
f 2575/4729/4365 2572/4726/4362 2518/4672/4308 2517/4671/4307
f 2575/4729/4365 2517/4671/4307 2506/4660/4296 2576/4730/4366
f 2577/4731/4367 2500/4654/4290 2499/4653/4289 2574/4728/4364
f 2577/4731/4367 2574/4728/4364 2560/4714/4350 2559/4713/4349
f 2577/4731/4367 2559/4713/4349 2558/4712/4348 2578/4732/4368
f 2577/4731/4367 2578/4732/4368 2489/4643/4279 2500/4654/4290
f 2579/4733/4369 2563/4717/4353 2568/4722/4358 2576/4730/4366
f 2579/4733/4369 2576/4730/4366 2506/4660/4296 2505/4659/4295
f 2579/4733/4369 2505/4659/4295 2494/4648/4284 2580/4734/4370
f 2579/4733/4369 2580/4734/4370 2564/4718/4354 2563/4717/4353
f 2581/4735/4371 2582/4736/4372 2489/4643/4279 2578/4732/4368
f 2581/4735/4371 2578/4732/4368 2558/4712/4348 2557/4711/4347
f 2581/4735/4371 2557/4711/4347 2389/4543/4179 2582/4736/4372
f 2583/4737/4373 2580/4734/4370 2494/4648/4284 2584/4738/4374
f 2583/4737/4373 2584/4738/4374 2394/4548/4184 2565/4719/4355
f 2583/4737/4373 2565/4719/4355 2564/4718/4354 2580/4734/4370
f 2585/4739/4375 2582/4736/4372 2389/4543/4179 2586/4740/4376
f 2585/4739/4375 2586/4740/4376 2470/4624/4260 2490/4644/4280
f 2585/4739/4375 2490/4644/4280 2489/4643/4279 2582/4736/4372
f 2587/4741/4377 2588/4742/4378 2394/4548/4184 2584/4738/4374
f 2587/4741/4377 2584/4738/4374 2494/4648/4284 2493/4647/4283
f 2587/4741/4377 2493/4647/4283 2473/4627/4263 2588/4742/4378
f 2589/4743/4379 2468/4622/4258 2470/4624/4260 2586/4740/4376
f 2589/4743/4379 2586/4740/4376 2389/4543/4179 2400/4554/4190
f 2589/4743/4379 2400/4554/4190 2399/4553/4189 2468/4622/4258
f 2590/4744/4380 2588/4742/4378 2473/4627/4263 2472/4626/4262
f 2590/4744/4380 2472/4626/4262 2406/4560/4196 2405/4559/4195
f 2590/4744/4380 2405/4559/4195 2394/4548/4184 2588/4742/4378
f 2591/4745/4381 2529/4683/4319 2521/4675/4311 2592/4746/4382
f 2591/4745/4381 2592/4746/4382 2593/4747/4383 2594/4748/4384
f 2591/4745/4381 2594/4748/4384 2545/4699/4335 2544/4698/4334
f 2591/4745/4381 2544/4698/4334 2530/4684/4320 2529/4683/4319
f 2595/4749/4385 2596/4750/4386 2597/4751/4387 2598/4752/4388
f 2595/4749/4385 2598/4752/4388 2525/4679/4315 2534/4688/4324
f 2595/4749/4385 2534/4688/4324 2533/4687/4323 2552/4706/4342
f 2595/4749/4385 2552/4706/4342 2551/4705/4341 2596/4750/4386
f 2599/4753/4389 2600/4754/4390 2547/4701/4337 2546/4700/4336
f 2599/4753/4389 2546/4700/4336 2545/4699/4335 2594/4748/4384
f 2599/4753/4389 2594/4748/4384 2593/4747/4383 2600/4754/4390
f 2601/4755/4391 2550/4704/4340 2554/4708/4344 2602/4756/4392
f 2601/4755/4391 2602/4756/4392 2597/4751/4387 2596/4750/4386
f 2601/4755/4391 2596/4750/4386 2551/4705/4341 2550/4704/4340
f 2603/4757/4393 2604/4758/4394 2537/4691/4327 2548/4702/4338
f 2603/4757/4393 2548/4702/4338 2547/4701/4337 2605/4759/4395
f 2603/4757/4393 2605/4759/4395 2606/4760/4396 2607/4761/4397
f 2603/4757/4393 2607/4761/4397 2608/4762/4398 2604/4758/4394
f 2609/4763/4399 2610/4764/4400 2554/4708/4344 2553/4707/4343
f 2609/4763/4399 2553/4707/4343 2542/4696/4332 2611/4765/4401
f 2609/4763/4399 2611/4765/4401 2612/4766/4402 2613/4767/4403
f 2609/4763/4399 2613/4767/4403 2614/4768/4404 2610/4764/4400
f 2615/4769/4405 2556/4710/4346 2537/4691/4327 2604/4758/4394
f 2615/4769/4405 2604/4758/4394 2608/4762/4398 2616/4770/4406
f 2615/4769/4405 2616/4770/4406 2380/4534/4170 2390/4544/4180
f 2615/4769/4405 2390/4544/4180 2389/4543/4179 2556/4710/4346
f 2617/4771/4407 2618/4772/4408 2612/4766/4402 2611/4765/4401
f 2617/4771/4407 2611/4765/4401 2542/4696/4332 2566/4720/4356
f 2617/4771/4407 2566/4720/4356 2394/4548/4184 2393/4547/4183
f 2617/4771/4407 2393/4547/4183 2384/4538/4174 2618/4772/4408
f 2619/4773/4409 2616/4770/4406 2608/4762/4398 2620/4774/4410
f 2619/4773/4409 2620/4774/4410 2621/4775/4411 2622/4776/4412
f 2619/4773/4409 2622/4776/4412 2305/4435/4095 2376/4530/4166
f 2619/4773/4409 2376/4530/4166 2380/4534/4170 2616/4770/4406
f 2623/4777/4413 2624/4778/4414 2625/4779/4415 2626/4780/4416
f 2623/4777/4413 2626/4780/4416 2612/4766/4402 2618/4772/4408
f 2623/4777/4413 2618/4772/4408 2384/4538/4174 2383/4537/4173
f 2623/4777/4413 2383/4537/4173 2309/4442/4099 2624/4778/4414
f 2627/4781/4417 2306/4436/4096 2305/4435/4095 2622/4776/4412
f 2627/4781/4417 2622/4776/4412 2621/4775/4411 2628/4782/4418
f 2627/4783/4417 2628/4784/4418 2629/4785/4419 2630/4786/4420
f 2627/4783/4417 2630/4786/4420 2287/4417/4077 2306/4438/4096
f 2631/4787/4421 2632/4788/4422 2625/4779/4415 2624/4778/4414
f 2631/4787/4421 2624/4778/4414 2309/4442/4099 2308/4441/4098
f 2631/4789/4421 2308/4446/4098 2296/4426/4086 2633/4790/4423
f 2631/4789/4421 2633/4790/4423 2634/4791/4424 2632/4792/4422
f 2635/4793/4425 2620/4774/4410 2608/4762/4398 2607/4761/4397
f 2635/4793/4425 2607/4761/4397 2606/4760/4396 2636/4794/4426
f 2635/4793/4425 2636/4794/4426 2637/4795/4427 2638/4796/4428
f 2635/4793/4425 2638/4796/4428 2621/4775/4411 2620/4774/4410
f 2639/4797/4429 2640/4798/4430 2614/4768/4404 2613/4767/4403
f 2639/4797/4429 2613/4767/4403 2612/4766/4402 2626/4780/4416
f 2639/4797/4429 2626/4780/4416 2625/4779/4415 2641/4799/4431
f 2639/4797/4429 2641/4799/4431 2642/4800/4432 2640/4798/4430
f 2643/4801/4433 2605/4759/4395 2547/4701/4337 2644/4802/4434
f 2643/4801/4433 2644/4802/4434 2645/4803/4435 2646/4804/4436
f 2643/4801/4433 2646/4804/4436 2647/4805/4437 2648/4806/4438
f 2643/4801/4433 2648/4806/4438 2606/4760/4396 2605/4759/4395
f 2649/4807/4439 2650/4808/4440 2651/4809/4441 2652/4810/4442
f 2649/4807/4439 2652/4810/4442 2554/4708/4344 2610/4764/4400
f 2649/4807/4439 2610/4764/4400 2614/4768/4404 2653/4811/4443
f 2649/4807/4439 2653/4811/4443 2654/4812/4444 2650/4808/4440
f 2655/4813/4445 2656/4814/4446 2645/4803/4435 2644/4802/4434
f 2655/4813/4445 2644/4802/4434 2547/4701/4337 2657/4815/4447
f 2655/4813/4445 2657/4815/4447 2658/4816/4448 2659/4817/4449
f 2655/4813/4445 2659/4817/4449 2660/4818/4450 2656/4814/4446
f 2661/4819/4451 2662/4820/4452 2554/4708/4344 2652/4810/4442
f 2661/4819/4451 2652/4810/4442 2651/4809/4441 2663/4821/4453
f 2661/4819/4451 2663/4821/4453 2664/4822/4454 2665/4823/4455
f 2661/4819/4451 2665/4823/4455 2666/4824/4456 2662/4820/4452
f 2667/4825/4457 2668/4826/4458 2629/4785/4419 2628/4784/4418
f 2667/4827/4457 2628/4782/4418 2621/4775/4411 2638/4796/4428
f 2667/4827/4457 2638/4796/4428 2637/4795/4427 2669/4828/4459
f 2667/4825/4457 2669/4829/4459 2670/4830/4460 2668/4826/4458
f 2671/4831/4461 2641/4799/4431 2625/4779/4415 2632/4788/4422
f 2671/4832/4461 2632/4792/4422 2634/4791/4424 2672/4833/4462
f 2671/4832/4461 2672/4833/4462 2673/4834/4463 2674/4835/4464
f 2671/4831/4461 2674/4836/4464 2642/4800/4432 2641/4799/4431
f 2675/4837/4465 2636/4794/4426 2606/4760/4396 2648/4806/4438
f 2675/4837/4465 2648/4806/4438 2647/4805/4437 2676/4838/4466
f 2675/4837/4465 2676/4838/4466 2677/4839/4467 2678/4840/4468
f 2675/4837/4465 2678/4840/4468 2637/4795/4427 2636/4794/4426
f 2679/4841/4469 2680/4842/4470 2654/4812/4444 2653/4811/4443
f 2679/4841/4469 2653/4811/4443 2614/4768/4404 2640/4798/4430
f 2679/4841/4469 2640/4798/4430 2642/4800/4432 2681/4843/4471
f 2679/4841/4469 2681/4843/4471 2682/4844/4472 2680/4842/4470
f 2683/4845/4473 2684/4846/4474 2647/4805/4437 2646/4804/4436
f 2683/4845/4473 2646/4804/4436 2645/4803/4435 2656/4814/4446
f 2683/4845/4473 2656/4814/4446 2660/4818/4450 2685/4847/4475
f 2683/4845/4473 2685/4847/4475 2686/4848/4476 2684/4846/4474
f 2687/4849/4477 2663/4821/4453 2651/4809/4441 2650/4808/4440
f 2687/4849/4477 2650/4808/4440 2654/4812/4444 2688/4850/4478
f 2687/4849/4477 2688/4850/4478 2689/4851/4479 2690/4852/4480
f 2687/4849/4477 2690/4852/4480 2664/4822/4454 2663/4821/4453
f 2691/4853/4481 2692/4854/4482 2686/4848/4476 2685/4847/4475
f 2691/4853/4481 2685/4847/4475 2660/4818/4450 2659/4817/4449
f 2691/4853/4481 2659/4817/4449 2658/4816/4448 2693/4855/4483
f 2691/4853/4481 2693/4855/4483 2694/4856/4484 2692/4854/4482
f 2695/4857/4485 2665/4823/4455 2664/4822/4454 2690/4852/4480
f 2695/4857/4485 2690/4852/4480 2689/4851/4479 2696/4858/4486
f 2695/4857/4485 2696/4858/4486 2697/4859/4487 2698/4860/4488
f 2695/4857/4485 2698/4860/4488 2666/4824/4456 2665/4823/4455
f 2699/4861/4489 2700/4862/4490 2701/4863/4491 2702/4864/4492
f 2699/4861/4489 2702/4864/4492 2694/4856/4484 2693/4855/4483
f 2699/4861/4489 2693/4855/4483 2658/4816/4448 2700/4862/4490
f 2703/4865/4493 2704/4866/4494 2705/4867/4495 2706/4868/4496
f 2703/4865/4493 2706/4868/4496 2666/4824/4456 2698/4860/4488
f 2703/4865/4493 2698/4860/4488 2697/4859/4487 2704/4866/4494
f 2707/4869/4497 2692/4854/4482 2694/4856/4484 2708/4870/4498
f 2707/4869/4497 2708/4870/4498 2709/4871/4499 2710/4872/4500
f 2707/4869/4497 2710/4872/4500 2711/4873/4501 2712/4874/4502
f 2707/4869/4497 2712/4874/4502 2686/4848/4476 2692/4854/4482
f 2713/4875/4503 2714/4876/4504 2715/4877/4505 2716/4878/4506
f 2713/4875/4503 2716/4878/4506 2697/4859/4487 2696/4858/4486
f 2713/4875/4503 2696/4858/4486 2689/4851/4479 2717/4879/4507
f 2713/4875/4503 2717/4879/4507 2718/4880/4508 2714/4876/4504
f 2719/4881/4509 2720/4882/4510 2721/4883/4511 2722/4884/4512
f 2719/4881/4509 2722/4884/4512 2709/4871/4499 2708/4870/4498
f 2719/4881/4509 2708/4870/4498 2694/4856/4484 2720/4882/4510
f 2723/4885/4513 2724/4886/4514 2725/4887/4515 2726/4888/4516
f 2723/4885/4513 2726/4888/4516 2697/4859/4487 2716/4878/4506
f 2723/4885/4513 2716/4878/4506 2715/4877/4505 2724/4886/4514
f 2727/4889/4517 2720/4882/4510 2694/4856/4484 2702/4864/4492
f 2727/4889/4517 2702/4864/4492 2701/4863/4491 2728/4890/4518
f 2727/4889/4517 2728/4890/4518 2721/4883/4511 2720/4882/4510
f 2729/4891/4519 2704/4866/4494 2697/4859/4487 2726/4888/4516
f 2729/4891/4519 2726/4888/4516 2725/4887/4515 2730/4892/4520
f 2729/4891/4519 2730/4892/4520 2705/4867/4495 2704/4866/4494
f 2731/4893/4521 2732/4894/4522 2721/4883/4511 2728/4890/4518
f 2731/4893/4521 2728/4890/4518 2701/4863/4491 2733/4895/4523
f 2731/4893/4521 2733/4895/4523 2593/4747/4383 2734/4896/4524
f 2731/4893/4521 2734/4896/4524 2735/4897/4525 2732/4894/4522
f 2736/4898/4526 2737/4899/4527 2705/4867/4495 2730/4892/4520
f 2736/4898/4526 2730/4892/4520 2725/4887/4515 2738/4900/4528
f 2736/4898/4526 2738/4900/4528 2739/4901/4529 2740/4902/4530
f 2736/4898/4526 2740/4902/4530 2597/4751/4387 2737/4899/4527
f 2741/4903/4531 2710/4904/4500 2709/4905/4499 2742/4906/4532
f 2741/4903/4531 2742/4906/4532 2743/4907/4533 2744/4908/4534
f 2741/4903/4531 2744/4908/4534 2745/4909/4535 2746/4910/4536
f 2741/4903/4531 2746/4910/4536 2711/4911/4501 2710/4904/4500
f 2747/4912/4537 2748/4913/4538 2715/4914/4505 2714/4915/4504
f 2747/4912/4537 2714/4915/4504 2718/4916/4508 2749/4917/4539
f 2747/4912/4537 2749/4917/4539 2750/4918/4540 2751/4919/4541
f 2747/4912/4537 2751/4919/4541 2752/4920/4542 2748/4913/4538
f 2753/4921/4543 2712/4874/4502 2711/4873/4501 2746/4922/4536
f 2753/4921/4543 2746/4922/4536 2745/4923/4535 2754/4924/4544
f 2753/4921/4543 2754/4924/4544 2647/4805/4437 2684/4846/4474
f 2753/4921/4543 2684/4846/4474 2686/4848/4476 2712/4874/4502
f 2755/4925/4545 2756/4926/4546 2750/4927/4540 2749/4928/4539
f 2755/4925/4545 2749/4928/4539 2718/4880/4508 2717/4879/4507
f 2755/4925/4545 2717/4879/4507 2689/4851/4479 2688/4850/4478
f 2755/4925/4545 2688/4850/4478 2654/4812/4444 2756/4926/4546
f 2757/4929/4547 2754/4924/4544 2745/4923/4535 2758/4930/4548
f 2757/4929/4547 2758/4930/4548 2759/4931/4549 2760/4932/4550
f 2757/4929/4547 2760/4932/4550 2677/4839/4467 2676/4838/4466
f 2757/4929/4547 2676/4838/4466 2647/4805/4437 2754/4924/4544
f 2761/4933/4551 2762/4934/4552 2763/4935/4553 2764/4936/4554
f 2761/4933/4551 2764/4936/4554 2750/4927/4540 2756/4926/4546
f 2761/4933/4551 2756/4926/4546 2654/4812/4444 2680/4842/4470
f 2761/4933/4551 2680/4842/4470 2682/4844/4472 2762/4934/4552
f 2765/4937/4555 2678/4840/4468 2677/4839/4467 2766/4938/4556
f 2765/4939/4555 2766/4940/4556 2767/4941/4557 2768/4942/4558
f 2765/4939/4555 2768/4942/4558 2670/4830/4460 2669/4829/4459
f 2765/4937/4555 2669/4828/4459 2637/4795/4427 2678/4840/4468
f 2769/4943/4559 2770/4944/4560 2682/4844/4472 2681/4843/4471
f 2769/4943/4559 2681/4843/4471 2642/4800/4432 2674/4836/4464
f 2769/4945/4559 2674/4835/4464 2673/4834/4463 2771/4946/4561
f 2769/4945/4559 2771/4946/4561 2772/4947/4562 2770/4948/4560
f 2773/4949/4563 2774/4950/4564 2775/4951/4565 2776/4952/4566
f 2773/4949/4563 2776/4952/4566 2759/4953/4549 2758/4954/4548
f 2773/4949/4563 2758/4954/4548 2745/4909/4535 2744/4908/4534
f 2773/4949/4563 2744/4908/4534 2743/4907/4533 2774/4950/4564
f 2777/4955/4567 2778/4956/4568 2779/4957/4569 2780/4958/4570
f 2777/4955/4567 2780/4958/4570 2752/4920/4542 2751/4919/4541
f 2777/4955/4567 2751/4919/4541 2750/4918/4540 2764/4959/4554
f 2777/4955/4567 2764/4959/4554 2763/4960/4553 2778/4956/4568
f 2781/4961/4571 2774/4950/4564 2743/4907/4533 2782/4962/4572
f 2781/4961/4571 2782/4962/4572 2783/4963/4573 2784/4964/4574
f 2781/4961/4571 2784/4964/4574 2785/4965/4575 2786/4966/4576
f 2781/4961/4571 2786/4966/4576 2775/4951/4565 2774/4950/4564
f 2787/4967/4577 2788/4968/4578 2752/4920/4542 2780/4958/4570
f 2787/4967/4577 2780/4958/4570 2779/4957/4569 2789/4969/4579
f 2787/4967/4577 2789/4969/4579 2790/4970/4580 2791/4971/4581
f 2787/4967/4577 2791/4971/4581 2792/4972/4582 2788/4968/4578
f 2793/4973/4583 2794/4974/4584 2795/4975/4585 2796/4976/4586
f 2793/4973/4583 2796/4976/4586 2783/4963/4573 2782/4962/4572
f 2793/4973/4583 2782/4962/4572 2743/4907/4533 2797/4977/4587
f 2793/4973/4583 2797/4977/4587 2735/4978/4525 2794/4974/4584
f 2798/4979/4588 2799/4980/4589 2792/4972/4582 2791/4971/4581
f 2798/4979/4588 2791/4971/4581 2790/4970/4580 2800/4981/4590
f 2798/4979/4588 2800/4981/4590 2485/4982/4275 2504/4983/4294
f 2798/4979/4588 2504/4983/4294 2503/4984/4293 2799/4980/4589
f 2801/4985/4591 2802/4986/4592 2783/4963/4573 2796/4976/4586
f 2801/4985/4591 2796/4976/4586 2795/4975/4585 2803/4987/4593
f 2801/4985/4591 2803/4987/4593 2509/4988/4299 2802/4986/4592
f 2804/4989/4594 2805/4990/4595 2792/4972/4582 2806/4991/4596
f 2804/4989/4594 2806/4991/4596 2515/4992/4305 2807/4993/4597
f 2804/4989/4594 2807/4993/4597 2808/4994/4598 2805/4990/4595
f 2809/4995/4599 2802/4986/4592 2509/4988/4299 2508/4996/4298
f 2809/4995/4599 2508/4996/4298 2497/4997/4287 2810/4998/4600
f 2809/4995/4599 2810/4998/4600 2783/4963/4573 2802/4986/4592
f 2811/4999/4601 2516/5000/4306 2515/4992/4305 2806/4991/4596
f 2811/4999/4601 2806/4991/4596 2792/4972/4582 2799/4980/4589
f 2811/4999/4601 2799/4980/4589 2503/4984/4293 2516/5000/4306
f 2812/5001/4602 2496/5002/4286 2482/5003/4272 2813/5004/4603
f 2812/5001/4602 2813/5004/4603 2785/4965/4575 2784/4964/4574
f 2812/5001/4602 2784/4964/4574 2783/4963/4573 2810/4998/4600
f 2812/5001/4602 2810/4998/4600 2497/4997/4287 2496/5002/4286
f 2814/5005/4604 2815/5006/4605 2454/5007/4244 2464/5008/4254
f 2814/5005/4604 2464/5008/4254 2427/5009/4217 2426/5010/4216
f 2814/5005/4604 2426/5010/4216 2425/5011/4215 2816/5012/4606
f 2814/5005/4604 2816/5012/4606 2785/4965/4575 2815/5006/4605
f 2817/5013/4607 2466/5014/4256 2462/5015/4252 2818/5016/4608
f 2817/5013/4607 2818/5016/4608 2790/4970/4580 2819/5017/4609
f 2817/5013/4607 2819/5017/4609 2431/5018/4221 2430/5019/4220
f 2817/5013/4607 2430/5019/4220 2434/5020/4224 2466/5014/4256
f 2820/5021/4610 2821/5022/4611 2456/5023/4246 2455/5024/4245
f 2820/5021/4610 2455/5024/4245 2454/5007/4244 2815/5006/4605
f 2820/5021/4610 2815/5006/4605 2785/4965/4575 2821/5022/4611
f 2822/5025/4612 2461/5026/4251 2460/5027/4250 2823/5028/4613
f 2822/5025/4612 2823/5028/4613 2790/4970/4580 2818/5016/4608
f 2822/5025/4612 2818/5016/4608 2462/5015/4252 2461/5026/4251
f 2824/5029/4614 2821/5022/4611 2785/4965/4575 2813/5004/4603
f 2824/5029/4614 2813/5004/4603 2482/5003/4272 2481/5030/4271
f 2824/5029/4614 2481/5030/4271 2456/5023/4246 2821/5022/4611
f 2825/5031/4615 2800/4981/4590 2790/4970/4580 2823/5028/4613
f 2825/5031/4615 2823/5028/4613 2460/5027/4250 2486/5032/4276
f 2825/5031/4615 2486/5032/4276 2485/4982/4275 2800/4981/4590
f 2826/5033/4616 2816/5012/4606 2425/5011/4215 2436/5034/4226
f 2826/5033/4616 2436/5034/4226 2438/5035/4228 2827/5036/4617
f 2826/5033/4616 2827/5036/4617 2775/4951/4565 2786/4966/4576
f 2826/5033/4616 2786/4966/4576 2785/4965/4575 2816/5012/4606
f 2828/5037/4618 2440/5038/4230 2431/5018/4221 2819/5017/4609
f 2828/5037/4618 2819/5017/4609 2790/4970/4580 2789/4969/4579
f 2828/5037/4618 2789/4969/4579 2779/4957/4569 2829/5039/4619
f 2828/5037/4618 2829/5039/4619 2441/5040/4231 2440/5038/4230
f 3661/5041/4620 3662/5042/4621 3655/5043/487 3654/5044/486
f 3661/5041/4620 3654/5044/486 1959/4373/480 1958/4372/4054
f 3661/5041/4620 1958/4372/4054 1957/4371/4053 3663/5045/4622
f 3661/5041/4620 3663/5045/4622 3664/5046/4623 3662/5042/4621
f 3665/5047/4624 1963/4377/4056 1970/4384/483 3660/5048/492
f 3665/5047/4624 3660/5048/492 3659/5049/491 3666/5050/4625
f 3665/5047/4624 3666/5050/4625 3667/5051/4626 3668/5052/4627
f 3665/5047/4624 3668/5052/4627 1964/4378/4057 1963/4377/4056
f 3669/5053/4628 3662/5042/4621 3664/5046/4623 3670/5054/4629
f 3669/5053/4628 3670/5054/4629 3671/5055/4630 3672/5056/4631
f 3669/5053/4628 3672/5056/4631 3673/5057/4632 3674/5058/4633
f 3669/5053/4628 3674/5058/4633 3655/5043/487 3662/5042/4621
f 3675/5059/4634 3676/5060/4635 3677/5061/4636 3678/5062/4637
f 3675/5059/4634 3678/5062/4637 3667/5051/4626 3666/5050/4625
f 3675/5059/4634 3666/5050/4625 3659/5049/491 3679/5063/4638
f 3675/5059/4634 3679/5063/4638 3680/5064/4639 3676/5060/4635
f 3681/5065/4640 3682/5066/4641 3683/5067/4642 3684/5068/4643
f 3681/5065/4640 3684/5068/4643 3685/5069/4644 3686/5070/4645
f 3681/5071/4640 3686/5072/4645 3687/5073/4646 3688/5074/4647
f 3681/5071/4640 3688/5074/4647 3671/5055/4630 3682/5075/4641
f 3689/5076/4648 3690/5077/4649 3691/5078/4650 3692/5079/4651
f 3689/5076/4648 3692/5079/4651 3693/5080/4652 3694/5081/4653
f 3689/5082/4648 3694/5083/4653 3677/5061/4636 3695/5084/4654
f 3689/5082/4648 3695/5084/4654 3696/5085/4655 3690/5086/4649
f 3697/5087/4656 3698/5088/4657 3683/5067/4642 3682/5066/4641
f 3697/5089/4656 3682/5075/4641 3671/5055/4630 3670/5054/4629
f 3697/5089/4656 3670/5054/4629 3664/5046/4623 3699/5090/4658
f 3697/5087/4656 3699/5091/4658 3700/5092/4659 3698/5088/4657
f 3701/5093/4660 3678/5062/4637 3677/5061/4636 3694/5083/4653
f 3701/5094/4660 3694/5081/4653 3693/5080/4652 3702/5095/4661
f 3701/5094/4660 3702/5095/4661 3703/5096/4662 3704/5097/4663
f 3701/5093/4660 3704/5098/4663 3667/5051/4626 3678/5062/4637
f 3705/5099/4664 3699/5090/4658 3664/5046/4623 3663/5045/4622
f 3705/5099/4664 3663/5045/4622 1957/4371/4053 1972/4386/4060
f 3705/5100/4664 1972/4393/4060 1975/4392/4062 3706/5101/4665
f 3705/5100/4664 3706/5101/4665 3700/5092/4659 3699/5091/4658
f 3707/5102/4666 1978/4396/4064 1964/4378/4057 3668/5052/4627
f 3707/5102/4666 3668/5052/4627 3667/5051/4626 3704/5098/4663
f 3707/5103/4666 3704/5097/4663 3703/5096/4662 3708/5104/4667
f 3707/5103/4666 3708/5104/4667 1979/4399/4065 1978/4398/4064
f 3709/5105/4668 1982/4406/4068 1855/4405/100 1912/5106/157
f 3709/5105/4668 1912/5106/157 1911/5107/156 3710/5108/4669
f 3709/5105/4668 3710/5108/4669 3711/5109/4670 3712/5110/4671
f 3709/5105/4668 3712/5110/4671 1983/4407/4069 1982/4406/4068
f 3713/5111/4672 3714/5112/4673 1916/5113/161 1915/5114/160
f 3713/5111/4672 1915/5114/160 1862/4411/107 1986/4410/4072
f 3713/5111/4672 1986/4410/4072 1988/4414/4074 3715/5115/4674
f 3713/5111/4672 3715/5115/4674 3716/5116/4675 3714/5112/4673
f 3717/5117/4676 1984/4408/4070 1983/4407/4069 3718/5118/4677
f 3717/5117/4676 3718/5118/4677 3719/5119/4678 3720/5120/4679
f 3717/5117/4676 3720/5120/4679 3700/5092/4659 3706/5101/4665
f 3717/5117/4676 3706/5101/4665 1975/4392/4062 1984/4408/4070
f 3721/5121/4680 3722/5122/4681 3723/5123/4682 3724/5124/4683
f 3721/5121/4680 3724/5124/4683 1988/4414/4074 1987/4413/4073
f 3721/5121/4680 1987/4413/4073 1979/4399/4065 3708/5104/4667
f 3721/5121/4680 3708/5104/4667 3703/5096/4662 3722/5122/4681
f 3725/5125/4684 3698/5088/4657 3700/5092/4659 3720/5120/4679
f 3725/5125/4684 3720/5120/4679 3719/5119/4678 3726/5126/4685
f 3725/5125/4684 3726/5126/4685 3727/5127/4686 3728/5128/4687
f 3725/5125/4684 3728/5128/4687 3683/5067/4642 3698/5088/4657
f 3729/5129/4688 3730/5130/4689 3723/5123/4682 3722/5122/4681
f 3729/5129/4688 3722/5122/4681 3703/5096/4662 3702/5095/4661
f 3729/5129/4688 3702/5095/4661 3693/5080/4652 3731/5131/4690
f 3729/5129/4688 3731/5131/4690 3732/5132/4691 3730/5130/4689
f 3733/5133/4692 3726/5126/4685 3719/5119/4678 3734/5134/4693
f 3733/5133/4692 3734/5134/4693 3735/5135/4694 3736/5136/4695
f 3733/5133/4692 3736/5136/4695 3737/5137/4696 3738/5138/4697
f 3733/5133/4692 3738/5138/4697 3727/5127/4686 3726/5126/4685
f 3739/5139/4698 3740/5140/4699 3741/5141/4700 3742/5142/4701
f 3739/5139/4698 3742/5142/4701 3723/5123/4682 3730/5130/4689
f 3739/5139/4698 3730/5130/4689 3732/5132/4691 3743/5143/4702
f 3739/5139/4698 3743/5143/4702 3744/5144/4703 3740/5140/4699
f 3745/5145/4704 3736/5136/4695 3735/5135/4694 3746/5146/4705
f 3745/5145/4704 3746/5146/4705 3747/5147/4706 3748/5148/4707
f 3745/5145/4704 3748/5148/4707 3749/5149/4708 3750/5150/4709
f 3745/5145/4704 3750/5150/4709 3737/5137/4696 3736/5136/4695
f 3751/5151/4710 3752/5152/4711 3753/5153/4712 3754/5154/4713
f 3751/5151/4710 3754/5154/4713 3741/5141/4700 3740/5140/4699
f 3751/5151/4710 3740/5140/4699 3744/5144/4703 3755/5155/4714
f 3751/5151/4710 3755/5155/4714 3756/5156/4715 3752/5152/4711
f 3757/5157/4716 3718/5118/4677 1983/4407/4069 3712/5110/4671
f 3757/5157/4716 3712/5110/4671 3711/5109/4670 3758/5158/4717
f 3757/5157/4716 3758/5158/4717 3735/5135/4694 3734/5134/4693
f 3757/5157/4716 3734/5134/4693 3719/5119/4678 3718/5118/4677
f 3759/5159/4718 3760/5160/4719 3716/5116/4675 3715/5115/4674
f 3759/5159/4718 3715/5115/4674 1988/4414/4074 3724/5124/4683
f 3759/5159/4718 3724/5124/4683 3723/5123/4682 3742/5142/4701
f 3759/5159/4718 3742/5142/4701 3741/5141/4700 3760/5160/4719
f 3761/5161/4720 3746/5146/4705 3735/5135/4694 3758/5158/4717
f 3761/5161/4720 3758/5158/4717 3711/5109/4670 3762/5162/4721
f 3761/5161/4720 3762/5162/4721 3763/5163/4722 3764/5164/4723
f 3761/5161/4720 3764/5164/4723 3747/5147/4706 3746/5146/4705
f 3765/5165/4724 3766/5166/4725 3716/5116/4675 3760/5160/4719
f 3765/5165/4724 3760/5160/4719 3741/5141/4700 3754/5154/4713
f 3765/5165/4724 3754/5154/4713 3753/5153/4712 3767/5167/4726
f 3765/5165/4724 3767/5167/4726 3768/5168/4727 3766/5166/4725
f 3769/5169/4728 3770/5170/4729 3749/5149/4708 3748/5148/4707
f 3769/5169/4728 3748/5148/4707 3747/5147/4706 3771/5171/4730
f 3769/5169/4728 3771/5171/4730 1736/4329/4019 3772/5172/4731
f 3769/5169/4728 3772/5172/4731 3773/5173/4732 3770/5170/4729
f 3774/5174/4733 3775/5175/4734 3753/5153/4712 3752/5152/4711
f 3774/5174/4733 3752/5152/4711 3756/5156/4715 3776/5176/4735
f 3774/5174/4733 3776/5176/4735 3777/5177/4736 3778/5178/4737
f 3774/5174/4733 3778/5178/4737 1749/4345/4032 3775/5175/4734
f 3779/5179/4738 3772/5172/4731 1736/4329/4019 1735/4328/4018
f 3779/5180/4738 1735/4326/4018 1734/4325/4017 3780/5181/4739
f 3779/5180/4738 3780/5181/4739 3781/5182/4740 3782/5183/4741
f 3779/5179/4738 3782/5184/4741 3773/5173/4732 3772/5172/4731
f 3783/5185/4742 3784/5186/4743 1743/4337/4026 1742/4336/4025
f 3783/5187/4742 1742/4346/4025 1749/4345/4032 3778/5178/4737
f 3783/5187/4742 3778/5178/4737 3777/5177/4736 3785/5188/4744
f 3783/5185/4742 3785/5189/4744 3786/5190/4745 3784/5186/4743
f 3787/5191/4746 3788/5192/4747 3789/5193/4748 3790/5194/4749
f 3787/5195/4746 3790/5196/4749 3791/5197/4750 3792/5198/4751
f 3787/5195/4746 3792/5198/4751 3773/5173/4732 3782/5184/4741
f 3787/5191/4746 3782/5183/4741 3781/5182/4740 3788/5192/4747
f 3793/5199/4752 3794/5200/4753 3795/5201/4754 3796/5202/4755
f 3793/5203/4752 3796/5204/4755 3797/5205/4756 3798/5206/4757
f 3793/5203/4752 3798/5206/4757 3786/5190/4745 3785/5189/4744
f 3793/5199/4752 3785/5188/4744 3777/5177/4736 3794/5200/4753
f 3799/5207/4758 3792/5198/4751 3791/5197/4750 3800/5208/4759
f 3799/5207/4758 3800/5208/4759 3801/5209/4760 3802/5210/4761
f 3799/5207/4758 3802/5210/4761 3749/5149/4708 3770/5170/4729
f 3799/5207/4758 3770/5170/4729 3773/5173/4732 3792/5198/4751
f 3803/5211/4762 3804/5212/4763 3805/5213/4764 3806/5214/4765
f 3803/5211/4762 3806/5214/4765 3795/5201/4754 3794/5200/4753
f 3803/5211/4762 3794/5200/4753 3777/5177/4736 3776/5176/4735
f 3803/5211/4762 3776/5176/4735 3756/5156/4715 3804/5212/4763
f 3807/5215/4766 3802/5210/4761 3801/5209/4760 3808/5216/4767
f 3807/5215/4766 3808/5216/4767 3809/5217/4768 3810/5218/4769
f 3807/5215/4766 3810/5218/4769 3737/5137/4696 3750/5150/4709
f 3807/5215/4766 3750/5150/4709 3749/5149/4708 3802/5210/4761
f 3811/5219/4770 3812/5220/4771 3813/5221/4772 3814/5222/4773
f 3811/5219/4770 3814/5222/4773 3805/5213/4764 3804/5212/4763
f 3811/5219/4770 3804/5212/4763 3756/5156/4715 3755/5155/4714
f 3811/5219/4770 3755/5155/4714 3744/5144/4703 3812/5220/4771
f 3815/5223/4774 3810/5218/4769 3809/5217/4768 3816/5224/4775
f 3815/5223/4774 3816/5224/4775 3817/5225/4776 3818/5226/4777
f 3815/5223/4774 3818/5226/4777 3727/5127/4686 3738/5138/4697
f 3815/5223/4774 3738/5138/4697 3737/5137/4696 3810/5218/4769
f 3819/5227/4778 3820/5228/4779 3821/5229/4780 3822/5230/4781
f 3819/5227/4778 3822/5230/4781 3813/5221/4772 3812/5220/4771
f 3819/5227/4778 3812/5220/4771 3744/5144/4703 3743/5143/4702
f 3819/5227/4778 3743/5143/4702 3732/5132/4691 3820/5228/4779
f 3823/5231/4782 3818/5226/4777 3817/5225/4776 3824/5232/4783
f 3823/5231/4782 3824/5232/4783 3685/5069/4644 3684/5068/4643
f 3823/5231/4782 3684/5068/4643 3683/5067/4642 3728/5128/4687
f 3823/5231/4782 3728/5128/4687 3727/5127/4686 3818/5226/4777
f 3825/5233/4784 3692/5079/4651 3691/5078/4650 3826/5234/4785
f 3825/5233/4784 3826/5234/4785 3821/5229/4780 3820/5228/4779
f 3825/5233/4784 3820/5228/4779 3732/5132/4691 3731/5131/4690
f 3825/5233/4784 3731/5131/4690 3693/5080/4652 3692/5079/4651
f 3827/5235/4786 3828/5236/4787 3817/5225/4776 3816/5224/4775
f 3827/5235/4786 3816/5224/4775 3809/5217/4768 3829/5237/4788
f 3827/5235/4786 3829/5237/4788 3830/5238/4789 3831/5239/4790
f 3827/5235/4786 3831/5239/4790 3832/5240/4791 3828/5236/4787
f 3833/5241/4792 3834/5242/4793 3813/5221/4772 3822/5230/4781
f 3833/5241/4792 3822/5230/4781 3821/5229/4780 3835/5243/4794
f 3833/5241/4792 3835/5243/4794 3836/5244/4795 3837/5245/4796
f 3833/5241/4792 3837/5245/4796 3838/5246/4797 3834/5242/4793
f 3839/5247/4798 3829/5237/4788 3809/5217/4768 3808/5216/4767
f 3839/5247/4798 3808/5216/4767 3801/5209/4760 3840/5248/4799
f 3839/5247/4798 3840/5248/4799 2326/4462/4116 3841/5249/4800
f 3839/5247/4798 3841/5249/4800 3830/5238/4789 3829/5237/4788
f 3842/5250/4801 3843/5251/4802 3805/5213/4764 3814/5222/4773
f 3842/5250/4801 3814/5222/4773 3813/5221/4772 3834/5242/4793
f 3842/5250/4801 3834/5242/4793 3838/5246/4797 3844/5252/4803
f 3842/5250/4801 3844/5252/4803 2334/4470/4124 3843/5251/4802
f 3845/5253/4804 3840/5248/4799 3801/5209/4760 3800/5208/4759
f 3845/5253/4804 3800/5208/4759 3791/5197/4750 3846/5254/4805
f 3845/5253/4804 3846/5254/4805 2328/4464/4118 2327/4463/4117
f 3845/5253/4804 2327/4463/4117 2326/4462/4116 3840/5248/4799
f 3847/5255/4806 3848/5256/4807 3795/5201/4754 3806/5214/4765
f 3847/5255/4806 3806/5214/4765 3805/5213/4764 3843/5251/4802
f 3847/5255/4806 3843/5251/4802 2334/4470/4124 2333/4469/4123
f 3847/5255/4806 2333/4469/4123 2332/4468/4122 3848/5256/4807
f 3849/5257/4808 3846/5254/4805 3791/5197/4750 3790/5196/4749
f 3849/5258/4808 3790/5194/4749 3789/5193/4748 3850/5259/4809
f 3849/5258/4808 3850/5259/4809 3851/5260/4810 3852/5261/4811
f 3849/5257/4808 3852/5262/4811 2328/4464/4118 3846/5254/4805
f 3853/5263/4812 3854/5264/4813 3797/5205/4756 3796/5204/4755
f 3853/5265/4812 3796/5202/4755 3795/5201/4754 3848/5256/4807
f 3853/5265/4812 3848/5256/4807 2332/4468/4122 3855/5266/4814
f 3853/5263/4812 3855/5267/4814 3856/5268/4815 3854/5264/4813
f 3857/5269/4816 2324/4460/4114 2328/4464/4118 3852/5262/4811
f 3857/5270/4816 3852/5261/4811 3851/5260/4810 3858/5271/4817
f 3857/5270/4816 3858/5271/4817 2337/4475/4127 2336/4474/4126
f 3857/5269/4816 2336/4472/4126 2316/4452/4106 2324/4460/4114
f 3859/5272/4818 3860/5273/4819 3856/5268/4815 3855/5267/4814
f 3859/5274/4818 3855/5266/4814 2332/4468/4122 2331/4467/4121
f 3859/5274/4818 2331/4467/4121 2320/4456/4110 2344/4485/4134
f 3859/5272/4818 2344/4483/4134 2343/4482/4133 3860/5273/4819
f 3861/5275/4820 2325/4461/4115 2314/4450/4104 3862/5276/4821
f 3861/5275/4820 3862/5276/4821 3863/5277/4822 3864/5278/4823
f 3861/5275/4820 3864/5278/4823 3830/5238/4789 3841/5249/4800
f 3861/5275/4820 3841/5249/4800 2326/4462/4116 2325/4461/4115
f 3865/5279/4824 3866/5280/4825 3867/5281/4826 3868/5282/4827
f 3865/5279/4824 3868/5282/4827 2322/4458/4112 2330/4466/4120
f 3865/5279/4824 2330/4466/4120 2334/4470/4124 3844/5252/4803
f 3865/5279/4824 3844/5252/4803 3838/5246/4797 3866/5280/4825
f 3869/5283/4828 3864/5278/4823 3863/5277/4822 3870/5284/4829
f 3869/5283/4828 3870/5284/4829 3871/5285/4830 3872/5286/4831
f 3869/5283/4828 3872/5286/4831 3832/5240/4791 3831/5239/4790
f 3869/5283/4828 3831/5239/4790 3830/5238/4789 3864/5278/4823
f 3873/5287/4832 3874/5288/4833 3875/5289/4834 3876/5290/4835
f 3873/5287/4832 3876/5290/4835 3867/5281/4826 3866/5280/4825
f 3873/5287/4832 3866/5280/4825 3838/5246/4797 3837/5245/4796
f 3873/5287/4832 3837/5245/4796 3836/5244/4795 3874/5288/4833
f 3877/5291/4836 3872/5286/4831 3871/5285/4830 3878/5292/4837
f 3877/5291/4836 3878/5292/4837 3879/5293/4838 3880/5294/4839
f 3877/5291/4836 3880/5294/4839 3881/5295/4840 3882/5296/4841
f 3877/5291/4836 3882/5296/4841 3832/5240/4791 3872/5286/4831
f 3883/5297/4842 3884/5298/4843 3885/5299/4844 3886/5300/4845
f 3883/5297/4842 3886/5300/4845 3875/5289/4834 3874/5288/4833
f 3883/5297/4842 3874/5288/4833 3836/5244/4795 3887/5301/4846
f 3883/5297/4842 3887/5301/4846 3888/5302/4847 3884/5298/4843
f 3889/5303/4848 3880/5294/4839 3879/5293/4838 3890/5304/4849
f 3889/5305/4848 3890/5306/4849 3891/5307/4850 3892/5308/4851
f 3889/5305/4848 3892/5308/4851 3893/5309/4852 3894/5310/4853
f 3889/5303/4848 3894/5311/4853 3881/5295/4840 3880/5294/4839
f 3895/5312/4854 3896/5313/4855 3897/5314/4856 3898/5315/4857
f 3895/5316/4854 3898/5317/4857 3885/5299/4844 3884/5298/4843
f 3895/5316/4854 3884/5298/4843 3888/5302/4847 3899/5318/4858
f 3895/5312/4854 3899/5319/4858 3900/5320/4859 3896/5313/4855
f 3901/5321/4860 3892/5308/4851 3891/5307/4850 3902/5322/4861
f 3901/5321/4860 3902/5322/4861 3903/5323/4862 3904/5324/4863
f 3901/5321/4860 3904/5324/4863 3905/5325/4864 3906/5326/4865
f 3901/5321/4860 3906/5326/4865 3893/5309/4852 3892/5308/4851
f 3907/5327/4866 3908/5328/4867 3909/5329/4868 3910/5330/4869
f 3907/5327/4866 3910/5330/4869 3897/5314/4856 3896/5313/4855
f 3907/5327/4866 3896/5313/4855 3900/5320/4859 3911/5331/4870
f 3907/5327/4866 3911/5331/4870 3912/5332/4871 3908/5328/4867
f 3913/5333/4872 3914/5334/4873 3879/5293/4838 3878/5292/4837
f 3913/5333/4872 3878/5292/4837 3871/5285/4830 3915/5335/4874
f 3913/5333/4872 3915/5335/4874 3916/5336/4875 3917/5337/4876
f 3913/5333/4872 3917/5337/4876 3918/5338/4877 3914/5334/4873
f 3919/5339/4878 3920/5340/4879 3875/5289/4834 3886/5300/4845
f 3919/5339/4878 3886/5300/4845 3885/5299/4844 3921/5341/4880
f 3919/5339/4878 3921/5341/4880 3922/5342/4881 3923/5343/4882
f 3919/5339/4878 3923/5343/4882 3924/5344/4883 3920/5340/4879
f 3925/5345/4884 3914/5334/4873 3918/5338/4877 3926/5346/4885
f 3925/5347/4884 3926/5348/4885 3927/5349/4886 3928/5350/4887
f 3925/5347/4884 3928/5350/4887 3891/5307/4850 3890/5306/4849
f 3925/5345/4884 3890/5304/4849 3879/5293/4838 3914/5334/4873
f 3929/5351/4888 3930/5352/4889 3931/5353/4890 3932/5354/4891
f 3929/5355/4888 3932/5356/4891 3922/5342/4881 3921/5341/4880
f 3929/5355/4888 3921/5341/4880 3885/5299/4844 3898/5317/4857
f 3929/5351/4888 3898/5315/4857 3897/5314/4856 3930/5352/4889
f 3933/5357/4892 3928/5350/4887 3927/5349/4886 3934/5358/4893
f 3933/5357/4892 3934/5358/4893 3935/5359/4894 3936/5360/4895
f 3933/5357/4892 3936/5360/4895 3903/5323/4862 3902/5322/4861
f 3933/5357/4892 3902/5322/4861 3891/5307/4850 3928/5350/4887
f 3937/5361/4896 3938/5362/4897 3939/5363/4898 3940/5364/4899
f 3937/5361/4896 3940/5364/4899 3931/5353/4890 3930/5352/4889
f 3937/5361/4896 3930/5352/4889 3897/5314/4856 3910/5330/4869
f 3937/5361/4896 3910/5330/4869 3909/5329/4868 3938/5362/4897
f 3941/5365/4900 3936/5360/4895 3935/5359/4894 3942/5366/4901
f 3941/5365/4900 3942/5366/4901 2339/4477/4129 2338/4476/4128
f 3941/5365/4900 2338/4476/4128 2337/4475/4127 3943/5367/4902
f 3941/5365/4900 3943/5367/4902 3903/5323/4862 3936/5360/4895
f 3944/5368/4903 2342/4481/4132 2346/4488/4136 3945/5369/4904
f 3944/5368/4903 3945/5369/4904 3939/5363/4898 3938/5362/4897
f 3944/5368/4903 3938/5362/4897 3909/5329/4868 3946/5370/4905
f 3944/5368/4903 3946/5370/4905 2343/4482/4133 2342/4481/4132
f 3947/5371/4906 3943/5367/4902 2337/4475/4127 3858/5271/4817
f 3947/5371/4906 3858/5271/4817 3851/5260/4810 3948/5372/4907
f 3947/5371/4906 3948/5372/4907 3905/5325/4864 3904/5324/4863
f 3947/5371/4906 3904/5324/4863 3903/5323/4862 3943/5367/4902
f 3949/5373/4908 3950/5374/4909 3856/5268/4815 3860/5273/4819
f 3949/5373/4908 3860/5273/4819 2343/4482/4133 3946/5370/4905
f 3949/5373/4908 3946/5370/4905 3909/5329/4868 3908/5328/4867
f 3949/5373/4908 3908/5328/4867 3912/5332/4871 3950/5374/4909
f 3951/5375/4910 3952/5376/4911 2767/4941/4557 2766/4940/4556
f 3951/5377/4910 2766/4938/4556 2677/4839/4467 3953/5378/4912
f 3951/5377/4910 3953/5378/4912 3954/5379/4913 3955/5380/4914
f 3951/5381/4910 3955/5382/4914 3956/5383/4915 3952/5384/4911
f 3957/5385/4916 3958/5386/4917 2682/4844/4472 2770/4944/4560
f 3957/5387/4916 2770/4948/4560 2772/4947/4562 3959/5388/4918
f 3957/5389/4916 3959/5390/4918 3960/5391/4919 3961/5392/4920
f 3957/5385/4916 3961/5393/4920 3962/5394/4921 3958/5386/4917
f 3963/5395/4922 3964/5396/4923 2767/4941/4557 3952/5376/4911
f 3963/5397/4922 3952/5384/4911 3956/5383/4915 3965/5398/4924
f 3963/5397/4922 3965/5398/4924 3927/5349/4886 3926/5348/4885
f 3963/5395/4922 3926/5346/4885 3918/5338/4877 3964/5396/4923
f 3966/5399/4925 3959/5388/4918 2772/4947/4562 3967/5400/4926
f 3966/5399/4925 3967/5400/4926 3922/5342/4881 3932/5356/4891
f 3966/5401/4925 3932/5354/4891 3931/5353/4890 3968/5402/4927
f 3966/5401/4925 3968/5402/4927 3960/5391/4919 3959/5390/4918
f 3969/5403/4928 3934/5358/4893 3927/5349/4886 3965/5398/4924
f 3969/5403/4928 3965/5398/4924 3956/5383/4915 3970/5404/4929
f 3969/5403/4928 3970/5404/4929 3971/5405/4930 3972/5406/4931
f 3969/5403/4928 3972/5406/4931 3935/5359/4894 3934/5358/4893
f 3973/5407/4932 3968/5402/4927 3931/5353/4890 3940/5364/4899
f 3973/5407/4932 3940/5364/4899 3939/5363/4898 3974/5408/4933
f 3973/5407/4932 3974/5408/4933 3975/5409/4934 3976/5410/4935
f 3973/5407/4932 3976/5410/4935 3960/5391/4919 3968/5402/4927
f 3977/5411/4936 3978/5412/4937 2759/4953/4549 2776/4952/4566
f 3977/5411/4936 2776/4952/4566 2775/4951/4565 3979/5413/4938
f 3977/5414/4936 3979/5415/4938 3980/5416/4939 3981/5417/4940
f 3977/5414/4936 3981/5417/4940 3982/5418/4941 3978/5419/4937
f 3983/5420/4942 2778/4956/4568 2763/4960/4553 3984/5421/4943
f 3983/5422/4942 3984/5423/4943 3985/5424/4944 3986/5425/4945
f 3983/5422/4942 3986/5425/4945 3987/5426/4946 3988/5427/4947
f 3983/5420/4942 3988/5428/4947 2779/4957/4569 2778/4956/4568
f 3989/5429/4948 2760/4932/4550 2759/4931/4549 3978/5419/4937
f 3989/5429/4948 3978/5419/4937 3982/5418/4941 3990/5430/4949
f 3989/5429/4948 3990/5430/4949 3954/5379/4913 3953/5378/4912
f 3989/5429/4948 3953/5378/4912 2677/4839/4467 2760/4932/4550
f 3991/5431/4950 3992/5432/4951 3985/5424/4944 3984/5423/4943
f 3991/5431/4950 3984/5423/4943 2763/4935/4553 2762/4934/4552
f 3991/5431/4950 2762/4934/4552 2682/4844/4472 3958/5386/4917
f 3991/5431/4950 3958/5386/4917 3962/5394/4921 3992/5432/4951
f 3993/5433/4952 3970/5404/4929 3956/5383/4915 3955/5382/4914
f 3993/5434/4952 3955/5380/4914 3954/5379/4913 3994/5435/4953
f 3993/5434/4952 3994/5435/4953 3995/5436/4954 3996/5437/4955
f 3993/5433/4952 3996/5438/4955 3971/5405/4930 3970/5404/4929
f 3997/5439/4956 3998/5440/4957 3962/5394/4921 3961/5393/4920
f 3997/5441/4956 3961/5392/4920 3960/5391/4919 3976/5410/4935
f 3997/5441/4956 3976/5410/4935 3975/5409/4934 3999/5442/4958
f 3997/5439/4956 3999/5443/4958 4000/5444/4959 3998/5440/4957
f 4001/5445/4960 3972/5406/4931 3971/5405/4930 4002/5446/4961
f 4001/5445/4960 4002/5446/4961 2349/4491/4139 2348/4490/4138
f 4001/5445/4960 2348/4490/4138 2339/4477/4129 3942/5366/4901
f 4001/5445/4960 3942/5366/4901 3935/5359/4894 3972/5406/4931
f 4003/5447/4962 4004/5448/4963 3975/5409/4934 3974/5408/4933
f 4003/5447/4962 3974/5408/4933 3939/5363/4898 3945/5369/4904
f 4003/5447/4962 3945/5369/4904 2346/4488/4136 2354/4500/4144
f 4003/5447/4962 2354/4500/4144 2353/4499/4143 4004/5448/4963
f 4005/5449/4964 2357/4506/4147 2349/4491/4139 4002/5446/4961
f 4005/5449/4964 4002/5446/4961 3971/5405/4930 3996/5438/4955
f 4005/5450/4964 3996/5451/4955 3995/5452/4954 4006/5453/4965
f 4005/5450/4964 4006/5453/4965 2358/4508/4148 2357/4507/4147
f 4007/5454/4966 3999/5442/4958 3975/5409/4934 4004/5448/4963
f 4007/5454/4966 4004/5448/4963 2353/4499/4143 2362/4512/4152
f 4007/5455/4966 2362/4520/4152 2366/4519/4156 4008/5456/4967
f 4007/5455/4966 4008/5456/4967 4000/5457/4959 3999/5458/4958
f 4009/5459/4968 4006/5453/4965 3995/5452/4954 4010/5460/4969
f 4009/5459/4968 4010/5460/4969 4011/5461/4970 4012/5462/4971
f 4009/5459/4968 4012/5462/4971 2446/4600/4236 2445/4599/4235
f 4009/5459/4968 2445/4599/4235 2358/4508/4148 4006/5453/4965
f 4013/5463/4972 4014/5464/4973 4015/5465/4974 4016/5466/4975
f 4013/5463/4972 4016/5466/4975 4000/5457/4959 4008/5456/4967
f 4013/5463/4972 4008/5456/4967 2366/4519/4156 2450/4604/4240
f 4013/5463/4972 2450/4604/4240 2449/4603/4239 4014/5464/4973
f 4017/5467/4976 4010/5468/4969 3995/5436/4954 3994/5435/4953
f 4017/5467/4976 3994/5435/4953 3954/5379/4913 3990/5430/4949
f 4017/5467/4976 3990/5430/4949 3982/5418/4941 4018/5469/4977
f 4017/5467/4976 4018/5469/4977 4011/5470/4970 4010/5468/4969
f 4019/5471/4978 3992/5432/4951 3962/5394/4921 3998/5440/4957
f 4019/5471/4978 3998/5440/4957 4000/5444/4959 4016/5472/4975
f 4019/5471/4978 4016/5472/4975 4015/5473/4974 4020/5474/4979
f 4019/5471/4978 4020/5474/4979 3985/5424/4944 3992/5432/4951
f 4021/5475/4980 3981/5417/4940 3980/5416/4939 4022/5476/4981
f 4021/5475/4980 4022/5476/4981 4011/5470/4970 4018/5469/4977
f 4021/5475/4980 4018/5469/4977 3982/5418/4941 3981/5417/4940
f 4023/5477/4982 4024/5478/4983 3987/5426/4946 3986/5425/4945
f 4023/5477/4982 3986/5425/4945 3985/5424/4944 4020/5474/4979
f 4023/5477/4982 4020/5474/4979 4015/5473/4974 4024/5478/4983
f 4025/5479/4984 4026/5480/4985 2446/4600/4236 4012/5462/4971
f 4025/5479/4984 4012/5462/4971 4011/5461/4970 4022/5481/4981
f 4025/5479/4984 4022/5481/4981 3980/5482/4939 4026/5480/4985
f 4027/5483/4986 4014/5464/4973 2449/4603/4239 4028/5484/4987
f 4027/5483/4986 4028/5484/4987 3987/5485/4946 4024/5486/4983
f 4027/5483/4986 4024/5486/4983 4015/5465/4974 4014/5464/4973
f 4029/5487/4988 4026/5480/4985 3980/5482/4939 3979/5488/4938
f 4029/5489/4988 3979/5413/4938 2775/4951/4565 2827/5036/4617
f 4029/5489/4988 2827/5036/4617 2438/5035/4228 2444/5490/4234
f 4029/5487/4988 2444/4598/4234 2446/4600/4236 4026/5480/4985
f 4030/5491/4989 3988/5492/4947 3987/5485/4946 4028/5484/4987
f 4030/5491/4989 4028/5484/4987 2449/4603/4239 2448/4602/4238
f 4030/5493/4989 2448/5494/4238 2441/5040/4231 2829/5039/4619
f 4030/5493/4989 2829/5039/4619 2779/4957/4569 3988/5428/4947
f 4475/5495/4990 4476/5496/4991 4477/5497/4992 4478/5498/4993
f 4475/5495/4990 4478/5498/4993 2629/4785/4419 2668/4826/4458
f 4475/5495/4990 2668/4826/4458 2670/4830/4460 4479/5499/4994
f 4475/5495/4990 4479/5499/4994 3916/5336/4875 4476/5496/4991
f 4480/5500/4995 2672/4833/4462 2634/4791/4424 4481/5501/4996
f 4480/5500/4995 4481/5501/4996 4482/5502/4997 4483/5503/4998
f 4480/5500/4995 4483/5503/4998 3924/5344/4883 4484/5504/4999
f 4480/5500/4995 4484/5504/4999 2673/4834/4463 2672/4833/4462
f 4485/5505/5000 2768/4942/4558 2767/4941/4557 3964/5396/4923
f 4485/5505/5000 3964/5396/4923 3918/5338/4877 3917/5337/4876
f 4485/5505/5000 3917/5337/4876 3916/5336/4875 4479/5499/4994
f 4485/5505/5000 4479/5499/4994 2670/4830/4460 2768/4942/4558
f 4486/5506/5001 3923/5343/4882 3922/5342/4881 3967/5400/4926
f 4486/5506/5001 3967/5400/4926 2772/4947/4562 2771/4946/4561
f 4486/5506/5001 2771/4946/4561 2673/4834/4463 4484/5504/4999
f 4486/5506/5001 4484/5504/4999 3924/5344/4883 3923/5343/4882
f 4487/5507/5002 3915/5335/4874 3871/5285/4830 3870/5284/4829
f 4487/5507/5002 3870/5284/4829 3863/5277/4822 4488/5508/5003
f 4487/5507/5002 4488/5508/5003 4477/5497/4992 4476/5496/4991
f 4487/5507/5002 4476/5496/4991 3916/5336/4875 3915/5335/4874
f 4489/5509/5004 4490/5510/5005 3867/5281/4826 3876/5290/4835
f 4489/5509/5004 3876/5290/4835 3875/5289/4834 3920/5340/4879
f 4489/5509/5004 3920/5340/4879 3924/5344/4883 4483/5503/4998
f 4489/5509/5004 4483/5503/4998 4482/5502/4997 4490/5510/5005
f 4491/5511/5006 4488/5508/5003 3863/5277/4822 3862/5276/4821
f 4491/5511/5006 3862/5276/4821 2314/4450/4104 2313/4449/4103
f 4491/5511/5006 2313/4449/4103 2289/4419/4079 4492/5512/5007
f 4491/5511/5006 4492/5512/5007 4477/5497/4992 4488/5508/5003
f 4493/5513/5008 2318/4454/4108 2322/4458/4112 3868/5282/4827
f 4493/5513/5008 3868/5282/4827 3867/5281/4826 4490/5510/5005
f 4493/5513/5008 4490/5510/5005 4482/5502/4997 4494/5514/5009
f 4493/5513/5008 4494/5514/5009 2302/4432/4092 2318/4454/4108
f 4495/5515/5010 4478/5498/4993 4477/5497/4992 4492/5512/5007
f 4495/5515/5010 4492/5512/5007 2289/4419/4079 2288/4418/4078
f 4495/5515/5010 2288/4418/4078 2287/4417/4077 2630/4786/4420
f 4495/5515/5010 2630/4786/4420 2629/4785/4419 4478/5498/4993
f 4496/5516/5011 2295/4425/4085 2302/4432/4092 4494/5514/5009
f 4496/5516/5011 4494/5514/5009 4482/5502/4997 4481/5501/4996
f 4496/5516/5011 4481/5501/4996 2634/4791/4424 2633/4790/4423
f 4496/5516/5011 2633/4790/4423 2296/4426/4086 2295/4425/4085
f 5016/5517/5012 5017/5518/5013 3763/5163/4722 5018/5519/5014
f 5016/5517/5012 5018/5519/5014 5019/5520/497 5020/5521/496
f 5016/5517/5012 5020/5521/496 5021/5522/495 5022/5523/5015
f 5016/5517/5012 5022/5523/5015 5023/5524/5016 5017/5518/5013
f 5024/5525/5017 5025/5526/505 5026/5527/504 5027/5528/5018
f 5024/5525/5017 5027/5528/5018 3768/5168/4727 5028/5529/5019
f 5024/5525/5017 5028/5529/5019 5029/5530/5020 5030/5531/5021
f 5024/5525/5017 5030/5531/5021 5031/5532/506 5025/5526/505
f 5074/5533/5022 5022/5523/5015 5021/5522/495 5073/5534/540
f 5074/5533/5022 5073/5534/540 5072/5535/539 5075/5536/5023
f 5074/5533/5022 5075/5536/5023 5076/5537/5024 5077/5538/5025
f 5074/5533/5022 5077/5538/5025 5023/5524/5016 5022/5523/5015
f 5078/5539/5026 5079/5540/5027 5023/5524/5016 5077/5538/5025
f 5078/5539/5026 5077/5538/5025 5076/5537/5024 5080/5541/5028
f 5078/5539/5026 5080/5541/5028 1760/4357/4043 1759/4356/4042
f 5078/5539/5026 1759/4356/4042 1752/4349/4035 5079/5540/5027
f 5081/5542/5029 5079/5540/5027 1752/4349/4035 5082/5543/5030
f 5081/5542/5029 5082/5543/5030 3747/5147/4706 3764/5164/4723
f 5081/5542/5029 3764/5164/4723 3763/5163/4722 5017/5518/5013
f 5081/5542/5029 5017/5518/5013 5023/5524/5016 5079/5540/5027
f 5083/5544/5031 3767/5167/4726 3753/5153/4712 5084/5545/5032
f 5083/5544/5031 5084/5545/5032 1756/4353/4039 5085/5546/5033
f 5083/5544/5031 5085/5546/5033 5029/5530/5020 5028/5529/5019
f 5083/5544/5031 5028/5529/5019 3768/5168/4727 3767/5167/4726
f 5086/5547/5034 5018/5519/5014 3763/5163/4722 3762/5162/4721
f 5086/5547/5034 3762/5162/4721 3711/5109/4670 3710/5108/4669
f 5086/5547/5034 3710/5108/4669 1911/5107/156 5087/5548/542
f 5086/5547/5034 5087/5548/542 5019/5520/497 5018/5519/5014
f 5088/5549/5035 3714/5112/4673 3716/5116/4675 3766/5166/4725
f 5088/5549/5035 3766/5166/4725 3768/5168/4727 5027/5528/5018
f 5088/5549/5035 5027/5528/5018 5026/5527/504 5089/5550/545
f 5088/5549/5035 5089/5550/545 1916/5113/161 3714/5112/4673
f 5970/5551/5036 5971/5552/5037 3673/5057/4632 3672/5056/4631
f 5970/5551/5036 3672/5056/4631 3671/5055/4630 3688/5074/4647
f 5970/5551/5036 3688/5074/4647 3687/5073/4646 5972/5553/5038
f 5970/5551/5036 5972/5553/5038 5973/5554/5039 5971/5552/5037
f 5974/5555/5040 3695/5084/4654 3677/5061/4636 3676/5060/4635
f 5974/5555/5040 3676/5060/4635 3680/5064/4639 5975/5556/5041
f 5974/5555/5040 5975/5556/5041 5976/5557/5042 5977/5558/5043
f 5974/5555/5040 5977/5558/5043 3696/5085/4655 3695/5084/4654
f 5978/5559/5044 3686/5070/4645 3685/5069/4644 5979/5560/5045
f 5978/5559/5044 5979/5560/5045 3881/5295/4840 3894/5311/4853
f 5978/5561/5044 3894/5310/4853 3893/5309/4852 5980/5562/5046
f 5978/5561/5044 5980/5562/5046 3687/5073/4646 3686/5072/4645
f 5981/5563/5047 3899/5318/4858 3888/5302/4847 5982/5564/5048
f 5981/5563/5047 5982/5564/5048 3691/5078/4650 3690/5077/4649
f 5981/5565/5047 3690/5086/4649 3696/5085/4655 5983/5566/5049
f 5981/5565/5047 5983/5566/5049 3900/5320/4859 3899/5319/4858
f 5984/5567/5050 5979/5560/5045 3685/5069/4644 3824/5232/4783
f 5984/5567/5050 3824/5232/4783 3817/5225/4776 3828/5236/4787
f 5984/5567/5050 3828/5236/4787 3832/5240/4791 3882/5296/4841
f 5984/5567/5050 3882/5296/4841 3881/5295/4840 5979/5560/5045
f 5985/5568/5051 3835/5243/4794 3821/5229/4780 3826/5234/4785
f 5985/5568/5051 3826/5234/4785 3691/5078/4650 5982/5564/5048
f 5985/5568/5051 5982/5564/5048 3888/5302/4847 3887/5301/4846
f 5985/5568/5051 3887/5301/4846 3836/5244/4795 3835/5243/4794
f 5986/5569/5052 5980/5562/5046 3893/5309/4852 3906/5326/4865
f 5986/5569/5052 3906/5326/4865 3905/5325/4864 5987/5570/5053
f 5986/5569/5052 5987/5570/5053 5973/5554/5039 5972/5553/5038
f 5986/5569/5052 5972/5553/5038 3687/5073/4646 5980/5562/5046
f 5988/5571/5054 5989/5572/5055 3912/5332/4871 3911/5331/4870
f 5988/5571/5054 3911/5331/4870 3900/5320/4859 5983/5566/5049
f 5988/5571/5054 5983/5566/5049 3696/5085/4655 5977/5558/5043
f 5988/5571/5054 5977/5558/5043 5976/5557/5042 5989/5572/5055
f 5990/5573/5056 3948/5372/4907 3851/5260/4810 3850/5259/4809
f 5990/5573/5056 3850/5259/4809 3789/5193/4748 5991/5574/5057
f 5990/5573/5056 5991/5574/5057 5973/5554/5039 5987/5570/5053
f 5990/5573/5056 5987/5570/5053 3905/5325/4864 3948/5372/4907
f 5992/5575/5058 5993/5576/5059 3797/5205/4756 3854/5264/4813
f 5992/5575/5058 3854/5264/4813 3856/5268/4815 3950/5374/4909
f 5992/5575/5058 3950/5374/4909 3912/5332/4871 5989/5572/5055
f 5992/5575/5058 5989/5572/5055 5976/5557/5042 5993/5576/5059
f 5994/5577/5060 5991/5574/5057 3789/5193/4748 3788/5192/4747
f 5994/5577/5060 3788/5192/4747 3781/5182/4740 5995/5578/5061
f 5994/5577/5060 5995/5578/5061 3673/5057/4632 5971/5552/5037
f 5994/5577/5060 5971/5552/5037 5973/5554/5039 5991/5574/5057
f 5996/5579/5062 5997/5580/5063 3786/5190/4745 3798/5206/4757
f 5996/5579/5062 3798/5206/4757 3797/5205/4756 5993/5576/5059
f 5996/5579/5062 5993/5576/5059 5976/5557/5042 5975/5556/5041
f 5996/5579/5062 5975/5556/5041 3680/5064/4639 5997/5580/5063
f 5998/5581/5064 5995/5578/5061 3781/5182/4740 3780/5181/4739
f 5998/5581/5064 3780/5181/4739 1734/4325/4017 5999/5582/5065
f 5998/5581/5064 5999/5582/5065 3655/5043/487 3674/5058/4633
f 5998/5581/5064 3674/5058/4633 3673/5057/4632 5995/5578/5061
f 6000/5583/5066 6001/5584/5067 1743/4337/4026 3784/5186/4743
f 6000/5583/5066 3784/5186/4743 3786/5190/4745 5997/5580/5063
f 6000/5583/5066 5997/5580/5063 3680/5064/4639 3679/5063/4638
f 6000/5583/5066 3679/5063/4638 3659/5049/491 6001/5584/5067
f 6002/5585/5068 6003/5586/5069 3603/5587/431 3656/5588/488
f 6002/5585/5068 3656/5588/488 3655/5043/487 5999/5582/5065
f 6002/5585/5068 5999/5582/5065 1734/4325/4017 6003/5586/5069
f 6004/5589/5070 3658/5590/490 3607/5591/435 6005/5592/5071
f 6004/5589/5070 6005/5592/5071 1743/4337/4026 6001/5584/5067
f 6004/5589/5070 6001/5584/5067 3659/5049/491 3658/5590/490
f 6024/5593/5072 6025/5594/5073 1740/4334/4023 1767/4366/4050
f 6024/5593/5072 1767/4366/4050 1766/4365/4049 6026/5595/5074
f 6024/5593/5072 6026/5595/5074 6022/5596/821 6021/5597/820
f 6024/5593/5072 6021/5597/820 3603/5587/431 6025/5594/5073
f 6027/5598/5075 6028/5599/5076 2739/5600/4529 6029/5601/5077
f 6027/5598/5075 6029/5601/5077 2752/4920/4542 2788/4968/4578
f 6027/5598/5075 2788/4968/4578 2792/4972/4582 2805/4990/4595
f 6027/5598/5075 2805/4990/4595 2808/4994/4598 6028/5599/5076
f 6030/5602/5078 6031/5603/5079 2721/5604/4511 2732/5605/4522
f 6030/5602/5078 2732/5605/4522 2735/4978/4525 2797/4977/4587
f 6030/5602/5078 2797/4977/4587 2743/4907/4533 6031/5603/5079
f 6032/5606/5080 2738/5607/4528 2725/5608/4515 6033/5609/5081
f 6032/5606/5080 6033/5609/5081 2752/4920/4542 6029/5601/5077
f 6032/5606/5080 6029/5601/5077 2739/5600/4529 2738/5607/4528
f 6066/5610/5082 2700/4862/4490 2658/4816/4448 2657/4815/4447
f 6066/5610/5082 2657/4815/4447 2547/4701/4337 6067/5611/5083
f 6066/5610/5082 6067/5611/5083 2701/4863/4491 2700/4862/4490
f 6068/5612/5084 2662/4820/4452 2666/4824/4456 2706/4868/4496
f 6068/5612/5084 2706/4868/4496 2705/4867/4495 6069/5613/5085
f 6068/5612/5084 6069/5613/5085 2554/4708/4344 2662/4820/4452
f 6070/5614/5086 2600/4754/4390 2593/4747/4383 2733/4895/4523
f 6070/5614/5086 2733/4895/4523 2701/4863/4491 6067/5611/5083
f 6070/5614/5086 6067/5611/5083 2547/4701/4337 2600/4754/4390
f 6071/5615/5087 2737/4899/4527 2597/4751/4387 2602/4756/4392
f 6071/5615/5087 2602/4756/4392 2554/4708/4344 6069/5613/5085
f 6071/5615/5087 6069/5613/5085 2705/4867/4495 2737/4899/4527
f 6072/5616/5088 2794/5617/4584 2735/4897/4525 2734/4896/4524
f 6072/5616/5088 2734/4896/4524 2593/4747/4383 2592/4746/4382
f 6072/5616/5088 2592/4746/4382 2521/4675/4311 6073/5618/5089
f 6072/5616/5088 6073/5618/5089 2795/5619/4585 2794/5617/4584
f 6074/5620/5090 2598/4752/4388 2597/4751/4387 2740/4902/4530
f 6074/5620/5090 2740/4902/4530 2739/4901/4529 6028/5621/5076
f 6074/5620/5090 6028/5621/5076 2808/5622/4598 6075/5623/5091
f 6074/5620/5090 6075/5623/5091 2525/4679/4315 2598/4752/4388
f 6076/5624/5092 2520/4674/4310 2509/4663/4299 2803/5625/4593
f 6076/5624/5092 2803/5625/4593 2795/5619/4585 6073/5618/5089
f 6076/5624/5092 6073/5618/5089 2521/4675/4311 2520/4674/4310
f 6077/5626/5093 2807/5627/4597 2515/4669/4305 2526/4680/4316
f 6077/5626/5093 2526/4680/4316 2525/4679/4315 6075/5623/5091
f 6077/5626/5093 6075/5623/5091 2808/5622/4598 2807/5627/4597
f 6078/5628/5094 6031/5603/5079 2743/4907/4533 2742/4906/4532
f 6078/5628/5094 2742/4906/4532 2709/4905/4499 2722/5629/4512
f 6078/5628/5094 2722/5629/4512 2721/5604/4511 6031/5603/5079
f 6079/5630/5095 2748/4913/4538 2752/4920/4542 6033/5609/5081
f 6079/5630/5095 6033/5609/5081 2725/5608/4515 2724/5631/4514
f 6079/5630/5095 2724/5631/4514 2715/4914/4505 2748/4913/4538
f 6088/5632/5096 1751/4348/4034 1736/4329/4019 3771/5171/4730
f 6088/5632/5096 3771/5171/4730 3747/5147/4706 5082/5543/5030
f 6088/5632/5096 5082/5543/5030 1752/4349/4035 1751/4348/4034
f 6089/5633/5097 3775/5175/4734 1749/4345/4032 1757/4354/4040
f 6089/5633/5097 1757/4354/4040 1756/4353/4039 5084/5545/5032
f 6089/5633/5097 5084/5545/5032 3753/5153/4712 3775/5175/4734
f 6090/5634/5098 6003/5586/5069 1734/4325/4017 1733/4324/4016
f 6090/5634/5098 1733/4324/4016 1740/4334/4023 6025/5594/5073
f 6090/5634/5098 6025/5594/5073 3603/5587/431 6003/5586/5069
f 6091/5635/5099 1744/4338/4027 1743/4337/4026 6005/5592/5071
f 6091/5635/5099 6005/5592/5071 3607/5591/435 6092/5636/5100
f 6091/5635/5099 6092/5636/5100 1745/4339/4028 1744/4338/4027
f 6338/5637/5101 6339/5638/5102 1756/4353/4039 1755/4352/4038
f 6338/5637/5101 1755/4352/4038 1747/4343/4030 6340/5639/5103
f 6338/5637/5101 6340/5639/5103 1762/5640/4045 1761/5641/4044
f 6338/5637/5101 1761/5641/4044 1760/5642/4043 6339/5638/5102
f 6341/5643/5104 6340/5639/5103 1747/4343/4030 1746/4342/4029
f 6341/5644/5104 1746/4340/4029 1745/4339/4028 6342/5645/5105
f 6341/5644/5104 6342/5645/5105 1766/5646/4049 1765/5647/4048
f 6341/5643/5104 1765/5648/4048 1762/5640/4045 6340/5639/5103
f 6389/5649/5106 6388/5650/868 5031/5532/506 5030/5531/5021
f 6389/5649/5106 5030/5531/5021 5029/5530/5020 6390/5651/5107
f 6389/5649/5106 6390/5651/5107 5076/5652/5024 5075/5653/5023
f 6389/5649/5106 5075/5653/5023 5072/5654/539 6388/5650/868
f 6391/5655/5108 6390/5651/5107 5029/5530/5020 5085/5546/5033
f 6391/5655/5108 5085/5546/5033 1756/4353/4039 6339/5638/5102
f 6391/5655/5108 6339/5638/5102 1760/5642/4043 5080/5656/5028
f 6391/5655/5108 5080/5656/5028 5076/5652/5024 6390/5651/5107
f 6435/5657/5109 6342/5645/5105 1745/4339/4028 6092/5636/5100
f 6435/5657/5109 6092/5636/5100 3607/5591/435 6434/5658/884
f 6435/5657/5109 6434/5658/884 6022/5659/821 6026/5660/5074
f 6435/5657/5109 6026/5660/5074 1766/5646/4049 6342/5645/5105
usemtl backleg
f 2125/5661/5110 2126/5662/5111 2114/5663/331 2113/5664/330
f 2125/5661/5110 2113/5664/330 2112/5665/329 2127/5666/5112
f 2125/5661/5110 2127/5666/5112 2128/5667/5113 2129/5668/5114
f 2125/5661/5110 2129/5668/5114 2130/5669/5115 2126/5662/5111
f 2131/5670/5116 2132/5671/5117 2118/5672/335 2117/5673/334
f 2131/5670/5116 2117/5673/334 2124/5674/341 2133/5675/5118
f 2131/5670/5116 2133/5675/5118 2134/5676/5119 2135/5677/5120
f 2131/5670/5116 2135/5677/5120 2136/5678/5121 2132/5671/5117
f 2137/5679/5122 2126/5662/5111 2130/5669/5115 2138/5680/5123
f 2137/5679/5122 2138/5680/5123 2139/5681/5124 2140/5682/5125
f 2137/5679/5122 2140/5682/5125 2141/5683/344 2142/5684/343
f 2137/5679/5122 2142/5684/343 2114/5663/331 2126/5662/5111
f 2143/5685/5126 2144/5686/5127 2145/5687/5128 2146/5688/5129
f 2143/5685/5126 2146/5688/5129 2134/5676/5119 2133/5675/5118
f 2143/5685/5126 2133/5675/5118 2124/5674/341 2147/5689/349
f 2143/5685/5126 2147/5689/349 2148/5690/348 2144/5686/5127
f 2149/5691/5130 2138/5680/5123 2130/5669/5115 2150/5692/5131
f 2149/5691/5130 2150/5692/5131 2151/5693/5132 2152/5694/5133
f 2149/5691/5130 2152/5694/5133 2153/5695/5134 2154/5696/5135
f 2149/5691/5130 2154/5696/5135 2139/5681/5124 2138/5680/5123
f 2155/5697/5136 2156/5698/5137 2157/5699/5138 2158/5700/5139
f 2155/5697/5136 2158/5700/5139 2134/5676/5119 2146/5688/5129
f 2155/5697/5136 2146/5688/5129 2145/5687/5128 2159/5701/5140
f 2155/5697/5136 2159/5701/5140 2160/5702/5141 2156/5698/5137
f 2161/5703/5142 2152/5694/5133 2151/5693/5132 2162/5704/5143
f 2161/5703/5142 2162/5704/5143 2163/5705/5144 2164/5706/5145
f 2161/5703/5142 2164/5706/5145 2165/5707/5146 2166/5708/5147
f 2161/5703/5142 2166/5708/5147 2153/5695/5134 2152/5694/5133
f 2167/5709/5148 2168/5710/5149 2169/5711/5150 2170/5712/5151
f 2167/5709/5148 2170/5712/5151 2157/5699/5138 2156/5698/5137
f 2167/5709/5148 2156/5698/5137 2160/5702/5141 2171/5713/5152
f 2167/5709/5148 2171/5713/5152 2172/5714/5153 2168/5710/5149
f 2179/5715/5154 2140/5682/5125 2139/5681/5124 2180/5716/5155
f 2179/5715/5154 2180/5716/5155 2181/5717/5156 2182/5718/5157
f 2179/5715/5154 2182/5718/5157 2183/5719/5158 2184/5720/5159
f 2179/5715/5154 2184/5720/5159 2141/5683/344 2140/5682/5125
f 2185/5721/5160 2186/5722/5161 2187/5723/5162 2188/5724/5163
f 2185/5721/5160 2188/5724/5163 2145/5687/5128 2144/5686/5127
f 2185/5721/5160 2144/5686/5127 2148/5690/348 2189/5725/5164
f 2185/5721/5160 2189/5725/5164 2190/5726/5165 2186/5722/5161
f 2191/5727/5166 2180/5716/5155 2139/5681/5124 2154/5696/5135
f 2191/5727/5166 2154/5696/5135 2153/5695/5134 2192/5728/5167
f 2191/5727/5166 2192/5728/5167 2193/5729/5168 2194/5730/5169
f 2191/5727/5166 2194/5730/5169 2181/5717/5156 2180/5716/5155
f 2195/5731/5170 2196/5732/5171 2160/5702/5141 2159/5701/5140
f 2195/5731/5170 2159/5701/5140 2145/5687/5128 2188/5724/5163
f 2195/5731/5170 2188/5724/5163 2187/5723/5162 2197/5733/5172
f 2195/5731/5170 2197/5733/5172 2198/5734/5173 2196/5732/5171
f 2199/5735/5174 2192/5728/5167 2153/5695/5134 2166/5708/5147
f 2199/5735/5174 2166/5708/5147 2165/5707/5146 2200/5736/5175
f 2199/5735/5174 2200/5736/5175 2201/5737/5176 2202/5738/5177
f 2199/5735/5174 2202/5738/5177 2193/5729/5168 2192/5728/5167
f 2203/5739/5178 2204/5740/5179 2172/5714/5153 2171/5713/5152
f 2203/5739/5178 2171/5713/5152 2160/5702/5141 2196/5732/5171
f 2203/5739/5178 2196/5732/5171 2198/5734/5173 2205/5741/5180
f 2203/5739/5178 2205/5741/5180 2206/5742/5181 2204/5740/5179
f 2207/5743/5182 2200/5736/5175 2165/5707/5146 2208/5744/5183
f 2207/5743/5182 2208/5744/5183 2209/5745/5184 2210/5746/5185
f 2207/5743/5182 2210/5746/5185 2211/5747/5186 2212/5748/5187
f 2207/5743/5182 2212/5748/5187 2201/5737/5176 2200/5736/5175
f 2213/5749/5188 2214/5750/5189 2215/5751/5190 2216/5752/5191
f 2213/5749/5188 2216/5752/5191 2172/5714/5153 2204/5740/5179
f 2213/5749/5188 2204/5740/5179 2206/5742/5181 2217/5753/5192
f 2213/5749/5188 2217/5753/5192 2218/5754/5193 2214/5750/5189
f 2219/5755/5194 2194/5756/5169 2193/5757/5168 2220/5758/5195
f 2219/5755/5194 2220/5758/5195 2221/5759/5196 2222/5760/5197
f 2219/5755/5194 2222/5760/5197 2181/5761/5156 2194/5756/5169
f 2223/5762/5198 2224/5763/5199 2198/5764/5173 2197/5765/5172
f 2223/5762/5198 2197/5765/5172 2187/5766/5162 2225/5767/5200
f 2223/5762/5198 2225/5767/5200 2226/5768/5201 2224/5763/5199
f 2227/5769/5202 2228/5770/5203 2229/5771/5204 2230/5772/5205
f 2227/5769/5202 2230/5772/5205 2221/5759/5196 2220/5758/5195
f 2227/5769/5202 2220/5758/5195 2193/5757/5168 2231/5773/5206
f 2227/5769/5202 2231/5773/5206 2232/5774/5207 2228/5770/5203
f 2233/5775/5208 2224/5763/5199 2226/5768/5201 2234/5776/5209
f 2233/5775/5208 2234/5776/5209 2235/5777/5210 2236/5778/5211
f 2233/5775/5208 2236/5778/5211 2237/5779/5212 2238/5780/5213
f 2233/5775/5208 2238/5780/5213 2198/5764/5173 2224/5763/5199
f 2239/5781/5214 2231/5773/5206 2193/5757/5168 2202/5782/5177
f 2239/5781/5214 2202/5782/5177 2201/5783/5176 2240/5784/5215
f 2239/5781/5214 2240/5784/5215 2241/5785/5216 2242/5786/5217
f 2239/5781/5214 2242/5786/5217 2232/5774/5207 2231/5773/5206
f 2243/5787/5218 2244/5788/5219 2206/5789/5181 2205/5790/5180
f 2243/5787/5218 2205/5790/5180 2198/5764/5173 2238/5780/5213
f 2243/5787/5218 2238/5780/5213 2237/5779/5212 2245/5791/5220
f 2243/5787/5218 2245/5791/5220 2246/5792/5221 2244/5788/5219
f 2247/5793/5222 2228/5770/5203 2232/5774/5207 2248/5794/5223
f 2247/5793/5222 2248/5794/5223 2249/5795/5224 2250/5796/5225
f 2247/5793/5222 2250/5796/5225 2251/5797/5226 2252/5798/5227
f 2247/5793/5222 2252/5798/5227 2229/5771/5204 2228/5770/5203
f 2253/5799/5228 2242/5786/5217 2241/5785/5216 2254/5800/5229
f 2253/5799/5228 2254/5800/5229 2255/5801/5230 2256/5802/5231
f 2253/5799/5228 2256/5802/5231 2249/5795/5224 2248/5794/5223
f 2253/5799/5228 2248/5794/5223 2232/5774/5207 2242/5786/5217
f 2257/5803/5232 2240/5784/5215 2201/5783/5176 2212/5804/5187
f 2257/5803/5232 2212/5804/5187 2211/5805/5186 2258/5806/5233
f 2257/5803/5232 2258/5806/5233 2259/5807/5234 2260/5808/5235
f 2257/5803/5232 2260/5808/5235 2241/5785/5216 2240/5784/5215
f 2261/5809/5236 2262/5810/5237 2218/5811/5193 2217/5812/5192
f 2261/5809/5236 2217/5812/5192 2206/5789/5181 2244/5788/5219
f 2261/5809/5236 2244/5788/5219 2246/5792/5221 2263/5813/5238
f 2261/5809/5236 2263/5813/5238 2264/5814/5239 2262/5810/5237
f 2265/5815/5240 2210/5746/5185 2209/5745/5184 2266/5816/5241
f 2265/5815/5240 2266/5816/5241 2267/5817/5242 2268/5818/5243
f 2265/5815/5240 2268/5818/5243 2269/5819/5244 2270/5820/5245
f 2265/5815/5240 2270/5820/5245 2211/5747/5186 2210/5746/5185
f 2271/5821/5246 2272/5822/5247 2273/5823/5248 2274/5824/5249
f 2271/5821/5246 2274/5824/5249 2215/5751/5190 2214/5750/5189
f 2271/5821/5246 2214/5750/5189 2218/5754/5193 2275/5825/5250
f 2271/5821/5246 2275/5825/5250 2276/5826/5251 2272/5822/5247
f 2277/5827/5252 2182/5828/5157 2181/5761/5156 2222/5760/5197
f 2277/5827/5252 2222/5760/5197 2221/5759/5196 2230/5772/5205
f 2277/5827/5252 2230/5772/5205 2229/5771/5204 2278/5829/5253
f 2277/5827/5252 2278/5829/5253 2183/5830/5158 2182/5828/5157
f 2279/5831/5254 2234/5776/5209 2226/5768/5201 2225/5767/5200
f 2279/5831/5254 2225/5767/5200 2187/5766/5162 2186/5832/5161
f 2279/5831/5254 2186/5832/5161 2190/5833/5165 2280/5834/5255
f 2279/5831/5254 2280/5834/5255 2235/5777/5210 2234/5776/5209
f 2281/5835/5256 2278/5829/5253 2229/5771/5204 2252/5798/5227
f 2281/5835/5256 2252/5798/5227 2251/5797/5226 2282/5836/5257
f 2281/5835/5256 2282/5836/5257 2283/5837/5258 2284/5838/5259
f 2281/5835/5256 2284/5838/5259 2183/5830/5158 2278/5829/5253
f 3018/5839/5260 3019/5840/5261 3020/5841/5262 3021/5842/5263
f 3018/5839/5260 3021/5842/5263 3022/5843/5264 3023/5844/5265
f 3018/5839/5260 3023/5844/5265 3024/5845/5266 3025/5846/5267
f 3018/5839/5260 3025/5846/5267 3026/5847/5268 3019/5840/5261
f 3027/5848/5269 3028/5849/5270 3029/5850/5271 3030/5851/5272
f 3027/5848/5269 3030/5851/5272 3031/5852/5273 3032/5853/5274
f 3027/5848/5269 3032/5853/5274 3033/5854/5275 3034/5855/5276
f 3027/5848/5269 3034/5855/5276 3035/5856/5277 3028/5849/5270
f 3036/5857/5278 3037/5858/5279 3020/5841/5262 3019/5840/5261
f 3036/5857/5278 3019/5840/5261 3026/5847/5268 3038/5859/5280
f 3036/5857/5278 3038/5859/5280 3039/5860/5281 3037/5858/5279
f 3040/5861/5282 3030/5851/5272 3029/5850/5271 3041/5862/5283
f 3040/5861/5282 3041/5862/5283 3042/5863/5284 3043/5864/5285
f 3040/5861/5282 3043/5864/5285 3031/5852/5273 3030/5851/5272
f 3044/5865/5286 3037/5858/5279 3039/5860/5281 3045/5866/5287
f 3044/5865/5286 3045/5866/5287 3046/5867/5288 3047/5868/5289
f 3044/5865/5286 3047/5868/5289 3020/5841/5262 3037/5858/5279
f 3048/5869/5290 3049/5870/5291 3042/5863/5284 3041/5862/5283
f 3048/5869/5290 3041/5862/5283 3029/5850/5271 3050/5871/5292
f 3048/5869/5290 3050/5871/5292 3051/5872/5293 3049/5870/5291
f 3052/5873/5294 3047/5868/5289 3046/5867/5288 3053/5874/5295
f 3052/5873/5294 3053/5874/5295 3054/5875/5296 3055/5876/5297
f 3052/5873/5294 3055/5876/5297 3056/5877/5298 3057/5878/5299
f 3052/5873/5294 3057/5878/5299 3020/5841/5262 3047/5868/5289
f 3058/5879/5300 3059/5880/5301 3060/5881/5302 3061/5882/5303
f 3058/5879/5300 3061/5882/5303 3051/5872/5293 3050/5871/5292
f 3058/5879/5300 3050/5871/5292 3029/5850/5271 3062/5883/5304
f 3058/5879/5300 3062/5883/5304 3063/5884/5305 3059/5880/5301
f 3064/5885/5306 3065/5886/5307 3056/5877/5298 3055/5876/5297
f 3064/5885/5306 3055/5876/5297 3054/5875/5296 3066/5887/5308
f 3064/5885/5306 3066/5887/5308 3067/5888/5309 3065/5886/5307
f 3068/5889/5310 3059/5880/5301 3063/5884/5305 3069/5890/5311
f 3068/5889/5310 3069/5890/5311 3070/5891/5312 3071/5892/5313
f 3068/5889/5310 3071/5892/5313 3060/5881/5302 3059/5880/5301
f 3072/5893/5314 3065/5886/5307 3067/5888/5309 3073/5894/5315
f 3072/5893/5314 3073/5894/5315 3074/5895/5316 3075/5896/5317
f 3072/5893/5314 3075/5896/5317 3056/5877/5298 3065/5886/5307
f 3076/5897/5318 3077/5898/5319 3070/5891/5312 3069/5890/5311
f 3076/5897/5318 3069/5890/5311 3063/5884/5305 3078/5899/5320
f 3076/5897/5318 3078/5899/5320 3079/5900/5321 3077/5898/5319
f 3080/5901/5322 3075/5896/5317 3074/5895/5316 3081/5902/5323
f 3080/5901/5322 3081/5902/5323 3082/5903/5324 3083/5904/5325
f 3080/5901/5322 3083/5904/5325 3084/5905/5326 3085/5906/5327
f 3080/5901/5322 3085/5906/5327 3056/5877/5298 3075/5896/5317
f 3086/5907/5328 3087/5908/5329 3088/5909/5330 3089/5910/5331
f 3086/5907/5328 3089/5910/5331 3079/5900/5321 3078/5899/5320
f 3086/5907/5328 3078/5899/5320 3063/5884/5305 3090/5911/5332
f 3086/5907/5328 3090/5911/5332 3091/5912/5333 3087/5908/5329
f 3092/5913/5334 3093/5914/5335 3056/5877/5298 3085/5906/5327
f 3092/5913/5334 3085/5906/5327 3084/5905/5326 3094/5915/5336
f 3092/5913/5334 3094/5915/5336 3095/5916/5337 3093/5914/5335
f 3096/5917/5338 3090/5911/5332 3063/5884/5305 3097/5918/5339
f 3096/5917/5338 3097/5918/5339 3098/5919/5340 3099/5920/5341
f 3096/5917/5338 3099/5920/5341 3091/5912/5333 3090/5911/5332
f 3100/5921/5342 3093/5914/5335 3095/5916/5337 3101/5922/5343
f 3100/5921/5342 3101/5922/5343 3102/5923/5344 3103/5924/5345
f 3100/5921/5342 3103/5924/5345 3020/5841/5262 3057/5878/5299
f 3100/5921/5342 3057/5878/5299 3056/5877/5298 3093/5914/5335
f 3104/5925/5346 3105/5926/5347 3098/5919/5340 3097/5918/5339
f 3104/5925/5346 3097/5918/5339 3063/5884/5305 3062/5883/5304
f 3104/5925/5346 3062/5883/5304 3029/5850/5271 3106/5927/5348
f 3104/5925/5346 3106/5927/5348 3107/5928/5349 3105/5926/5347
f 3108/5929/5350 3101/5922/5343 3095/5916/5337 3109/5930/5351
f 3108/5929/5350 3109/5930/5351 3110/5931/5352 3111/5932/5353
f 3108/5929/5350 3111/5932/5353 3112/5933/5354 3113/5934/5355
f 3108/5929/5350 3113/5934/5355 3102/5923/5344 3101/5922/5343
f 3114/5935/5356 3115/5936/5357 3098/5919/5340 3105/5926/5347
f 3114/5935/5356 3105/5926/5347 3107/5928/5349 3116/5937/5358
f 3114/5935/5356 3116/5937/5358 3117/5938/5359 3118/5939/5360
f 3114/5935/5356 3118/5939/5360 3119/5940/5361 3115/5936/5357
f 3120/5941/5362 3109/5942/5351 3095/5943/5337 3121/5944/5363
f 3120/5941/5362 3121/5944/5363 3122/5945/5364 3123/5946/5365
f 3120/5941/5362 3123/5946/5365 3124/5947/5366 3125/5948/5367
f 3120/5941/5362 3125/5948/5367 3110/5949/5352 3109/5942/5351
f 3126/5950/5368 3127/5951/5369 3128/5952/5370 3129/5953/5371
f 3126/5950/5368 3129/5953/5371 3098/5954/5340 3115/5955/5357
f 3126/5950/5368 3115/5955/5357 3119/5956/5361 3130/5957/5372
f 3126/5950/5368 3130/5957/5372 3131/5958/5373 3127/5951/5369
f 3132/5959/5374 3133/5960/5375 3134/5961/5376 3135/5962/5377
f 3132/5959/5374 3135/5962/5377 3136/5963/5378 3137/5964/5379
f 3132/5959/5374 3137/5964/5379 3138/5965/5380 3139/5966/5381
f 3132/5959/5374 3139/5966/5381 3140/5967/5382 3133/5960/5375
f 3141/5968/5383 3142/5969/5384 3143/5970/5385 3144/5971/5386
f 3141/5968/5383 3144/5971/5386 3145/5972/5387 3146/5973/5388
f 3141/5968/5383 3146/5973/5388 3147/5974/5389 3148/5975/5390
f 3141/5968/5383 3148/5975/5390 3149/5976/5391 3142/5969/5384
f 3150/5977/5392 3133/5960/5375 3140/5967/5382 3151/5978/5393
f 3150/5977/5392 3151/5978/5393 3152/5979/5394 3153/5980/5395
f 3150/5977/5392 3153/5980/5395 3154/5981/5396 3155/5982/5397
f 3150/5977/5392 3155/5982/5397 3134/5961/5376 3133/5960/5375
f 3156/5983/5398 3157/5984/5399 3158/5985/5400 3159/5986/5401
f 3156/5983/5398 3159/5986/5401 3147/5974/5389 3146/5973/5388
f 3156/5983/5398 3146/5973/5388 3145/5972/5387 3160/5987/5402
f 3156/5983/5398 3160/5987/5402 3161/5988/5403 3157/5984/5399
f 3162/5989/5404 3151/5978/5393 3140/5967/5382 3163/5990/5405
f 3162/5989/5404 3163/5990/5405 3164/5991/5406 3165/5992/5407
f 3162/5989/5404 3165/5992/5407 3166/5993/5408 3167/5994/5409
f 3162/5989/5404 3167/5994/5409 3152/5979/5394 3151/5978/5393
f 3168/5995/5410 3169/5996/5411 3170/5997/5412 3171/5998/5413
f 3168/5995/5410 3171/5998/5413 3147/5974/5389 3159/5986/5401
f 3168/5995/5410 3159/5986/5401 3158/5985/5400 3172/5999/5414
f 3168/5995/5410 3172/5999/5414 3173/6000/5415 3169/5996/5411
f 3174/6001/5416 3175/6002/5417 3166/5993/5408 3165/5992/5407
f 3174/6001/5416 3165/5992/5407 3164/5991/5406 3176/6003/5418
f 3174/6004/5416 3176/6005/5418 3124/5947/5366 3123/5946/5365
f 3174/6004/5416 3123/5946/5365 3122/5945/5364 3175/6006/5417
f 3177/6007/5419 3178/6008/5420 3170/5997/5412 3169/5996/5411
f 3177/6007/5419 3169/5996/5411 3173/6000/5415 3179/6009/5421
f 3177/6010/5419 3179/6011/5421 3128/5952/5370 3127/5951/5369
f 3177/6010/5419 3127/5951/5369 3131/5958/5373 3178/6012/5420
f 3180/6013/5422 3111/6014/5353 3110/5949/5352 3125/5948/5367
f 3180/6013/5422 3125/5948/5367 3124/5947/5366 3181/6015/5423
f 3180/6013/5422 3181/6015/5423 3182/6016/5424 3183/6017/5425
f 3180/6013/5422 3183/6017/5425 3112/6018/5354 3111/6014/5353
f 3184/6019/5426 3185/6020/5427 3131/5958/5373 3130/5957/5372
f 3184/6019/5426 3130/5957/5372 3119/5956/5361 3118/6021/5360
f 3184/6019/5426 3118/6021/5360 3117/6022/5359 3186/6023/5428
f 3184/6019/5426 3186/6023/5428 3187/6024/5429 3185/6020/5427
f 3188/6025/5430 3113/5934/5355 3112/5933/5354 3189/6026/5431
f 3188/6025/5430 3189/6026/5431 3190/6027/5432 3191/6028/5433
f 3188/6025/5430 3191/6028/5433 3192/6029/5434 3193/6030/5435
f 3188/6025/5430 3193/6030/5435 3102/5923/5344 3113/5934/5355
f 3194/6031/5436 3195/6032/5437 3117/5938/5359 3116/5937/5358
f 3194/6031/5436 3116/5937/5358 3107/5928/5349 3196/6033/5438
f 3194/6031/5436 3196/6033/5438 3197/6034/5439 3198/6035/5440
f 3194/6031/5436 3198/6035/5440 3199/6036/5441 3195/6032/5437
f 3200/6037/5442 3176/6003/5418 3164/5991/5406 3201/6038/5443
f 3200/6037/5442 3201/6038/5443 3202/6039/5444 3203/6040/5445
f 3200/6041/5442 3203/6042/5445 3182/6016/5424 3181/6015/5423
f 3200/6041/5442 3181/6015/5423 3124/5947/5366 3176/6005/5418
f 3204/6043/5446 3205/6044/5447 3206/6045/5448 3207/6046/5449
f 3204/6043/5446 3207/6046/5449 3170/5997/5412 3178/6008/5420
f 3204/6047/5446 3178/6012/5420 3131/5958/5373 3185/6020/5427
f 3204/6047/5446 3185/6020/5427 3187/6024/5429 3205/6048/5447
f 3208/6049/5450 3209/6050/5451 3202/6039/5444 3201/6038/5443
f 3208/6049/5450 3201/6038/5443 3164/5991/5406 3163/5990/5405
f 3208/6049/5450 3163/5990/5405 3140/5967/5382 3139/5966/5381
f 3208/6049/5450 3139/5966/5381 3138/5965/5380 3209/6050/5451
f 3210/6051/5452 3171/5998/5413 3170/5997/5412 3207/6046/5449
f 3210/6051/5452 3207/6046/5449 3206/6045/5448 3211/6052/5453
f 3210/6051/5452 3211/6052/5453 3149/5976/5391 3148/5975/5390
f 3210/6051/5452 3148/5975/5390 3147/5974/5389 3171/5998/5413
f 3212/6053/5454 3213/6054/5455 3214/6055/5456 3215/6056/5457
f 3212/6053/5454 3215/6056/5457 3136/6057/5378 3216/6058/5458
f 3212/6059/5454 3216/6060/5458 3217/6061/5459 3218/6062/5460
f 3212/6059/5454 3218/6062/5460 3219/6063/5461 3213/6064/5455
f 3220/6065/5462 3221/6066/5463 3143/6067/5385 3222/6068/5464
f 3220/6065/5462 3222/6068/5464 3223/6069/5465 3224/6070/5466
f 3220/6071/5462 3224/6072/5466 3225/6073/5467 3226/6074/5468
f 3220/6071/5462 3226/6074/5468 3227/6075/5469 3221/6076/5463
f 3228/6077/5470 3137/6078/5379 3136/6057/5378 3215/6056/5457
f 3228/6077/5470 3215/6056/5457 3214/6055/5456 3229/6079/5471
f 3228/6077/5470 3229/6079/5471 3230/6080/5472 3231/6081/5473
f 3228/6077/5470 3231/6081/5473 3138/6082/5380 3137/6078/5379
f 3232/6083/5474 3233/6084/5475 3223/6069/5465 3222/6068/5464
f 3232/6083/5474 3222/6068/5464 3143/6067/5385 3142/6085/5384
f 3232/6083/5474 3142/6085/5384 3149/6086/5391 3234/6087/5476
f 3232/6083/5474 3234/6087/5476 3235/6088/5477 3233/6084/5475
f 3236/6089/5478 3231/6081/5473 3230/6080/5472 3237/6090/5479
f 3236/6089/5478 3237/6090/5479 3238/6091/5480 3239/6092/5481
f 3236/6089/5478 3239/6092/5481 3202/6093/5444 3209/6094/5451
f 3236/6089/5478 3209/6094/5451 3138/6082/5380 3231/6081/5473
f 3240/6095/5482 3241/6096/5483 3242/6097/5484 3243/6098/5485
f 3240/6095/5482 3243/6098/5485 3235/6088/5477 3234/6087/5476
f 3240/6095/5482 3234/6087/5476 3149/6086/5391 3211/6099/5453
f 3240/6095/5482 3211/6099/5453 3206/6100/5448 3241/6096/5483
f 3244/6101/5486 3239/6092/5481 3238/6091/5480 3245/6102/5487
f 3244/6103/5486 3245/6104/5487 3246/6105/5488 3247/6106/5489
f 3244/6103/5486 3247/6106/5489 3182/6107/5424 3203/6108/5445
f 3244/6101/5486 3203/6109/5445 3202/6093/5444 3239/6092/5481
f 3248/6110/5490 3249/6111/5491 3250/6112/5492 3251/6113/5493
f 3248/6114/5490 3251/6115/5493 3242/6097/5484 3241/6096/5483
f 3248/6114/5490 3241/6096/5483 3206/6100/5448 3205/6116/5447
f 3248/6110/5490 3205/6117/5447 3187/6118/5429 3249/6111/5491
f 3252/6119/5494 3183/6120/5425 3182/6107/5424 3247/6106/5489
f 3252/6119/5494 3247/6106/5489 3246/6105/5488 3253/6121/5495
f 3252/6119/5494 3253/6121/5495 3190/6122/5432 3189/6123/5431
f 3252/6119/5494 3189/6123/5431 3112/6124/5354 3183/6120/5425
f 3254/6125/5496 3255/6126/5497 3250/6112/5492 3249/6111/5491
f 3254/6125/5496 3249/6111/5491 3187/6118/5429 3186/6127/5428
f 3254/6125/5496 3186/6127/5428 3117/6128/5359 3195/6129/5437
f 3254/6125/5496 3195/6129/5437 3199/6130/5441 3255/6126/5497
f 3256/6131/5498 3257/6132/5499 3246/6105/5488 3245/6104/5487
f 3256/6133/5498 3245/6102/5487 3238/6091/5480 3258/6134/5500
f 3256/6133/5498 3258/6134/5500 3259/6135/5501 3260/6136/5502
f 3256/6131/5498 3260/6137/5502 3261/6138/5503 3257/6132/5499
f 3262/6139/5504 3263/6140/5505 3242/6097/5484 3251/6115/5493
f 3262/6141/5504 3251/6113/5493 3250/6112/5492 3264/6142/5506
f 3262/6141/5504 3264/6142/5506 3265/6143/5507 3266/6144/5508
f 3262/6139/5504 3266/6145/5508 3267/6146/5509 3263/6140/5505
f 3268/6147/5510 3269/6148/5511 3261/6138/5503 3270/6149/5512
f 3268/6147/5510 3270/6149/5512 3271/6150/5513 3272/6151/5514
f 3268/6147/5510 3272/6151/5514 3273/6152/5515 3274/6153/5516
f 3268/6147/5510 3274/6153/5516 3192/6154/5434 3269/6148/5511
f 3275/6155/5517 3276/6156/5518 3277/6157/5519 3278/6158/5520
f 3275/6155/5517 3278/6158/5520 3265/6143/5507 3279/6159/5521
f 3275/6155/5517 3279/6159/5521 3197/6160/5439 3280/6161/5522
f 3275/6155/5517 3280/6161/5522 3281/6162/5523 3276/6156/5518
f 3282/6163/5524 3269/6148/5511 3192/6154/5434 3191/6164/5433
f 3282/6163/5524 3191/6164/5433 3190/6122/5432 3253/6121/5495
f 3282/6163/5524 3253/6121/5495 3246/6105/5488 3257/6132/5499
f 3282/6163/5524 3257/6132/5499 3261/6138/5503 3269/6148/5511
f 3283/6165/5525 3255/6126/5497 3199/6130/5441 3198/6166/5440
f 3283/6165/5525 3198/6166/5440 3197/6160/5439 3279/6159/5521
f 3283/6165/5525 3279/6159/5521 3265/6143/5507 3264/6142/5506
f 3283/6165/5525 3264/6142/5506 3250/6112/5492 3255/6126/5497
f 3284/6167/5526 3285/6168/5527 3286/6169/5528 3287/6170/5529
f 3284/6167/5526 3287/6170/5529 3288/6171/5530 3289/6172/5531
f 3284/6167/5526 3289/6172/5531 3271/6150/5513 3290/6173/5532
f 3284/6167/5526 3290/6173/5532 3291/6174/5533 3285/6168/5527
f 3292/6175/5534 3293/6176/5535 3294/6177/5536 3295/6178/5537
f 3292/6175/5534 3295/6178/5537 3296/6179/5538 3297/6180/5539
f 3292/6175/5534 3297/6180/5539 3298/6181/5540 3299/6182/5541
f 3292/6175/5534 3299/6182/5541 3277/6157/5519 3293/6176/5535
f 3300/6183/5542 3301/6184/5543 3291/6174/5533 3290/6173/5532
f 3300/6183/5542 3290/6173/5532 3271/6150/5513 3270/6149/5512
f 3300/6183/5542 3270/6149/5512 3261/6138/5503 3302/6185/5544
f 3300/6183/5542 3302/6185/5544 3303/6186/5545 3301/6184/5543
f 3304/6187/5546 3278/6158/5520 3277/6157/5519 3299/6182/5541
f 3304/6187/5546 3299/6182/5541 3298/6181/5540 3305/6188/5547
f 3304/6187/5546 3305/6188/5547 3306/6189/5548 3307/6190/5549
f 3304/6187/5546 3307/6190/5549 3265/6143/5507 3278/6158/5520
f 3308/6191/5550 3302/6185/5544 3261/6138/5503 3260/6137/5502
f 3308/6192/5550 3260/6136/5502 3259/6135/5501 3309/6193/5551
f 3308/6192/5550 3309/6193/5551 3310/6194/5552 3311/6195/5553
f 3308/6191/5550 3311/6196/5553 3303/6186/5545 3302/6185/5544
f 3312/6197/5554 3313/6198/5555 3267/6146/5509 3266/6145/5508
f 3312/6199/5554 3266/6144/5508 3265/6143/5507 3307/6190/5549
f 3312/6199/5554 3307/6190/5549 3306/6189/5548 3314/6200/5556
f 3312/6197/5554 3314/6201/5556 3315/6202/5557 3313/6198/5555
f 3316/6203/5558 3317/6204/5559 3259/6135/5501 3258/6134/5500
f 3316/6203/5558 3258/6134/5500 3238/6091/5480 3237/6090/5479
f 3316/6203/5558 3237/6090/5479 3230/6080/5472 3318/6205/5560
f 3316/6203/5558 3318/6205/5560 3319/6206/5561 3317/6204/5559
f 3320/6207/5562 3243/6098/5485 3242/6097/5484 3263/6140/5505
f 3320/6207/5562 3263/6140/5505 3267/6146/5509 3321/6208/5563
f 3320/6207/5562 3321/6208/5563 3322/6209/5564 3323/6210/5565
f 3320/6207/5562 3323/6210/5565 3235/6088/5477 3243/6098/5485
f 3324/6211/5566 3325/6212/5567 3326/6213/5568 3327/6214/5569
f 3324/6211/5566 3327/6214/5569 3214/6055/5456 3213/6054/5455
f 3324/6215/5566 3213/6064/5455 3219/6063/5461 3328/6216/5570
f 3324/6215/5566 3328/6216/5570 3329/6217/5571 3325/6218/5567
f 3330/6219/5572 3224/6070/5466 3223/6069/5465 3331/6220/5573
f 3330/6219/5572 3331/6220/5573 3332/6221/5574 3333/6222/5575
f 3330/6223/5572 3333/6224/5575 3334/6225/5576 3335/6226/5577
f 3330/6223/5572 3335/6226/5577 3225/6073/5467 3224/6072/5466
f 3336/6227/5578 3337/6228/5579 3329/6217/5571 3328/6216/5570
f 3336/6227/5578 3328/6216/5570 3219/6063/5461 3338/6229/5580
f 3336/6227/5578 3338/6229/5580 3339/6230/5581 3340/6231/5582
f 3336/6227/5578 3340/6231/5582 3341/6232/5583 3337/6228/5579
f 3342/6233/5584 3343/6234/5585 3225/6073/5467 3335/6226/5577
f 3342/6233/5584 3335/6226/5577 3334/6225/5576 3344/6235/5586
f 3342/6233/5584 3344/6235/5586 3345/6236/5587 3346/6237/5588
f 3342/6233/5584 3346/6237/5588 3347/6238/5589 3343/6234/5585
f 3348/6239/5590 3349/6240/5591 3350/6241/5592 3351/6242/5593
f 3348/6239/5590 3351/6242/5593 3352/6243/5594 3353/6244/5595
f 3348/6239/5590 3353/6244/5595 3354/6245/5596 3355/6246/5597
f 3348/6239/5590 3355/6246/5597 3341/6232/5583 3349/6240/5591
f 3356/6247/5598 3357/6248/5599 3358/6249/5600 3359/6250/5601
f 3356/6247/5598 3359/6250/5601 3360/6251/5602 3361/6252/5603
f 3356/6247/5598 3361/6252/5603 3345/6236/5587 3362/6253/5604
f 3356/6247/5598 3362/6253/5604 3363/6254/5605 3357/6248/5599
f 3364/6255/5606 3337/6228/5579 3341/6232/5583 3355/6246/5597
f 3364/6255/5606 3355/6246/5597 3354/6245/5596 3365/6256/5607
f 3364/6255/5606 3365/6256/5607 3366/6257/5608 3367/6258/5609
f 3364/6255/5606 3367/6258/5609 3329/6217/5571 3337/6228/5579
f 3368/6259/5610 3369/6260/5611 3363/6254/5605 3362/6253/5604
f 3368/6259/5610 3362/6253/5604 3345/6236/5587 3344/6235/5586
f 3368/6259/5610 3344/6235/5586 3334/6225/5576 3370/6261/5612
f 3368/6259/5610 3370/6261/5612 3371/6262/5613 3369/6260/5611
f 3372/6263/5614 3325/6218/5567 3329/6217/5571 3367/6258/5609
f 3372/6263/5614 3367/6258/5609 3366/6257/5608 3373/6264/5615
f 3372/6265/5614 3373/6266/5615 3374/6267/5616 3375/6268/5617
f 3372/6265/5614 3375/6268/5617 3326/6213/5568 3325/6212/5567
f 3376/6269/5618 3377/6270/5619 3371/6262/5613 3370/6261/5612
f 3376/6269/5618 3370/6261/5612 3334/6225/5576 3333/6224/5575
f 3376/6271/5618 3333/6222/5575 3332/6221/5574 3378/6272/5620
f 3376/6271/5618 3378/6272/5620 3379/6273/5621 3377/6274/5619
f 3380/6275/5622 3381/6276/5623 3326/6213/5568 3375/6268/5617
f 3380/6275/5622 3375/6268/5617 3374/6267/5616 3382/6277/5624
f 3380/6275/5622 3382/6277/5624 3383/6278/5625 3384/6279/5626
f 3380/6275/5622 3384/6279/5626 3319/6206/5561 3381/6276/5623
f 3385/6280/5627 3386/6281/5628 3379/6273/5621 3378/6272/5620
f 3385/6280/5627 3378/6272/5620 3332/6221/5574 3387/6282/5629
f 3385/6280/5627 3387/6282/5629 3322/6209/5564 3388/6283/5630
f 3385/6280/5627 3388/6283/5630 3389/6284/5631 3386/6281/5628
f 3390/6285/5632 3384/6279/5626 3383/6278/5625 3391/6286/5633
f 3390/6285/5632 3391/6286/5633 3310/6194/5552 3309/6193/5551
f 3390/6285/5632 3309/6193/5551 3259/6135/5501 3317/6204/5559
f 3390/6285/5632 3317/6204/5559 3319/6206/5561 3384/6279/5626
f 3392/6287/5634 3313/6198/5555 3315/6202/5557 3393/6288/5635
f 3392/6287/5634 3393/6288/5635 3389/6284/5631 3388/6283/5630
f 3392/6287/5634 3388/6283/5630 3322/6209/5564 3321/6208/5563
f 3392/6287/5634 3321/6208/5563 3267/6146/5509 3313/6198/5555
f 3394/6289/5636 3395/6290/5637 3310/6194/5552 3391/6286/5633
f 3394/6289/5636 3391/6286/5633 3383/6278/5625 3396/6291/5638
f 3394/6289/5636 3396/6291/5638 3397/6292/5639 3398/6293/5640
f 3394/6289/5636 3398/6293/5640 3399/6294/5641 3395/6290/5637
f 3400/6295/5642 3401/6296/5643 3389/6284/5631 3393/6288/5635
f 3400/6295/5642 3393/6288/5635 3315/6202/5557 3402/6297/5644
f 3400/6295/5642 3402/6297/5644 3403/6298/5645 3404/6299/5646
f 3400/6295/5642 3404/6299/5646 3405/6300/5647 3401/6296/5643
f 3406/6301/5648 3407/6302/5649 3408/6303/5650 3409/6304/5651
f 3406/6301/5648 3409/6304/5651 3410/6305/356 3411/6306/355
f 3406/6301/5648 3411/6306/355 3412/6307/354 3413/6308/5652
f 3406/6301/5648 3413/6308/5652 3414/6309/5653 3407/6302/5649
f 3415/6310/5654 3416/6311/364 3417/6312/363 3418/6313/5655
f 3415/6310/5654 3418/6313/5655 3419/6314/5656 3420/6315/5657
f 3415/6310/5654 3420/6315/5657 3421/6316/5658 3422/6317/5659
f 3415/6310/5654 3422/6317/5659 3423/6318/365 3416/6311/364
f 3424/6319/5660 3409/6320/5651 3408/6321/5650 3425/6322/5661
f 3424/6319/5660 3425/6322/5661 3426/6323/5662 3427/6324/5663
f 3424/6319/5660 3427/6324/5663 3428/6325/5664 3429/6326/5665
f 3424/6319/5660 3429/6326/5665 3410/6327/356 3409/6320/5651
f 3430/6328/5666 3431/6329/5667 3432/6330/5668 3433/6331/5669
f 3430/6328/5666 3433/6331/5669 3419/6332/5656 3418/6333/5655
f 3430/6328/5666 3418/6333/5655 3417/6334/363 3434/6335/5670
f 3430/6328/5666 3434/6335/5670 3435/6336/5671 3431/6329/5667
f 3436/6337/5672 3437/6338/5673 3426/6323/5662 3425/6322/5661
f 3436/6337/5672 3425/6322/5661 3408/6321/5650 3438/6339/5674
f 3436/6337/5672 3438/6339/5674 3439/6340/5675 3440/6341/5676
f 3436/6337/5672 3440/6341/5676 3352/6243/5594 3437/6338/5673
f 3441/6342/5677 3442/6343/5678 3419/6332/5656 3433/6331/5669
f 3441/6342/5677 3433/6331/5669 3432/6330/5668 3443/6344/5679
f 3441/6342/5677 3443/6344/5679 3358/6249/5600 3444/6345/5680
f 3441/6342/5677 3444/6345/5680 3445/6346/5681 3442/6343/5678
f 3446/6347/5682 3353/6244/5595 3352/6243/5594 3440/6341/5676
f 3446/6347/5682 3440/6341/5676 3439/6340/5675 3447/6348/5683
f 3446/6347/5682 3447/6348/5683 3448/6349/5684 3449/6350/5685
f 3446/6347/5682 3449/6350/5685 3354/6245/5596 3353/6244/5595
f 3450/6351/5686 3451/6352/5687 3445/6346/5681 3444/6345/5680
f 3450/6351/5686 3444/6345/5680 3358/6249/5600 3357/6248/5599
f 3450/6351/5686 3357/6248/5599 3363/6254/5605 3452/6353/5688
f 3450/6351/5686 3452/6353/5688 3453/6354/5689 3451/6352/5687
f 3454/6355/5690 3365/6256/5607 3354/6245/5596 3449/6350/5685
f 3454/6355/5690 3449/6350/5685 3448/6349/5684 3455/6356/5691
f 3454/6355/5690 3455/6356/5691 3456/6357/5692 3457/6358/5693
f 3454/6355/5690 3457/6358/5693 3366/6257/5608 3365/6256/5607
f 3458/6359/5694 3459/6360/5695 3453/6354/5689 3452/6353/5688
f 3458/6359/5694 3452/6353/5688 3363/6254/5605 3369/6260/5611
f 3458/6359/5694 3369/6260/5611 3371/6262/5613 3460/6361/5696
f 3458/6359/5694 3460/6361/5696 3461/6362/5697 3459/6360/5695
f 3462/6363/5698 3373/6264/5615 3366/6257/5608 3457/6358/5693
f 3462/6363/5698 3457/6358/5693 3456/6357/5692 3463/6364/5699
f 3462/6365/5698 3463/6366/5699 3464/6367/5700 3465/6368/5701
f 3462/6365/5698 3465/6368/5701 3374/6267/5616 3373/6266/5615
f 3466/6369/5702 3467/6370/5703 3461/6362/5697 3460/6361/5696
f 3466/6369/5702 3460/6361/5696 3371/6262/5613 3377/6270/5619
f 3466/6371/5702 3377/6274/5619 3379/6273/5621 3468/6372/5704
f 3466/6371/5702 3468/6372/5704 3469/6373/5705 3467/6374/5703
f 3470/6375/5706 3407/6302/5649 3414/6309/5653 3471/6376/5707
f 3470/6375/5706 3471/6376/5707 3472/6377/5708 3473/6378/5709
f 3470/6375/5706 3473/6378/5709 3439/6379/5675 3438/6380/5674
f 3470/6375/5706 3438/6380/5674 3408/6303/5650 3407/6302/5649
f 3474/6381/5710 3475/6382/5711 3476/6383/5712 3477/6384/5713
f 3474/6381/5710 3477/6384/5713 3421/6316/5658 3420/6315/5657
f 3474/6381/5710 3420/6315/5657 3419/6314/5656 3442/6385/5678
f 3474/6381/5710 3442/6385/5678 3445/6386/5681 3475/6382/5711
f 3478/6387/5714 3473/6378/5709 3472/6377/5708 3479/6388/5715
f 3478/6387/5714 3479/6388/5715 3480/6389/5716 3481/6390/5717
f 3478/6387/5714 3481/6390/5717 3448/6391/5684 3447/6392/5683
f 3478/6387/5714 3447/6392/5683 3439/6379/5675 3473/6378/5709
f 3482/6393/5718 3483/6394/5719 3484/6395/5720 3485/6396/5721
f 3482/6393/5718 3485/6396/5721 3476/6383/5712 3475/6382/5711
f 3482/6393/5718 3475/6382/5711 3445/6386/5681 3451/6397/5687
f 3482/6393/5718 3451/6397/5687 3453/6398/5689 3483/6394/5719
f 3486/6399/5722 3455/6400/5691 3448/6391/5684 3481/6390/5717
f 3486/6399/5722 3481/6390/5717 3480/6389/5716 3487/6401/5723
f 3486/6399/5722 3487/6401/5723 3488/6402/5724 3489/6403/5725
f 3486/6399/5722 3489/6403/5725 3456/6404/5692 3455/6400/5691
f 3490/6405/5726 3491/6406/5727 3484/6395/5720 3483/6394/5719
f 3490/6405/5726 3483/6394/5719 3453/6398/5689 3459/6407/5695
f 3490/6405/5726 3459/6407/5695 3461/6408/5697 3492/6409/5728
f 3490/6405/5726 3492/6409/5728 3493/6410/5729 3491/6406/5727
f 3494/6411/5730 3487/6401/5723 3480/6389/5716 3495/6412/5731
f 3494/6411/5730 3495/6412/5731 3496/6413/5732 3497/6414/5733
f 3494/6411/5730 3497/6414/5733 3498/6415/5734 3499/6416/5735
f 3494/6411/5730 3499/6416/5735 3488/6402/5724 3487/6401/5723
f 3500/6417/5736 3501/6418/5737 3502/6419/5738 3503/6420/5739
f 3500/6417/5736 3503/6420/5739 3484/6395/5720 3491/6406/5727
f 3500/6417/5736 3491/6406/5727 3493/6410/5729 3504/6421/5740
f 3500/6417/5736 3504/6421/5740 3505/6422/5741 3501/6418/5737
f 3506/6423/5742 3495/6412/5731 3480/6389/5716 3479/6388/5715
f 3506/6423/5742 3479/6388/5715 3472/6377/5708 3507/6424/5743
f 3506/6423/5742 3507/6424/5743 3508/6425/5744 3509/6426/5745
f 3506/6423/5742 3509/6426/5745 3496/6413/5732 3495/6412/5731
f 3510/6427/5746 3511/6428/5747 3476/6383/5712 3485/6396/5721
f 3510/6427/5746 3485/6396/5721 3484/6395/5720 3503/6420/5739
f 3510/6427/5746 3503/6420/5739 3502/6419/5738 3512/6429/5748
f 3510/6427/5746 3512/6429/5748 3513/6430/5749 3511/6428/5747
f 3514/6431/5750 3507/6424/5743 3472/6377/5708 3471/6376/5707
f 3514/6431/5750 3471/6376/5707 3414/6309/5653 3515/6432/5751
f 3514/6431/5750 3515/6432/5751 3516/6433/5752 3517/6434/5753
f 3514/6431/5750 3517/6434/5753 3508/6425/5744 3507/6424/5743
f 3518/6435/5754 3519/6436/5755 3421/6316/5658 3477/6384/5713
f 3518/6435/5754 3477/6384/5713 3476/6383/5712 3511/6428/5747
f 3518/6435/5754 3511/6428/5747 3513/6430/5749 3520/6437/5756
f 3518/6435/5754 3520/6437/5756 3521/6438/5757 3519/6436/5755
f 3522/6439/5758 3515/6432/5751 3414/6309/5653 3413/6308/5652
f 3522/6439/5758 3413/6308/5652 3412/6307/354 3523/6440/5759
f 3522/6439/5758 3523/6440/5759 3524/6441/5760 3525/6442/5761
f 3522/6439/5758 3525/6442/5761 3516/6433/5752 3515/6432/5751
f 3526/6443/5762 3527/6444/5763 3423/6318/365 3422/6317/5659
f 3526/6443/5762 3422/6317/5659 3421/6316/5658 3519/6436/5755
f 3526/6443/5762 3519/6436/5755 3521/6438/5757 3528/6445/5764
f 3526/6443/5762 3528/6445/5764 3529/6446/5765 3527/6444/5763
f 4031/6447/5766 4032/6448/5767 4033/6449/5768 4034/6450/5769
f 4031/6447/5766 4034/6450/5769 4035/6451/5770 4036/6452/5771
f 4031/6447/5766 4036/6452/5771 4037/6453/5772 4038/6454/5773
f 4031/6447/5766 4038/6454/5773 4039/6455/5774 4032/6448/5767
f 4040/6456/5775 4041/6457/5776 4042/6458/5777 4043/6459/5778
f 4040/6456/5775 4043/6459/5778 4044/6460/5779 4045/6461/5780
f 4040/6456/5775 4045/6461/5780 4046/6462/5781 4047/6463/5782
f 4040/6456/5775 4047/6463/5782 4048/6464/5783 4041/6457/5776
f 4049/6465/5784 4050/6466/5785 4051/6467/5786 4052/6468/5787
f 4049/6465/5784 4052/6468/5787 4033/6449/5768 4032/6448/5767
f 4049/6465/5784 4032/6448/5767 4039/6455/5774 4053/6469/5788
f 4049/6465/5784 4053/6469/5788 4054/6470/5789 4050/6466/5785
f 4055/6471/5790 4045/6461/5780 4044/6460/5779 4056/6472/5791
f 4055/6471/5790 4056/6472/5791 4057/6473/5792 4058/6474/5793
f 4055/6471/5790 4058/6474/5793 4059/6475/5794 4060/6476/5795
f 4055/6471/5790 4060/6476/5795 4046/6462/5781 4045/6461/5780
f 4061/6477/5796 4052/6468/5787 4051/6467/5786 4062/6478/5797
f 4061/6477/5796 4062/6478/5797 4063/6479/5798 4064/6480/5799
f 4061/6477/5796 4064/6480/5799 4035/6451/5770 4034/6450/5769
f 4061/6477/5796 4034/6450/5769 4033/6449/5768 4052/6468/5787
f 4065/6481/5800 4066/6482/5801 4067/6483/5802 4068/6484/5803
f 4065/6481/5800 4068/6484/5803 4057/6473/5792 4056/6472/5791
f 4065/6481/5800 4056/6472/5791 4044/6460/5779 4043/6459/5778
f 4065/6481/5800 4043/6459/5778 4042/6458/5777 4066/6482/5801
f 4069/6485/5804 4064/6480/5799 4063/6479/5798 4070/6486/5805
f 4069/6485/5804 4070/6486/5805 4071/6487/5806 4072/6488/5807
f 4069/6485/5804 4072/6488/5807 4037/6453/5772 4036/6452/5771
f 4069/6485/5804 4036/6452/5771 4035/6451/5770 4064/6480/5799
f 4073/6489/5808 4074/6490/5809 4075/6491/5810 4076/6492/5811
f 4073/6489/5808 4076/6492/5811 4067/6483/5802 4066/6482/5801
f 4073/6489/5808 4066/6482/5801 4042/6458/5777 4041/6457/5776
f 4073/6489/5808 4041/6457/5776 4048/6464/5783 4074/6490/5809
f 4077/6493/5812 4078/6494/5813 4037/6453/5772 4072/6488/5807
f 4077/6493/5812 4072/6488/5807 4071/6487/5806 4079/6495/5814
f 4077/6493/5812 4079/6495/5814 4080/6496/5815 4078/6494/5813
f 4081/6497/5816 4074/6490/5809 4048/6464/5783 4082/6498/5817
f 4081/6497/5816 4082/6498/5817 4083/6499/5818 4084/6500/5819
f 4081/6497/5816 4084/6500/5819 4075/6491/5810 4074/6490/5809
f 4085/6501/5820 4078/6494/5813 4080/6496/5815 4086/6502/5821
f 4085/6501/5820 4086/6502/5821 4039/6455/5774 4038/6454/5773
f 4085/6501/5820 4038/6454/5773 4037/6453/5772 4078/6494/5813
f 4087/6503/5822 4088/6504/5823 4083/6499/5818 4082/6498/5817
f 4087/6503/5822 4082/6498/5817 4048/6464/5783 4047/6463/5782
f 4087/6503/5822 4047/6463/5782 4046/6462/5781 4088/6504/5823
f 4089/6505/5824 4090/6506/5825 4039/6455/5774 4086/6502/5821
f 4089/6505/5824 4086/6502/5821 4080/6496/5815 4091/6507/5826
f 4089/6505/5824 4091/6507/5826 4092/6508/5827 4090/6506/5825
f 4093/6509/5828 4088/6504/5823 4046/6462/5781 4094/6510/5829
f 4093/6509/5828 4094/6510/5829 4095/6511/5830 4096/6512/5831
f 4093/6509/5828 4096/6512/5831 4083/6499/5818 4088/6504/5823
f 4097/6513/5832 4090/6506/5825 4092/6508/5827 4098/6514/5833
f 4097/6513/5832 4098/6514/5833 4099/6515/5834 4100/6516/5835
f 4097/6513/5832 4100/6516/5835 4039/6455/5774 4090/6506/5825
f 4101/6517/5836 4102/6518/5837 4095/6511/5830 4094/6510/5829
f 4101/6517/5836 4094/6510/5829 4046/6462/5781 4103/6519/5838
f 4101/6517/5836 4103/6519/5838 4104/6520/5839 4102/6518/5837
f 4105/6521/5840 4106/6522/5841 4099/6515/5834 4098/6514/5833
f 4105/6521/5840 4098/6514/5833 4092/6508/5827 4107/6523/5842
f 4105/6521/5840 4107/6523/5842 4108/6524/5843 4109/6525/5844
f 4105/6521/5840 4109/6525/5844 4110/6526/5845 4106/6522/5841
f 4111/6527/5846 4112/6528/5847 4095/6511/5830 4102/6518/5837
f 4111/6527/5846 4102/6518/5837 4104/6520/5839 4113/6529/5848
f 4111/6527/5846 4113/6529/5848 4114/6530/5849 4115/6531/5850
f 4111/6527/5846 4115/6531/5850 4116/6532/5851 4112/6528/5847
f 4117/6533/5852 4118/6534/5853 4039/6455/5774 4100/6516/5835
f 4117/6533/5852 4100/6516/5835 4099/6515/5834 4106/6522/5841
f 4117/6533/5852 4106/6522/5841 4110/6526/5845 4119/6535/5854
f 4117/6533/5852 4119/6535/5854 4120/6536/5855 4118/6534/5853
f 4121/6537/5856 4113/6529/5848 4104/6520/5839 4103/6519/5838
f 4121/6537/5856 4103/6519/5838 4046/6462/5781 4122/6538/5857
f 4121/6537/5856 4122/6538/5857 4123/6539/5858 4124/6540/5859
f 4121/6537/5856 4124/6540/5859 4114/6530/5849 4113/6529/5848
f 4125/6541/5860 4126/6542/5861 4127/6543/5862 4128/6544/5863
f 4125/6541/5860 4128/6544/5863 4120/6536/5855 4119/6535/5854
f 4125/6541/5860 4119/6535/5854 4110/6526/5845 4126/6542/5861
f 4129/6545/5864 4130/6546/5865 4131/6547/5866 4132/6548/5867
f 4129/6545/5864 4132/6548/5867 4114/6530/5849 4124/6540/5859
f 4129/6545/5864 4124/6540/5859 4123/6539/5858 4130/6546/5865
f 4133/6549/5868 4134/6550/5869 4135/6551/5870 4136/6552/5871
f 4133/6549/5868 4136/6552/5871 4120/6536/5855 4128/6544/5863
f 4133/6549/5868 4128/6544/5863 4127/6543/5862 4134/6550/5869
f 4137/6553/5872 4138/6554/5873 4139/6555/5874 4140/6556/5875
f 4137/6553/5872 4140/6556/5875 4131/6547/5866 4130/6546/5865
f 4137/6553/5872 4130/6546/5865 4123/6539/5858 4138/6554/5873
f 4141/6557/5876 4136/6552/5871 4135/6551/5870 4142/6558/5877
f 4141/6557/5876 4142/6558/5877 4143/6559/5878 4144/6560/5879
f 4141/6557/5876 4144/6560/5879 3286/6169/5528 4145/6561/5880
f 4141/6557/5876 4145/6561/5880 4120/6536/5855 4136/6552/5871
f 4146/6562/5881 4147/6563/5882 4148/6564/5883 4149/6565/5884
f 4146/6562/5881 4149/6565/5884 4139/6555/5874 4138/6554/5873
f 4146/6562/5881 4138/6554/5873 4123/6539/5858 4150/6566/5885
f 4146/6562/5881 4150/6566/5885 3296/6179/5538 4147/6563/5882
f 4151/6567/5886 4126/6542/5861 4110/6526/5845 4109/6525/5844
f 4151/6567/5886 4109/6525/5844 4108/6524/5843 4152/6568/5887
f 4151/6567/5886 4152/6568/5887 4127/6543/5862 4126/6542/5861
f 4153/6569/5888 4115/6531/5850 4114/6530/5849 4132/6548/5867
f 4153/6569/5888 4132/6548/5867 4131/6547/5866 4154/6570/5889
f 4153/6569/5888 4154/6570/5889 4116/6532/5851 4115/6531/5850
f 4155/6571/5890 4156/6572/5891 4127/6543/5862 4157/6573/5892
f 4155/6571/5890 4157/6573/5892 3039/6574/5281 3038/6575/5280
f 4155/6571/5890 3038/6575/5280 3026/6576/5268 4158/6577/5893
f 4155/6571/5890 4158/6577/5893 4159/6578/5894 4156/6572/5891
f 4160/6579/5895 3043/6580/5285 3042/6581/5284 4161/6582/5896
f 4160/6579/5895 4161/6582/5896 4131/6547/5866 4162/6583/5897
f 4160/6579/5895 4162/6583/5897 4163/6584/5898 4164/6585/5899
f 4160/6579/5895 4164/6585/5899 3031/6586/5273 3043/6580/5285
f 4165/6587/5900 4134/6550/5869 4127/6543/5862 4156/6572/5891
f 4165/6587/5900 4156/6572/5891 4159/6578/5894 4166/6588/5901
f 4165/6587/5900 4166/6588/5901 4135/6551/5870 4134/6550/5869
f 4167/6589/5902 4162/6583/5897 4131/6547/5866 4140/6556/5875
f 4167/6589/5902 4140/6556/5875 4139/6555/5874 4168/6590/5903
f 4167/6589/5902 4168/6590/5903 4163/6584/5898 4162/6583/5897
f 4169/6591/5904 4166/6588/5901 4159/6578/5894 4170/6592/5905
f 4169/6591/5904 4170/6592/5905 4171/6593/5906 4172/6594/5907
f 4169/6591/5904 4172/6594/5907 4143/6559/5878 4142/6558/5877
f 4169/6591/5904 4142/6558/5877 4135/6551/5870 4166/6588/5901
f 4173/6595/5908 4174/6596/5909 4175/6597/5910 4176/6598/5911
f 4173/6595/5908 4176/6598/5911 4163/6584/5898 4168/6590/5903
f 4173/6595/5908 4168/6590/5903 4139/6555/5874 4149/6565/5884
f 4173/6595/5908 4149/6565/5884 4148/6564/5883 4174/6596/5909
f 4177/6599/5912 4178/6600/5913 3286/6169/5528 4144/6560/5879
f 4177/6599/5912 4144/6560/5879 4143/6559/5878 4172/6594/5907
f 4177/6599/5912 4172/6594/5907 4171/6593/5906 4178/6600/5913
f 4179/6601/5914 4147/6563/5882 3296/6179/5538 4180/6602/5915
f 4179/6601/5914 4180/6602/5915 4175/6597/5910 4174/6596/5909
f 4179/6601/5914 4174/6596/5909 4148/6564/5883 4147/6563/5882
f 4181/6603/5916 4182/6604/5917 4120/6536/5855 4145/6561/5880
f 4181/6603/5916 4145/6561/5880 3286/6169/5528 3285/6168/5527
f 4181/6603/5916 3285/6168/5527 3291/6174/5533 4183/6605/5918
f 4181/6603/5916 4183/6605/5918 4184/6606/5919 4182/6604/5917
f 4185/6607/5920 3297/6180/5539 3296/6179/5538 4150/6566/5885
f 4185/6607/5920 4150/6566/5885 4123/6539/5858 4186/6608/5921
f 4185/6607/5920 4186/6608/5921 4187/6609/5922 4188/6610/5923
f 4185/6607/5920 4188/6610/5923 3298/6181/5540 3297/6180/5539
f 4189/6611/5924 4118/6534/5853 4120/6536/5855 4182/6604/5917
f 4189/6611/5924 4182/6604/5917 4184/6606/5919 4190/6612/5925
f 4189/6611/5924 4190/6612/5925 4054/6470/5789 4053/6469/5788
f 4189/6611/5924 4053/6469/5788 4039/6455/5774 4118/6534/5853
f 4191/6613/5926 4192/6614/5927 4187/6609/5922 4186/6608/5921
f 4191/6613/5926 4186/6608/5921 4123/6539/5858 4122/6538/5857
f 4191/6613/5926 4122/6538/5857 4046/6462/5781 4060/6476/5795
f 4191/6613/5926 4060/6476/5795 4059/6475/5794 4192/6614/5927
f 4193/6615/5928 4050/6466/5785 4054/6470/5789 4194/6616/5929
f 4193/6615/5928 4194/6616/5929 4195/6617/5930 4196/6618/5931
f 4193/6615/5928 4196/6618/5931 3122/5945/5364 4197/6619/5932
f 4193/6615/5928 4197/6619/5932 4051/6467/5786 4050/6466/5785
f 4198/6620/5933 4199/6621/5934 4200/6622/5935 4201/6623/5936
f 4198/6620/5933 4201/6623/5936 4059/6475/5794 4058/6474/5793
f 4198/6620/5933 4058/6474/5793 4057/6473/5792 4202/6624/5937
f 4198/6620/5933 4202/6624/5937 3128/5952/5370 4199/6621/5934
f 4203/6625/5938 4204/6626/5939 4195/6617/5930 4194/6616/5929
f 4203/6625/5938 4194/6616/5929 4054/6470/5789 4190/6612/5925
f 4203/6625/5938 4190/6612/5925 4184/6606/5919 4205/6627/5940
f 4203/6625/5938 4205/6627/5940 4206/6628/5941 4204/6626/5939
f 4207/6629/5942 4192/6614/5927 4059/6475/5794 4201/6623/5936
f 4207/6629/5942 4201/6623/5936 4200/6622/5935 4208/6630/5943
f 4207/6629/5942 4208/6630/5943 4209/6631/5944 4210/6632/5945
f 4207/6629/5942 4210/6632/5945 4187/6609/5922 4192/6614/5927
f 4211/6633/5946 4178/6600/5913 4171/6593/5906 4212/6634/5947
f 4211/6633/5946 4212/6634/5947 4213/6635/5948 4214/6636/5949
f 4211/6633/5946 4214/6636/5949 3286/6169/5528 4178/6600/5913
f 4215/6637/5950 4216/6638/5951 4175/6597/5910 4180/6602/5915
f 4215/6637/5950 4180/6602/5915 3296/6179/5538 4217/6639/5952
f 4215/6637/5950 4217/6639/5952 4218/6640/5953 4216/6638/5951
f 4219/6641/5954 4220/6642/5955 4221/6643/5956 4222/6644/5957
f 4219/6641/5954 4222/6644/5957 3286/6169/5528 4214/6636/5949
f 4219/6641/5954 4214/6636/5949 4213/6635/5948 4220/6642/5955
f 4223/6645/5958 4224/6646/5959 4225/6647/5960 4226/6648/5961
f 4223/6645/5958 4226/6648/5961 4218/6640/5953 4217/6639/5952
f 4223/6645/5958 4217/6639/5952 3296/6179/5538 4224/6646/5959
f 4227/6649/5962 3395/6290/5637 3399/6294/5641 4228/6650/5963
f 4227/6651/5962 4228/6652/5963 4206/6628/5941 4229/6653/5964
f 4227/6651/5962 4229/6653/5964 3303/6186/5545 3311/6196/5553
f 4227/6649/5962 3311/6195/5553 3310/6194/5552 3395/6290/5637
f 4230/6654/5965 4231/6655/5966 4209/6631/5944 4232/6656/5967
f 4230/6657/5965 4232/6658/5967 3403/6298/5645 3402/6297/5644
f 4230/6657/5965 3402/6297/5644 3315/6202/5557 3314/6201/5556
f 4230/6654/5965 3314/6200/5556 3306/6189/5548 4231/6655/5966
f 4233/6659/5968 4228/6650/5963 3399/6294/5641 4234/6660/5969
f 4233/6659/5968 4234/6660/5969 4235/6661/5970 4236/6662/5971
f 4233/6663/5968 4236/6664/5971 4195/6617/5930 4204/6626/5939
f 4233/6663/5968 4204/6626/5939 4206/6628/5941 4228/6652/5963
f 4237/6665/5972 4238/6666/5973 4239/6667/5974 4240/6668/5975
f 4237/6665/5972 4240/6668/5975 3403/6298/5645 4232/6658/5967
f 4237/6669/5972 4232/6656/5967 4209/6631/5944 4208/6630/5943
f 4237/6669/5972 4208/6630/5943 4200/6622/5935 4238/6670/5973
f 4241/6671/5976 4236/6662/5971 4235/6661/5970 4242/6672/5977
f 4241/6671/5976 4242/6672/5977 3166/5993/5408 3175/6002/5417
f 4241/6673/5976 3175/6006/5417 3122/5945/5364 4196/6618/5931
f 4241/6673/5976 4196/6618/5931 4195/6617/5930 4236/6664/5971
f 4243/6674/5978 3179/6009/5421 3173/6000/5415 4244/6675/5979
f 4243/6674/5978 4244/6675/5979 4239/6667/5974 4238/6666/5973
f 4243/6676/5978 4238/6670/5973 4200/6622/5935 4199/6621/5934
f 4243/6676/5978 4199/6621/5934 3128/5952/5370 3179/6011/5421
f 4245/6677/5980 4197/6619/5932 3122/5945/5364 3121/5944/5363
f 4245/6677/5980 3121/5944/5363 3095/5943/5337 3094/6678/5336
f 4245/6677/5980 3094/6678/5336 3084/6679/5326 4246/6680/5981
f 4245/6677/5980 4246/6680/5981 4051/6467/5786 4197/6619/5932
f 4247/6681/5982 3099/6682/5341 3098/5954/5340 3129/5953/5371
f 4247/6681/5982 3129/5953/5371 3128/5952/5370 4202/6624/5937
f 4247/6681/5982 4202/6624/5937 4057/6473/5792 4248/6683/5983
f 4247/6681/5982 4248/6683/5983 3091/6684/5333 3099/6682/5341
f 4249/6685/5984 4062/6478/5797 4051/6467/5786 4246/6680/5981
f 4249/6685/5984 4246/6680/5981 3084/6679/5326 3083/6686/5325
f 4249/6685/5984 3083/6686/5325 3082/6687/5324 4250/6688/5985
f 4249/6685/5984 4250/6688/5985 4063/6479/5798 4062/6478/5797
f 4251/6689/5986 3087/6690/5329 3091/6684/5333 4248/6683/5983
f 4251/6689/5986 4248/6683/5983 4057/6473/5792 4068/6484/5803
f 4251/6689/5986 4068/6484/5803 4067/6483/5802 4252/6691/5987
f 4251/6689/5986 4252/6691/5987 3088/6692/5330 3087/6690/5329
f 4253/6693/5988 3167/5994/5409 3166/5993/5408 4242/6672/5977
f 4253/6693/5988 4242/6672/5977 4235/6661/5970 4254/6694/5989
f 4253/6693/5988 4254/6694/5989 4255/6695/5990 4256/6696/5991
f 4253/6693/5988 4256/6696/5991 3152/5979/5394 3167/5994/5409
f 4257/6697/5992 4258/6698/5993 4239/6667/5974 4244/6675/5979
f 4257/6697/5992 4244/6675/5979 3173/6000/5415 3172/5999/5414
f 4257/6697/5992 3172/5999/5414 3158/5985/5400 4259/6699/5994
f 4257/6697/5992 4259/6699/5994 4260/6700/5995 4258/6698/5993
f 4261/6701/5996 4254/6694/5989 4235/6661/5970 4234/6660/5969
f 4261/6701/5996 4234/6660/5969 3399/6294/5641 3398/6293/5640
f 4261/6701/5996 3398/6293/5640 3397/6292/5639 4262/6702/5997
f 4261/6701/5996 4262/6702/5997 4255/6695/5990 4254/6694/5989
f 4263/6703/5998 3404/6299/5646 3403/6298/5645 4240/6668/5975
f 4263/6703/5998 4240/6668/5975 4239/6667/5974 4258/6698/5993
f 4263/6703/5998 4258/6698/5993 4260/6700/5995 4264/6704/5999
f 4263/6703/5998 4264/6704/5999 3405/6300/5647 3404/6299/5646
f 4265/6705/6000 4266/6706/6001 3397/6292/5639 3396/6291/5638
f 4265/6705/6000 3396/6291/5638 3383/6278/5625 3382/6277/5624
f 4265/6705/6000 3382/6277/5624 3374/6267/5616 3465/6368/5701
f 4265/6705/6000 3465/6368/5701 3464/6367/5700 4266/6706/6001
f 4267/6707/6002 3386/6281/5628 3389/6284/5631 3401/6296/5643
f 4267/6707/6002 3401/6296/5643 3405/6300/5647 4268/6708/6003
f 4267/6707/6002 4268/6708/6003 3469/6373/5705 3468/6372/5704
f 4267/6707/6002 3468/6372/5704 3379/6273/5621 3386/6281/5628
f 4269/6709/6004 3463/6710/5699 3456/6404/5692 3489/6403/5725
f 4269/6709/6004 3489/6403/5725 3488/6402/5724 4270/6711/6005
f 4269/6712/6004 4270/6713/6005 4271/6714/6006 4272/6715/6007
f 4269/6712/6004 4272/6715/6007 3464/6367/5700 3463/6366/5699
f 4273/6716/6008 4274/6717/6009 3493/6410/5729 3492/6409/5728
f 4273/6716/6008 3492/6409/5728 3461/6408/5697 3467/6718/5703
f 4273/6719/6008 3467/6374/5703 3469/6373/5705 4275/6720/6010
f 4273/6719/6008 4275/6720/6010 4276/6721/6011 4274/6722/6009
f 4277/6723/6012 4270/6711/6005 3488/6402/5724 3499/6416/5735
f 4277/6723/6012 3499/6416/5735 3498/6415/5734 4278/6724/6013
f 4277/6725/6012 4278/6726/6013 3154/5981/5396 4279/6727/6014
f 4277/6725/6012 4279/6727/6014 4271/6714/6006 4270/6713/6005
f 4280/6728/6015 4281/6729/6016 3505/6422/5741 3504/6421/5740
f 4280/6728/6015 3504/6421/5740 3493/6410/5729 4274/6717/6009
f 4280/6730/6015 4274/6722/6009 4276/6721/6011 4282/6731/6017
f 4280/6730/6015 4282/6731/6017 3161/5988/5403 4281/6732/6016
f 4283/6733/6018 4266/6706/6001 3464/6367/5700 4272/6715/6007
f 4283/6733/6018 4272/6715/6007 4271/6714/6006 4284/6734/6019
f 4283/6733/6018 4284/6734/6019 4255/6695/5990 4262/6702/5997
f 4283/6733/6018 4262/6702/5997 3397/6292/5639 4266/6706/6001
f 4285/6735/6020 4286/6736/6021 4276/6721/6011 4275/6720/6010
f 4285/6735/6020 4275/6720/6010 3469/6373/5705 4268/6708/6003
f 4285/6735/6020 4268/6708/6003 3405/6300/5647 4264/6704/5999
f 4285/6735/6020 4264/6704/5999 4260/6700/5995 4286/6736/6021
f 4287/6737/6022 4284/6734/6019 4271/6714/6006 4279/6727/6014
f 4287/6737/6022 4279/6727/6014 3154/5981/5396 3153/5980/5395
f 4287/6737/6022 3153/5980/5395 3152/5979/5394 4256/6696/5991
f 4287/6737/6022 4256/6696/5991 4255/6695/5990 4284/6734/6019
f 4288/6738/6023 3157/5984/5399 3161/5988/5403 4282/6731/6017
f 4288/6738/6023 4282/6731/6017 4276/6721/6011 4286/6736/6021
f 4288/6738/6023 4286/6736/6021 4260/6700/5995 4259/6699/5994
f 4288/6738/6023 4259/6699/5994 3158/5985/5400 3157/5984/5399
f 4289/6739/6024 3272/6151/5514 3271/6150/5513 4290/6740/6025
f 4289/6739/6024 4290/6740/6025 4291/6741/6026 4292/6742/6027
f 4289/6739/6024 4292/6742/6027 4293/6743/6028 4294/6744/6029
f 4289/6739/6024 4294/6744/6029 3273/6152/5515 3272/6151/5514
f 4295/6745/6030 4296/6746/6031 4297/6747/6032 4298/6748/6033
f 4295/6745/6030 4298/6748/6033 3277/6157/5519 3276/6156/5518
f 4295/6745/6030 3276/6156/5518 3281/6162/5523 4299/6749/6034
f 4295/6745/6030 4299/6749/6034 4300/6750/6035 4296/6746/6031
f 4301/6751/6036 4290/6740/6025 3271/6150/5513 3289/6172/5531
f 4301/6751/6036 3289/6172/5531 3288/6171/5530 4302/6752/6037
f 4301/6751/6036 4302/6752/6037 4303/6753/6038 4304/6754/6039
f 4301/6751/6036 4304/6754/6039 4291/6741/6026 4290/6740/6025
f 4305/6755/6040 4306/6756/6041 3294/6177/5536 3293/6176/5535
f 4305/6755/6040 3293/6176/5535 3277/6157/5519 4298/6748/6033
f 4305/6755/6040 4298/6748/6033 4297/6747/6032 4307/6757/6042
f 4305/6755/6040 4307/6757/6042 4308/6758/6043 4306/6756/6041
f 4309/6759/6044 4310/6760/6045 4291/6741/6026 4304/6754/6039
f 4309/6759/6044 4304/6754/6039 4303/6753/6038 4311/6761/6046
f 4309/6759/6044 4311/6761/6046 4221/6643/5956 4312/6762/6047
f 4309/6759/6044 4312/6762/6047 4313/6763/6048 4310/6760/6045
f 4314/6764/6049 4315/6765/6050 4308/6758/6043 4307/6757/6042
f 4314/6764/6049 4307/6757/6042 4297/6747/6032 4316/6766/6051
f 4314/6764/6049 4316/6766/6051 4317/6767/6052 4318/6768/6053
f 4314/6764/6049 4318/6768/6053 4225/6647/5960 4315/6765/6050
f 4319/6769/6054 4310/6760/6045 4313/6763/6048 4320/6770/6055
f 4319/6769/6054 4320/6770/6055 4321/6771/6056 4322/6772/6057
f 4319/6769/6054 4322/6772/6057 4293/6743/6028 4292/6742/6027
f 4319/6769/6054 4292/6742/6027 4291/6741/6026 4310/6760/6045
f 4323/6773/6058 4324/6774/6059 4325/6775/6060 4326/6776/6061
f 4323/6773/6058 4326/6776/6061 4317/6767/6052 4316/6766/6051
f 4323/6773/6058 4316/6766/6051 4297/6747/6032 4296/6746/6031
f 4323/6773/6058 4296/6746/6031 4300/6750/6035 4324/6774/6059
f 4327/6777/6062 4328/6778/6063 4325/6779/6060 4324/6780/6059
f 4327/6777/6062 4324/6780/6059 4300/6781/6035 4299/6782/6034
f 4327/6777/6062 4299/6782/6034 3281/6783/5523 4329/6784/6064
f 4327/6777/6062 4329/6784/6064 3035/5856/5277 4328/6778/6063
f 4330/6785/6065 4331/6786/6066 4321/6771/6056 4320/6770/6055
f 4330/6785/6065 4320/6770/6055 4313/6763/6048 4332/6787/6067
f 4330/6785/6065 4332/6787/6067 4213/6635/5948 4333/6788/6068
f 4330/6785/6065 4333/6788/6068 4334/6789/6069 4331/6786/6066
f 4335/6790/6070 4336/6791/6071 4317/6767/6052 4326/6776/6061
f 4335/6790/6070 4326/6776/6061 4325/6775/6060 4337/6792/6072
f 4335/6790/6070 4337/6792/6072 4338/6793/6073 4339/6794/6074
f 4335/6790/6070 4339/6794/6074 4218/6640/5953 4336/6791/6071
f 4340/6795/6075 4341/6796/6076 3273/6797/5515 4294/6798/6029
f 4340/6795/6075 4294/6798/6029 4293/6799/6028 4322/6800/6057
f 4340/6795/6075 4322/6800/6057 4321/6801/6056 4342/6802/6077
f 4340/6795/6075 4342/6802/6077 3022/5843/5264 4341/6796/6076
f 4343/6803/6078 4344/6804/6079 3192/6029/5434 3274/6805/5516
f 4343/6803/6078 3274/6805/5516 3273/6797/5515 4341/6796/6076
f 4343/6803/6078 4341/6796/6076 3022/5843/5264 4344/6804/6079
f 4345/6806/6080 3280/6807/5522 3197/6034/5439 4346/6808/6081
f 4345/6806/6080 4346/6808/6081 3035/5856/5277 4329/6784/6064
f 4345/6806/6080 4329/6784/6064 3281/6783/5523 3280/6807/5522
f 4347/6809/6082 3193/6030/5435 3192/6029/5434 4344/6804/6079
f 4347/6809/6082 4344/6804/6079 3022/5843/5264 3021/5842/5263
f 4347/6809/6082 3021/5842/5263 3020/5841/5262 3103/5924/5345
f 4347/6809/6082 3103/5924/5345 3102/5923/5344 3193/6030/5435
f 4348/6810/6083 4346/6808/6081 3197/6034/5439 3196/6033/5438
f 4348/6810/6083 3196/6033/5438 3107/5928/5349 3106/5927/5348
f 4348/6810/6083 3106/5927/5348 3029/5850/5271 3028/5849/5270
f 4348/6810/6083 3028/5849/5270 3035/5856/5277 4346/6808/6081
f 4349/6811/6084 4350/6812/6085 4334/6813/6069 4351/6814/6086
f 4349/6811/6084 4351/6814/6086 3024/5845/5266 3023/5844/5265
f 4349/6811/6084 3023/5844/5265 3022/5843/5264 4350/6812/6085
f 4352/6815/6087 4353/6816/6088 4338/6817/6073 4354/6818/6089
f 4352/6815/6087 4354/6818/6089 3035/5856/5277 3034/5855/5276
f 4352/6815/6087 3034/5855/5276 3033/5854/5275 4353/6816/6088
f 4355/6819/6090 4170/6592/5905 4159/6578/5894 4158/6577/5893
f 4355/6819/6090 4158/6577/5893 3026/6576/5268 3025/6820/5267
f 4355/6819/6090 3025/6820/5267 3024/6821/5266 4356/6822/6091
f 4355/6819/6090 4356/6822/6091 4171/6593/5906 4170/6592/5905
f 4357/6823/6092 3032/6824/5274 3031/6586/5273 4164/6585/5899
f 4357/6823/6092 4164/6585/5899 4163/6584/5898 4176/6598/5911
f 4357/6823/6092 4176/6598/5911 4175/6597/5910 4358/6825/6093
f 4357/6823/6092 4358/6825/6093 3033/6826/5275 3032/6824/5274
f 4359/6827/6094 4212/6634/5947 4171/6593/5906 4356/6822/6091
f 4359/6827/6094 4356/6822/6091 3024/6821/5266 4351/6828/6086
f 4359/6827/6094 4351/6828/6086 4334/6789/6069 4333/6788/6068
f 4359/6827/6094 4333/6788/6068 4213/6635/5948 4212/6634/5947
f 4360/6829/6095 4353/6830/6088 3033/6826/5275 4358/6825/6093
f 4360/6829/6095 4358/6825/6093 4175/6597/5910 4216/6638/5951
f 4360/6829/6095 4216/6638/5951 4218/6640/5953 4339/6794/6074
f 4360/6829/6095 4339/6794/6074 4338/6793/6073 4353/6830/6088
f 4361/6831/6096 4220/6642/5955 4213/6635/5948 4332/6787/6067
f 4361/6831/6096 4332/6787/6067 4313/6763/6048 4312/6762/6047
f 4361/6831/6096 4312/6762/6047 4221/6643/5956 4220/6642/5955
f 4362/6832/6097 4336/6791/6071 4218/6640/5953 4226/6648/5961
f 4362/6832/6097 4226/6648/5961 4225/6647/5960 4318/6768/6053
f 4362/6832/6097 4318/6768/6053 4317/6767/6052 4336/6791/6071
f 4363/6833/6098 4222/6644/5957 4221/6643/5956 4311/6761/6046
f 4363/6833/6098 4311/6761/6046 4303/6753/6038 4302/6752/6037
f 4363/6833/6098 4302/6752/6037 3288/6171/5530 3287/6170/5529
f 4363/6833/6098 3287/6170/5529 3286/6169/5528 4222/6644/5957
f 4364/6834/6099 4306/6756/6041 4308/6758/6043 4315/6765/6050
f 4364/6834/6099 4315/6765/6050 4225/6647/5960 4224/6646/5959
f 4364/6834/6099 4224/6646/5959 3296/6179/5538 3295/6178/5537
f 4364/6834/6099 3295/6178/5537 3294/6177/5536 4306/6756/6041
f 4365/6835/6100 4205/6627/5940 4184/6606/5919 4183/6605/5918
f 4365/6835/6100 4183/6605/5918 3291/6174/5533 3301/6184/5543
f 4365/6835/6100 3301/6184/5543 3303/6186/5545 4229/6653/5964
f 4365/6835/6100 4229/6653/5964 4206/6628/5941 4205/6627/5940
f 4366/6836/6101 3305/6188/5547 3298/6181/5540 4188/6610/5923
f 4366/6836/6101 4188/6610/5923 4187/6609/5922 4210/6632/5945
f 4366/6836/6101 4210/6632/5945 4209/6631/5944 4231/6655/5966
f 4366/6836/6101 4231/6655/5966 3306/6189/5548 3305/6188/5547
f 4367/6837/6102 4368/6838/6103 3496/6413/5732 3509/6426/5745
f 4367/6837/6102 3509/6426/5745 3508/6425/5744 4369/6839/6104
f 4367/6837/6102 4369/6839/6104 4370/6840/6105 4371/6841/6106
f 4367/6837/6102 4371/6841/6106 4372/6842/6107 4368/6838/6103
f 4373/6843/6108 4374/6844/6109 3513/6430/5749 3512/6429/5748
f 4373/6843/6108 3512/6429/5748 3502/6419/5738 4375/6845/6110
f 4373/6843/6108 4375/6845/6110 4376/6846/6111 4377/6847/6112
f 4373/6843/6108 4377/6847/6112 4378/6848/6113 4374/6844/6109
f 4379/6849/6114 3497/6414/5733 3496/6413/5732 4368/6838/6103
f 4379/6849/6114 4368/6838/6103 4372/6842/6107 4380/6850/6115
f 4379/6849/6114 4380/6850/6115 4381/6851/6116 4382/6852/6117
f 4379/6849/6114 4382/6852/6117 3498/6415/5734 3497/6414/5733
f 4383/6853/6118 4384/6854/6119 4376/6846/6111 4375/6845/6110
f 4383/6853/6118 4375/6845/6110 3502/6419/5738 3501/6418/5737
f 4383/6853/6118 3501/6418/5737 3505/6422/5741 4385/6855/6120
f 4383/6853/6118 4385/6855/6120 4386/6856/6121 4384/6854/6119
f 4387/6857/6122 4278/6724/6013 3498/6415/5734 4382/6852/6117
f 4387/6857/6122 4382/6852/6117 4381/6851/6116 4388/6858/6123
f 4387/6859/6122 4388/6860/6123 3134/5961/5376 3155/5982/5397
f 4387/6859/6122 3155/5982/5397 3154/5981/5396 4278/6726/6013
f 4389/6861/6124 4390/6862/6125 4386/6856/6121 4385/6855/6120
f 4389/6861/6124 4385/6855/6120 3505/6422/5741 4281/6729/6016
f 4389/6863/6124 4281/6732/6016 3161/5988/5403 3160/5987/5402
f 4389/6863/6124 3160/5987/5402 3145/5972/5387 4390/6864/6125
f 4391/6865/6126 4380/6850/6115 4372/6842/6107 4392/6866/6127
f 4391/6865/6126 4392/6866/6127 4393/6867/6128 4394/6868/6129
f 4391/6865/6126 4394/6868/6129 3217/6869/5459 4395/6870/6130
f 4391/6865/6126 4395/6870/6130 4381/6851/6116 4380/6850/6115
f 4396/6871/6131 4397/6872/6132 4398/6873/6133 4399/6874/6134
f 4396/6871/6131 4399/6874/6134 4376/6846/6111 4384/6854/6119
f 4396/6871/6131 4384/6854/6119 4386/6856/6121 4400/6875/6135
f 4396/6871/6131 4400/6875/6135 3227/6876/5469 4397/6872/6132
f 4401/6877/6136 2268/5818/5243 2267/5817/5242 4402/6878/6137
f 4401/6877/6136 4402/6878/6137 3339/6230/5581 4403/6879/6138
f 4401/6877/6136 4403/6879/6138 4393/6880/6128 4404/6881/6139
f 4401/6877/6136 4404/6881/6139 2269/5819/5244 2268/5818/5243
f 4405/6882/6140 4406/6883/6141 3347/6238/5589 4407/6884/6142
f 4405/6882/6140 4407/6884/6142 2273/5823/5248 2272/5822/5247
f 4405/6882/6140 2272/5822/5247 2276/5826/5251 4408/6885/6143
f 4405/6882/6140 4408/6885/6143 4398/6886/6133 4406/6883/6141
f 4409/6887/6144 4394/6888/6129 4393/6880/6128 4403/6879/6138
f 4409/6887/6144 4403/6879/6138 3339/6230/5581 3338/6229/5580
f 4409/6887/6144 3338/6229/5580 3219/6063/5461 3218/6062/5460
f 4409/6887/6144 3218/6062/5460 3217/6061/5459 4394/6888/6129
f 4410/6889/6145 3343/6234/5585 3347/6238/5589 4406/6883/6141
f 4410/6889/6145 4406/6883/6141 4398/6886/6133 4397/6890/6132
f 4410/6889/6145 4397/6890/6132 3227/6075/5469 3226/6074/5468
f 4410/6889/6145 3226/6074/5468 3225/6073/5467 3343/6234/5585
f 4411/6891/6146 4388/6858/6123 4381/6851/6116 4395/6870/6130
f 4411/6891/6146 4395/6870/6130 3217/6869/5459 3216/6892/5458
f 4411/6893/6146 3216/6894/5458 3136/5963/5378 3135/5962/5377
f 4411/6893/6146 3135/5962/5377 3134/5961/5376 4388/6860/6123
f 4412/6895/6147 3221/6896/5463 3227/6876/5469 4400/6875/6135
f 4412/6895/6147 4400/6875/6135 4386/6856/6121 4390/6862/6125
f 4412/6897/6147 4390/6864/6125 3145/5972/5387 3144/5971/5386
f 4412/6897/6147 3144/5971/5386 3143/5970/5385 3221/6898/5463
f 4413/6899/6148 2164/5706/5145 2163/5705/5144 4414/6900/6149
f 4413/6899/6148 4414/6900/6149 4415/6901/6150 4416/6902/6151
f 4413/6899/6148 4416/6902/6151 2209/5745/5184 2208/5744/5183
f 4413/6899/6148 2208/5744/5183 2165/5707/5146 2164/5706/5145
f 4417/6903/6152 4418/6904/6153 4419/6905/6154 4420/6906/6155
f 4417/6903/6152 4420/6906/6155 2169/5711/5150 2168/5710/5149
f 4417/6903/6152 2168/5710/5149 2172/5714/5153 2216/5752/5191
f 4417/6903/6152 2216/5752/5191 2215/5751/5190 4418/6904/6153
f 4421/6907/6156 4416/6902/6151 4415/6901/6150 4422/6908/6157
f 4421/6907/6156 4422/6908/6157 3350/6241/5592 4423/6909/6158
f 4421/6907/6156 4423/6909/6158 2267/5817/5242 2266/5816/5241
f 4421/6907/6156 2266/5816/5241 2209/5745/5184 4416/6902/6151
f 4424/6910/6159 4425/6911/6160 3360/6251/5602 4426/6912/6161
f 4424/6910/6159 4426/6912/6161 4419/6905/6154 4418/6904/6153
f 4424/6910/6159 4418/6904/6153 2215/5751/5190 2274/5824/5249
f 4424/6910/6159 2274/5824/5249 2273/5823/5248 4425/6911/6160
f 4427/6913/6162 4423/6909/6158 3350/6241/5592 3349/6240/5591
f 4427/6913/6162 3349/6240/5591 3341/6232/5583 3340/6231/5582
f 4427/6913/6162 3340/6231/5582 3339/6230/5581 4402/6878/6137
f 4427/6913/6162 4402/6878/6137 2267/5817/5242 4423/6909/6158
f 4428/6914/6163 3346/6237/5588 3345/6236/5587 3361/6252/5603
f 4428/6914/6163 3361/6252/5603 3360/6251/5602 4425/6911/6160
f 4428/6914/6163 4425/6911/6160 2273/5823/5248 4407/6884/6142
f 4428/6914/6163 4407/6884/6142 3347/6238/5589 3346/6237/5588
f 4429/6915/6164 3643/6916/471 2076/6917/293 3625/6918/453
f 4429/6915/6164 3625/6918/453 3576/6919/404 4430/6920/6165
f 4429/6915/6164 4430/6920/6165 2128/5667/5113 2127/5666/5112
f 4429/6915/6164 2127/5666/5112 2112/5665/329 3643/6916/471
f 4431/6921/6166 4432/6922/6167 3582/6923/410 3628/6924/456
f 4431/6921/6166 3628/6924/456 2084/6925/301 3645/6926/473
f 4431/6921/6166 3645/6926/473 2118/5672/335 2132/5671/5117
f 4431/6921/6166 2132/5671/5117 2136/5678/5121 4432/6922/6167
f 4433/6927/6168 4430/6920/6165 3576/6919/404 3575/6928/403
f 4433/6927/6168 3575/6928/403 3556/6929/384 4434/6930/6169
f 4433/6927/6168 4434/6930/6169 4435/6931/6170 4436/6932/6171
f 4433/6927/6168 4436/6932/6171 2128/5667/5113 4430/6920/6165
f 4437/6933/6172 4438/6934/6173 3562/6935/390 3583/6936/411
f 4437/6933/6172 3583/6936/411 3582/6923/410 4432/6922/6167
f 4437/6933/6172 4432/6922/6167 2136/5678/5121 4439/6937/6174
f 4437/6933/6172 4439/6937/6174 4440/6938/6175 4438/6934/6173
f 4441/6939/6176 4434/6930/6169 3556/6929/384 3555/6940/383
f 4441/6939/6176 3555/6940/383 3410/6327/356 3429/6326/5665
f 4441/6939/6176 3429/6326/5665 3428/6325/5664 4442/6941/6177
f 4441/6939/6176 4442/6941/6177 4435/6931/6170 4434/6930/6169
f 4443/6942/6178 3434/6335/5670 3417/6334/363 3563/6943/391
f 4443/6942/6178 3563/6943/391 3562/6935/390 4438/6934/6173
f 4443/6942/6178 4438/6934/6173 4440/6938/6175 4444/6944/6179
f 4443/6942/6178 4444/6944/6179 3435/6336/5671 3434/6335/5670
f 4445/6945/6180 3427/6324/5663 3426/6323/5662 4446/6946/6181
f 4445/6945/6180 4446/6946/6181 4415/6901/6150 4414/6900/6149
f 4445/6945/6180 4414/6900/6149 2163/5705/5144 4447/6947/6182
f 4445/6945/6180 4447/6947/6182 3428/6325/5664 3427/6324/5663
f 4448/6948/6183 4420/6906/6155 4419/6905/6154 4449/6949/6184
f 4448/6948/6183 4449/6949/6184 3432/6330/5668 3431/6329/5667
f 4448/6948/6183 3431/6329/5667 3435/6336/5671 4450/6950/6185
f 4448/6948/6183 4450/6950/6185 2169/5711/5150 4420/6906/6155
f 4451/6951/6186 4422/6908/6157 4415/6901/6150 4446/6946/6181
f 4451/6951/6186 4446/6946/6181 3426/6323/5662 3437/6338/5673
f 4451/6951/6186 3437/6338/5673 3352/6243/5594 3351/6242/5593
f 4451/6951/6186 3351/6242/5593 3350/6241/5592 4422/6908/6157
f 4452/6952/6187 3443/6344/5679 3432/6330/5668 4449/6949/6184
f 4452/6952/6187 4449/6949/6184 4419/6905/6154 4426/6912/6161
f 4452/6952/6187 4426/6912/6161 3360/6251/5602 3359/6250/5601
f 4452/6952/6187 3359/6250/5601 3358/6249/5600 3443/6344/5679
f 4453/6953/6188 4447/6947/6182 2163/5705/5144 2162/5704/5143
f 4453/6953/6188 2162/5704/5143 2151/5693/5132 4454/6954/6189
f 4453/6953/6188 4454/6954/6189 4435/6931/6170 4442/6941/6177
f 4453/6953/6188 4442/6941/6177 3428/6325/5664 4447/6947/6182
f 4455/6955/6190 4456/6956/6191 2157/5699/5138 2170/5712/5151
f 4455/6955/6190 2170/5712/5151 2169/5711/5150 4450/6950/6185
f 4455/6955/6190 4450/6950/6185 3435/6336/5671 4444/6944/6179
f 4455/6955/6190 4444/6944/6179 4440/6938/6175 4456/6956/6191
f 4457/6957/6192 4454/6954/6189 2151/5693/5132 2150/5692/5131
f 4457/6957/6192 2150/5692/5131 2130/5669/5115 2129/5668/5114
f 4457/6957/6192 2129/5668/5114 2128/5667/5113 4436/6932/6171
f 4457/6957/6192 4436/6932/6171 4435/6931/6170 4454/6954/6189
f 4458/6958/6193 2135/5677/5120 2134/5676/5119 2158/5700/5139
f 4458/6958/6193 2158/5700/5139 2157/5699/5138 4456/6956/6191
f 4458/6958/6193 4456/6956/6191 4440/6938/6175 4439/6937/6174
f 4458/6958/6193 4439/6937/6174 2136/5678/5121 2135/5677/5120
f 4459/6959/6194 4392/6866/6127 4372/6842/6107 4371/6841/6106
f 4459/6959/6194 4371/6841/6106 4370/6840/6105 4460/6960/6195
f 4459/6959/6194 4460/6960/6195 2269/6961/5244 4404/6962/6139
f 4459/6959/6194 4404/6962/6139 4393/6867/6128 4392/6866/6127
f 4461/6963/6196 4462/6964/6197 4378/6848/6113 4377/6847/6112
f 4461/6963/6196 4377/6847/6112 4376/6846/6111 4399/6874/6134
f 4461/6963/6196 4399/6874/6134 4398/6873/6133 4408/6965/6143
f 4461/6963/6196 4408/6965/6143 2276/6966/5251 4462/6964/6197
f 4463/6967/6198 4460/6960/6195 4370/6840/6105 4464/6968/6199
f 4463/6967/6198 4464/6968/6199 2259/5807/5234 2258/5806/5233
f 4463/6967/6198 2258/5806/5233 2211/5805/5186 2270/6969/5245
f 4463/6967/6198 2270/6969/5245 2269/6961/5244 4460/6960/6195
f 4465/6970/6200 2262/5810/5237 2264/5814/5239 4466/6971/6201
f 4465/6970/6200 4466/6971/6201 4378/6848/6113 4462/6964/6197
f 4465/6970/6200 4462/6964/6197 2276/6966/5251 2275/6972/5250
f 4465/6970/6200 2275/6972/5250 2218/5811/5193 2262/5810/5237
f 4467/6973/6202 4468/6974/6203 2241/5785/5216 2260/5808/5235
f 4467/6973/6202 2260/5808/5235 2259/5807/5234 4469/6975/6204
f 4467/6973/6202 4469/6975/6204 3516/6433/5752 3525/6442/5761
f 4467/6973/6202 3525/6442/5761 3524/6441/5760 4468/6974/6203
f 4470/6976/6205 4471/6977/6206 2264/5814/5239 2263/5813/5238
f 4470/6976/6205 2263/5813/5238 2246/5792/5221 4472/6978/6207
f 4470/6976/6205 4472/6978/6207 3529/6446/5765 3528/6445/5764
f 4470/6976/6205 3528/6445/5764 3521/6438/5757 4471/6977/6206
f 4473/6979/6208 4469/6975/6204 2259/5807/5234 4464/6968/6199
f 4473/6979/6208 4464/6968/6199 4370/6840/6105 4369/6839/6104
f 4473/6979/6208 4369/6839/6104 3508/6425/5744 3517/6434/5753
f 4473/6979/6208 3517/6434/5753 3516/6433/5752 4469/6975/6204
f 4474/6980/6209 4374/6844/6109 4378/6848/6113 4466/6971/6201
f 4474/6980/6209 4466/6971/6201 2264/5814/5239 4471/6977/6206
f 4474/6980/6209 4471/6977/6206 3521/6438/5757 3520/6437/5756
f 4474/6980/6209 3520/6437/5756 3513/6430/5749 4374/6844/6109
f 6034/6981/6210 4250/6688/5985 3082/6687/5324 3081/6982/5323
f 6034/6981/6210 3081/6982/5323 3074/6983/5316 6035/6984/6211
f 6034/6981/6210 6035/6984/6211 4071/6487/5806 4070/6486/5805
f 6034/6981/6210 4070/6486/5805 4063/6479/5798 4250/6688/5985
f 6036/6985/6212 6037/6986/6213 3079/6987/5321 3089/6988/5331
f 6036/6985/6212 3089/6988/5331 3088/6692/5330 4252/6691/5987
f 6036/6985/6212 4252/6691/5987 4067/6483/5802 4076/6492/5811
f 6036/6985/6212 4076/6492/5811 4075/6491/5810 6037/6986/6213
f 6038/6989/6214 6035/6984/6211 3074/6983/5316 3073/6990/5315
f 6038/6989/6214 3073/6990/5315 3067/6991/5309 6039/6992/6215
f 6038/6989/6214 6039/6992/6215 4080/6496/5815 4079/6495/5814
f 6038/6989/6214 4079/6495/5814 4071/6487/5806 6035/6984/6211
f 6040/6993/6216 6041/6994/6217 3070/6995/5312 3077/6996/5319
f 6040/6993/6216 3077/6996/5319 3079/6987/5321 6037/6986/6213
f 6040/6993/6216 6037/6986/6213 4075/6491/5810 4084/6500/5819
f 6040/6993/6216 4084/6500/5819 4083/6499/5818 6041/6994/6217
f 6042/6997/6218 6039/6992/6215 3067/6991/5309 3066/6998/5308
f 6042/6997/6218 3066/6998/5308 3054/6999/5296 6043/7000/6219
f 6042/6997/6218 6043/7000/6219 4092/6508/5827 4091/6507/5826
f 6042/6997/6218 4091/6507/5826 4080/6496/5815 6039/6992/6215
f 6044/7001/6220 6045/7002/6221 3060/7003/5302 3071/7004/5313
f 6044/7001/6220 3071/7004/5313 3070/6995/5312 6041/6994/6217
f 6044/7001/6220 6041/6994/6217 4083/6499/5818 4096/6512/5831
f 6044/7001/6220 4096/6512/5831 4095/6511/5830 6045/7002/6221
f 6046/7005/6222 6043/7000/6219 3054/6999/5296 3053/7006/5295
f 6046/7005/6222 3053/7006/5295 3046/7007/5288 6047/7008/6223
f 6046/7005/6222 6047/7008/6223 4108/6524/5843 4107/6523/5842
f 6046/7005/6222 4107/6523/5842 4092/6508/5827 6043/7000/6219
f 6048/7009/6224 6049/7010/6225 3051/7011/5293 3061/7012/5303
f 6048/7009/6224 3061/7012/5303 3060/7003/5302 6045/7002/6221
f 6048/7009/6224 6045/7002/6221 4095/6511/5830 4112/6528/5847
f 6048/7009/6224 4112/6528/5847 4116/6532/5851 6049/7010/6225
f 6050/7013/6226 6047/7008/6223 3046/7007/5288 3045/7014/5287
f 6050/7013/6226 3045/7014/5287 3039/6574/5281 4157/6573/5892
f 6050/7013/6226 4157/6573/5892 4127/6543/5862 4152/6568/5887
f 6050/7013/6226 4152/6568/5887 4108/6524/5843 6047/7008/6223
f 6051/7015/6227 4161/6582/5896 3042/6581/5284 3049/7016/5291
f 6051/7015/6227 3049/7016/5291 3051/7011/5293 6049/7010/6225
f 6051/7015/6227 6049/7010/6225 4116/6532/5851 4154/6570/5889
f 6051/7015/6227 4154/6570/5889 4131/6547/5866 4161/6582/5896
f 6080/7017/6228 3523/6440/5759 3412/6307/354 6011/7018/810
f 6080/7017/6228 6011/7018/810 6010/7019/809 6081/7020/6229
f 6080/7017/6228 6081/7020/6229 6082/7021/6230 6083/7022/6231
f 6080/7017/6228 6083/7022/6231 3524/6441/5760 3523/6440/5759
f 6084/7023/6232 4468/6974/6203 3524/6441/5760 6083/7022/6231
f 6084/7023/6232 6083/7022/6231 6082/7021/6230 6085/7024/6233
f 6084/7023/6232 6085/7024/6233 2255/5801/5230 2254/5800/5229
f 6084/7023/6232 2254/5800/5229 2241/5785/5216 4468/6974/6203
f 6086/7025/6234 4350/6812/6085 3022/5843/5264 4342/6802/6077
f 6086/7025/6234 4342/6802/6077 4321/6801/6056 4331/7026/6066
f 6086/7025/6234 4331/7026/6066 4334/6813/6069 4350/6812/6085
f 6087/7027/6235 4328/6778/6063 3035/5856/5277 4354/6818/6089
f 6087/7027/6235 4354/6818/6089 4338/6817/6073 4337/7028/6072
f 6087/7027/6235 4337/7028/6072 4325/6779/6060 4328/6778/6063
f 6283/7029/6236 3327/6214/5569 3326/6213/5568 3381/6276/5623
f 6283/7029/6236 3381/6276/5623 3319/6206/5561 3318/6205/5560
f 6283/7029/6236 3318/6205/5560 3230/6080/5472 3229/6079/5471
f 6283/7029/6236 3229/6079/5471 3214/6055/5456 3327/6214/5569
f 6284/7030/6237 3323/6210/5565 3322/6209/5564 3387/6282/5629
f 6284/7030/6237 3387/6282/5629 3332/6221/5574 3331/6220/5573
f 6284/7030/6237 3331/6220/5573 3223/6069/5465 3233/6084/5475
f 6284/7030/6237 3233/6084/5475 3235/6088/5477 3323/6210/5565
f 6370/7031/6238 6371/7032/6239 2237/5779/5212 2236/5778/5211
f 6370/7031/6238 2236/5778/5211 2235/5777/5210 6372/7033/6240
f 6370/7031/6238 6372/7033/6240 2251/7034/5226 2250/7035/5225
f 6370/7031/6238 2250/7035/5225 2249/7036/5224 6371/7032/6239
f 6373/7037/6241 6374/7038/6242 2246/5792/5221 2245/5791/5220
f 6373/7037/6241 2245/5791/5220 2237/5779/5212 6371/7032/6239
f 6373/7037/6241 6371/7032/6239 2249/7036/5224 2256/7039/5231
f 6373/7037/6241 2256/7039/5231 2255/7040/5230 6374/7038/6242
f 6375/7041/6243 6372/7033/6240 2235/5777/5210 2280/5834/5255
f 6375/7041/6243 2280/5834/5255 2190/5833/5165 6376/7042/6244
f 6375/7041/6243 6376/7042/6244 2283/7043/5258 2282/7044/5257
f 6375/7041/6243 2282/7044/5257 2251/7034/5226 6372/7033/6240
f 6441/7045/6245 6428/7046/878 3423/6318/365 3527/6444/5763
f 6441/7045/6245 3527/6444/5763 3529/6446/5765 6442/7047/6246
f 6441/7045/6245 6442/7047/6246 6082/7048/6230 6081/7049/6229
f 6441/7045/6245 6081/7049/6229 6010/7050/809 6428/7046/878
f 6443/7051/6247 6442/7047/6246 3529/6446/5765 4472/6978/6207
f 6443/7051/6247 4472/6978/6207 2246/5792/5221 6374/7038/6242
f 6443/7051/6247 6374/7038/6242 2255/7040/5230 6085/7052/6233
f 6443/7051/6247 6085/7052/6233 6082/7048/6230 6442/7047/6246
usemtl tail
f 5796/7053/6248 5797/7054/6249 5798/7055/6250 5799/7056/6251
f 5796/7053/6248 5799/7056/6251 5800/7057/6252 5801/7058/6253
f 5796/7053/6248 5801/7058/6253 5802/7059/6254 5803/7060/6255
f 5796/7053/6248 5803/7060/6255 5804/7061/6256 5797/7054/6249
f 5805/7062/6257 5806/7063/6258 5807/7064/6259 5808/7065/6260
f 5805/7062/6257 5808/7065/6260 5809/7066/6261 5810/7067/6262
f 5805/7062/6257 5810/7067/6262 5811/7068/6263 5812/7069/6264
f 5805/7062/6257 5812/7069/6264 5813/7070/6265 5806/7063/6258
f 5814/7071/6266 5815/7072/6267 5798/7055/6250 5797/7054/6249
f 5814/7071/6266 5797/7054/6249 5804/7061/6256 5816/7073/6268
f 5814/7071/6266 5816/7073/6268 5817/7074/6269 5818/7075/6270
f 5814/7071/6266 5818/7075/6270 5819/7076/6271 5815/7072/6267
f 5820/7077/6272 5821/7078/6273 5811/7068/6263 5810/7067/6262
f 5820/7077/6272 5810/7067/6262 5809/7066/6261 5822/7079/6274
f 5820/7077/6272 5822/7079/6274 5823/7080/6275 5824/7081/6276
f 5820/7077/6272 5824/7081/6276 5825/7082/6277 5821/7078/6273
f 5826/7083/6278 5827/7084/6279 5819/7076/6271 5818/7075/6270
f 5826/7083/6278 5818/7075/6270 5817/7074/6269 5828/7085/6280
f 5826/7083/6278 5828/7085/6280 5829/7086/6281 5830/7087/6282
f 5826/7083/6278 5830/7087/6282 5831/7088/6283 5827/7084/6279
f 5832/7089/6284 5833/7090/6285 5825/7082/6277 5824/7081/6276
f 5832/7089/6284 5824/7081/6276 5823/7080/6275 5834/7091/6286
f 5832/7089/6284 5834/7091/6286 5835/7092/6287 5836/7093/6288
f 5832/7089/6284 5836/7093/6288 5837/7094/6289 5833/7090/6285
f 5838/7095/6290 5839/7096/6291 5831/7088/6283 5830/7087/6282
f 5838/7095/6290 5830/7087/6282 5829/7086/6281 5840/7097/6292
f 5838/7095/6290 5840/7097/6292 5841/7098/6293 5842/7099/6294
f 5838/7095/6290 5842/7099/6294 5843/7100/6295 5839/7096/6291
f 5844/7101/6296 5845/7102/6297 5837/7094/6289 5836/7093/6288
f 5844/7101/6296 5836/7093/6288 5835/7092/6287 5846/7103/6298
f 5844/7101/6296 5846/7103/6298 5847/7104/6299 5848/7105/6300
f 5844/7101/6296 5848/7105/6300 5849/7106/6301 5845/7102/6297
f 5850/7107/6302 5851/7108/6303 5843/7100/6295 5842/7099/6294
f 5850/7107/6302 5842/7099/6294 5841/7098/6293 5852/7109/6304
f 5850/7107/6302 5852/7109/6304 5853/7110/6305 5854/7111/6306
f 5850/7107/6302 5854/7111/6306 5855/7112/6307 5851/7108/6303
f 5856/7113/6308 5857/7114/6309 5849/7106/6301 5848/7105/6300
f 5856/7113/6308 5848/7105/6300 5847/7104/6299 5858/7115/6310
f 5856/7113/6308 5858/7115/6310 5859/7116/6311 5860/7117/6312
f 5856/7113/6308 5860/7117/6312 5861/7118/6313 5857/7114/6309
f 5862/7119/6314 5840/7097/6292 5829/7086/6281 5863/7120/6315
f 5862/7119/6314 5863/7120/6315 5864/7121/6316 5865/7122/6317
f 5862/7119/6314 5865/7122/6317 5866/7123/6318 5867/7124/6319
f 5862/7119/6314 5867/7124/6319 5841/7098/6293 5840/7097/6292
f 5868/7125/6320 5869/7126/6321 5870/7127/6322 5871/7128/6323
f 5868/7125/6320 5871/7128/6323 5837/7094/6289 5845/7102/6297
f 5868/7125/6320 5845/7102/6297 5849/7106/6301 5872/7129/6324
f 5868/7125/6320 5872/7129/6324 5873/7130/6325 5869/7126/6321
f 5874/7131/6326 5875/7132/6327 5864/7121/6316 5863/7120/6315
f 5874/7131/6326 5863/7120/6315 5829/7086/6281 5828/7085/6280
f 5874/7131/6326 5828/7085/6280 5817/7074/6269 5876/7133/6328
f 5874/7131/6326 5876/7133/6328 5877/7134/6329 5875/7132/6327
f 5878/7135/6330 5833/7090/6285 5837/7094/6289 5871/7128/6323
f 5878/7135/6330 5871/7128/6323 5870/7127/6322 5879/7136/6331
f 5878/7135/6330 5879/7136/6331 5880/7137/6332 5881/7138/6333
f 5878/7135/6330 5881/7138/6333 5825/7082/6277 5833/7090/6285
f 5882/7139/6334 5883/7140/6335 5877/7134/6329 5876/7133/6328
f 5882/7139/6334 5876/7133/6328 5817/7074/6269 5816/7073/6268
f 5882/7139/6334 5816/7073/6268 5804/7061/6256 5884/7141/6336
f 5882/7139/6334 5884/7141/6336 5885/7142/6337 5883/7140/6335
f 5886/7143/6338 5821/7078/6273 5825/7082/6277 5881/7138/6333
f 5886/7143/6338 5881/7138/6333 5880/7137/6332 5887/7144/6339
f 5886/7143/6338 5887/7144/6339 5888/7145/6340 5889/7146/6341
f 5886/7143/6338 5889/7146/6341 5811/7068/6263 5821/7078/6273
f 5890/7147/6342 5884/7141/6336 5804/7061/6256 5803/7060/6255
f 5890/7147/6342 5803/7060/6255 5802/7059/6254 5891/7148/6343
f 5890/7147/6342 5891/7148/6343 5892/7149/6344 5893/7150/6345
f 5890/7147/6342 5893/7150/6345 5885/7142/6337 5884/7141/6336
f 5894/7151/6346 5895/7152/6347 5813/7070/6265 5812/7069/6264
f 5894/7151/6346 5812/7069/6264 5811/7068/6263 5889/7146/6341
f 5894/7151/6346 5889/7146/6341 5888/7145/6340 5896/7153/6348
f 5894/7151/6346 5896/7153/6348 5897/7154/6349 5895/7152/6347
f 5898/7155/6350 5801/7058/6253 5800/7057/6252 5899/7156/6351
f 5898/7155/6350 5899/7156/6351 1770/7157/15 2174/7158/345
f 5898/7155/6350 2174/7158/345 2141/7159/344 5900/7160/6352
f 5898/7155/6350 5900/7160/6352 5802/7059/6254 5801/7058/6253
f 5901/7161/6353 2176/7162/347 2178/7163/351 5902/7164/6354
f 5901/7161/6353 5902/7164/6354 5807/7064/6259 5806/7063/6258
f 5901/7161/6353 5806/7063/6258 5813/7070/6265 5903/7165/6355
f 5901/7161/6353 5903/7165/6355 2148/7166/348 2176/7162/347
f 5904/7167/6356 5899/7156/6351 5800/7057/6252 5905/7168/6357
f 5904/7167/6356 5905/7168/6357 5906/7169/6358 5907/7170/6359
f 5904/7167/6356 5907/7170/6359 1772/7171/17 1771/7172/16
f 5904/7167/6356 1771/7172/16 1770/7157/15 5899/7156/6351
f 5908/7173/6360 5875/7132/6327 5877/7134/6329 5909/7174/6361
f 5908/7173/6360 5909/7174/6361 5910/7175/6362 5911/7176/6363
f 5908/7173/6360 5911/7176/6363 5912/7177/6364 5913/7178/6365
f 5908/7173/6360 5913/7178/6365 5864/7121/6316 5875/7132/6327
f 5914/7179/6366 5883/7140/6335 5885/7142/6337 5915/7180/6367
f 5914/7179/6366 5915/7180/6367 5916/7181/6368 5917/7182/6369
f 5914/7179/6366 5917/7182/6369 5910/7175/6362 5909/7174/6361
f 5914/7179/6366 5909/7174/6361 5877/7134/6329 5883/7140/6335
f 5918/7183/6370 5893/7150/6345 5892/7149/6344 5919/7184/6371
f 5918/7183/6370 5919/7184/6371 5920/7185/6372 5921/7186/6373
f 5918/7183/6370 5921/7186/6373 5916/7181/6368 5915/7180/6367
f 5918/7183/6370 5915/7180/6367 5885/7142/6337 5893/7150/6345
f 5922/7187/6374 5923/7188/6375 2183/7189/5158 2284/7190/5259
f 5922/7187/6374 2284/7190/5259 2283/7191/5258 5924/7192/6376
f 5922/7187/6374 5924/7192/6376 5920/7185/6372 5919/7184/6371
f 5922/7187/6374 5919/7184/6371 5892/7149/6344 5923/7188/6375
f 5925/7193/6377 5923/7188/6375 5892/7149/6344 5891/7148/6343
f 5925/7193/6377 5891/7148/6343 5802/7059/6254 5900/7160/6352
f 5925/7193/6377 5900/7160/6352 2141/7159/344 2184/7194/5159
f 5925/7193/6377 2184/7194/5159 2183/7189/5158 5923/7188/6375
f 5926/7195/6378 5903/7165/6355 5813/7070/6265 5895/7152/6347
f 5926/7195/6378 5895/7152/6347 5897/7154/6349 5927/7196/6379
f 5926/7195/6378 5927/7196/6379 2190/7197/5165 2189/7198/5164
f 5926/7195/6378 2189/7198/5164 2148/7166/348 5903/7165/6355
f 5928/7199/6380 5799/7056/6251 5798/7055/6250 5929/7200/6381
f 5928/7199/6380 5929/7200/6381 5930/7201/6382 5931/7202/6383
f 5928/7199/6380 5931/7202/6383 5906/7169/6358 5905/7168/6357
f 5928/7199/6380 5905/7168/6357 5800/7057/6252 5799/7056/6251
f 5932/7203/6384 5815/7072/6267 5819/7076/6271 5933/7204/6385
f 5932/7203/6384 5933/7204/6385 5934/7205/6386 5935/7206/6387
f 5932/7203/6384 5935/7206/6387 5930/7201/6382 5929/7200/6381
f 5932/7203/6384 5929/7200/6381 5798/7055/6250 5815/7072/6267
f 5936/7207/6388 5827/7084/6279 5831/7088/6283 5937/7208/6389
f 5936/7207/6388 5937/7208/6389 5938/7209/6390 5939/7210/6391
f 5936/7207/6388 5939/7210/6391 5934/7205/6386 5933/7204/6385
f 5936/7207/6388 5933/7204/6385 5819/7076/6271 5827/7084/6279
f 5940/7211/6392 5839/7096/6291 5843/7100/6295 5941/7212/6393
f 5940/7211/6392 5941/7212/6393 5942/7213/6394 5943/7214/6395
f 5940/7211/6392 5943/7214/6395 5938/7209/6390 5937/7208/6389
f 5940/7211/6392 5937/7208/6389 5831/7088/6283 5839/7096/6291
f 5944/7215/6396 5851/7108/6303 5855/7112/6307 5945/7216/6397
f 5944/7215/6396 5945/7216/6397 5946/7217/6398 5947/7218/6399
f 5944/7215/6396 5947/7218/6399 5942/7213/6394 5941/7212/6393
f 5944/7215/6396 5941/7212/6393 5843/7100/6295 5851/7108/6303
f 5948/7219/6400 5854/7111/6306 5853/7110/6305 5949/7220/6401
f 5948/7219/6400 5949/7220/6401 5950/7221/6402 5951/7222/6403
f 5948/7219/6400 5951/7222/6403 5946/7217/6398 5945/7216/6397
f 5948/7219/6400 5945/7216/6397 5855/7112/6307 5854/7111/6306
f 5952/7223/6404 5852/7109/6304 5841/7098/6293 5867/7124/6319
f 5952/7223/6404 5867/7124/6319 5866/7123/6318 5953/7224/6405
f 5952/7223/6404 5953/7224/6405 5954/7225/6406 5955/7226/6407
f 5952/7223/6404 5955/7226/6407 5853/7110/6305 5852/7109/6304
f 5956/7227/6408 5957/7228/6409 5873/7130/6325 5872/7129/6324
f 5956/7227/6408 5872/7129/6324 5849/7106/6301 5857/7114/6309
f 5956/7227/6408 5857/7114/6309 5861/7118/6313 5958/7229/6410
f 5956/7227/6408 5958/7229/6410 5959/7230/6411 5957/7228/6409
f 5960/7231/6412 5865/7122/6317 5864/7121/6316 5913/7178/6365
f 5960/7231/6412 5913/7178/6365 5912/7177/6364 5961/7232/6413
f 5960/7231/6412 5961/7232/6413 5962/7233/6414 5963/7234/6415
f 5960/7231/6412 5963/7234/6415 5866/7123/6318 5865/7122/6317
f 5964/7235/6416 5953/7224/6405 5866/7123/6318 5963/7234/6415
f 5964/7235/6416 5963/7234/6415 5962/7233/6414 5965/7236/6417
f 5964/7235/6416 5965/7236/6417 5966/7237/6418 5967/7238/6419
f 5964/7235/6416 5967/7238/6419 5954/7225/6406 5953/7224/6405
f 5968/7239/6420 5955/7226/6407 5954/7225/6406 5967/7238/6419
f 5968/7239/6420 5967/7238/6419 5966/7237/6418 5969/7240/6421
f 5968/7239/6420 5969/7240/6421 5950/7221/6402 5949/7220/6401
f 5968/7239/6420 5949/7220/6401 5853/7110/6305 5955/7226/6407
f 6399/7241/6422 6400/7242/6423 5807/7064/6259 5902/7164/6354
f 6399/7241/6422 5902/7164/6354 2178/7163/351 6344/7243/840
f 6399/7241/6422 6344/7243/840 1772/7244/17 5907/7245/6359
f 6399/7241/6422 5907/7245/6359 5906/7246/6358 6400/7242/6423
f 6401/7247/6424 6402/7248/6425 5880/7137/6332 5879/7136/6331
f 6401/7247/6424 5879/7136/6331 5870/7127/6322 6403/7249/6426
f 6401/7247/6424 6403/7249/6426 5912/7250/6364 5911/7251/6363
f 6401/7247/6424 5911/7251/6363 5910/7252/6362 6402/7248/6425
f 6404/7253/6427 6405/7254/6428 5888/7145/6340 5887/7144/6339
f 6404/7253/6427 5887/7144/6339 5880/7137/6332 6402/7248/6425
f 6404/7253/6427 6402/7248/6425 5910/7252/6362 5917/7255/6369
f 6404/7253/6427 5917/7255/6369 5916/7256/6368 6405/7254/6428
f 6406/7257/6429 6407/7258/6430 5897/7154/6349 5896/7153/6348
f 6406/7257/6429 5896/7153/6348 5888/7145/6340 6405/7254/6428
f 6406/7257/6429 6405/7254/6428 5916/7256/6368 5921/7259/6373
f 6406/7257/6429 5921/7259/6373 5920/7260/6372 6407/7258/6430
f 6408/7261/6431 6376/7262/6244 2190/7197/5165 5927/7196/6379
f 6408/7261/6431 5927/7196/6379 5897/7154/6349 6407/7258/6430
f 6408/7261/6431 6407/7258/6430 5920/7260/6372 5924/7263/6376
f 6408/7261/6431 5924/7263/6376 2283/7264/5258 6376/7262/6244
f 6409/7265/6432 6410/7266/6433 5809/7066/6261 5808/7065/6260
f 6409/7265/6432 5808/7065/6260 5807/7064/6259 6400/7242/6423
f 6409/7265/6432 6400/7242/6423 5906/7246/6358 5931/7267/6383
f 6409/7265/6432 5931/7267/6383 5930/7268/6382 6410/7266/6433
f 6411/7269/6434 6412/7270/6435 5823/7080/6275 5822/7079/6274
f 6411/7269/6434 5822/7079/6274 5809/7066/6261 6410/7266/6433
f 6411/7269/6434 6410/7266/6433 5930/7268/6382 5935/7271/6387
f 6411/7269/6434 5935/7271/6387 5934/7272/6386 6412/7270/6435
f 6413/7273/6436 6414/7274/6437 5835/7092/6287 5834/7091/6286
f 6413/7273/6436 5834/7091/6286 5823/7080/6275 6412/7270/6435
f 6413/7273/6436 6412/7270/6435 5934/7272/6386 5939/7275/6391
f 6413/7273/6436 5939/7275/6391 5938/7276/6390 6414/7274/6437
f 6415/7277/6438 6416/7278/6439 5847/7104/6299 5846/7103/6298
f 6415/7277/6438 5846/7103/6298 5835/7092/6287 6414/7274/6437
f 6415/7277/6438 6414/7274/6437 5938/7276/6390 5943/7279/6395
f 6415/7277/6438 5943/7279/6395 5942/7280/6394 6416/7278/6439
f 6417/7281/6440 6418/7282/6441 5859/7116/6311 5858/7115/6310
f 6417/7281/6440 5858/7115/6310 5847/7104/6299 6416/7278/6439
f 6417/7281/6440 6416/7278/6439 5942/7280/6394 5947/7283/6399
f 6417/7281/6440 5947/7283/6399 5946/7284/6398 6418/7282/6441
f 6419/7285/6442 6420/7286/6443 5861/7118/6313 5860/7117/6312
f 6419/7285/6442 5860/7117/6312 5859/7116/6311 6418/7282/6441
f 6419/7285/6442 6418/7282/6441 5946/7284/6398 5951/7287/6403
f 6419/7285/6442 5951/7287/6403 5950/7288/6402 6420/7286/6443
f 6421/7289/6444 6403/7249/6426 5870/7127/6322 5869/7126/6321
f 6421/7289/6444 5869/7126/6321 5873/7130/6325 6422/7290/6445
f 6421/7289/6444 6422/7290/6445 5962/7291/6414 5961/7292/6413
f 6421/7289/6444 5961/7292/6413 5912/7250/6364 6403/7249/6426
f 6423/7293/6446 6422/7290/6445 5873/7130/6325 5957/7228/6409
f 6423/7293/6446 5957/7228/6409 5959/7230/6411 6424/7294/6447
f 6423/7293/6446 6424/7294/6447 5966/7295/6418 5965/7296/6417
f 6423/7293/6446 5965/7296/6417 5962/7291/6414 6422/7290/6445
f 6425/7297/6448 6424/7294/6447 5959/7230/6411 5958/7229/6410
f 6425/7297/6448 5958/7229/6410 5861/7118/6313 6420/7286/6443
f 6425/7297/6448 6420/7286/6443 5950/7288/6402 5969/7298/6421
f 6425/7297/6448 5969/7298/6421 5966/7295/6418 6424/7294/6447
